tipo_credito,capital_prestado,plazo_meses,edad_cliente,tipo_laboral,salario_cliente,total_otros_prestamos,cuota_pactada,puntaje,puntaje_datacredito,cant_creditosvigentes,huella_consulta,creditos_sectorFinanciero,creditos_sectorCooperativo,creditos_sectorReal,promedio_ingresos_datacredito,tendencia_ingresos,edad_atipica,sin_promedio_ingresos,ratio_cuota_salario,mes_prestamo,trimestre_prestamo,total_creditos_sector,categoria_riesgo_score,prediccion_proba,Pago_atiempo
9,13.787781023591606,10,39,Empleado,15.068273812173887,14.508658238524095,82712,91.99794,814.0,3,9,3,0,0,14.852050615034322,Creciente,0,0,0.023632,5,2,3,riesgo_bajo,0.9672441,1
4,14.341649334635852,6,63,Empleado,15.123843647884687,13.815511557963774,251609,95.227787,901.0,5,2,2,0,1,15.30958924493936,Decreciente,0,0,0.06800243243243244,5,2,3,riesgo_muy_bajo,0.9676297,1
4,13.641158361294979,6,60,Empleado,14.914123179965662,14.508658238524095,124876,95.227787,789.0,3,1,0,0,2,13.752589927335745,Creciente,0,0,0.041625333333333334,4,2,2,riesgo_bajo,0.9683735,1
4,14.48334044336031,12,55,Independiente,15.150511887854474,14.403297778421795,155553,95.227787,834.0,4,3,2,0,0,13.755537598769623,Creciente,0,0,0.040935,5,2,2,riesgo_bajo,0.9682938,1
9,14.098860309451144,10,36,Empleado,15.039286283703994,14.220976332738882,113012,95.227787,796.0,5,2,5,0,0,14.296171570023217,Decreciente,0,0,0.033238823529411765,5,2,5,riesgo_bajo,0.968884,1
9,15.601275663505902,10,36,Independiente,14.914123179965662,14.285514812209815,509041,95.227787,775.0,4,6,2,0,1,13.776651219507292,Creciente,0,0,0.16968033333333332,8,3,3,riesgo_bajo,0.9665322,1
4,14.074701330690898,12,40,Empleado,14.220976332738882,12.611541086966115,101676,95.227787,737.0,5,5,2,0,3,14.000606595657421,Estable,0,0,0.067784,12,4,5,riesgo_bajo,0.96422344,1
4,15.096444681204078,36,42,Independiente,15.424948670398354,14.508658238524095,116400,95.227787,703.0,13,9,8,0,1,13.719579885694309,Estable,0,0,0.02328,12,4,9,riesgo_bajo,0.9546378,1
4,14.433756482573322,6,41,Independiente,15.201805169084134,0.0,275868,95.227787,834.0,5,1,3,1,0,13.755537598769623,Creciente,0,0,0.068967,4,2,4,riesgo_bajo,0.9650679,1
4,13.304686600863562,6,64,Independiente,13.815511557963774,12.429220196836383,89116,95.227787,777.0,2,2,1,0,1,14.001572610373936,Sin_dato,0,1,0.089116,2,1,2,riesgo_bajo,0.9637583,1
4,14.39176486905233,12,55,Independiente,13.815511557963774,11.51293546492023,139330,95.227787,841.0,3,1,1,0,2,13.719579885694309,Estable,0,0,0.13933,11,4,3,riesgo_bajo,0.96729094,1
9,14.55326306321683,10,46,Independiente,14.845130332288226,14.403297778421795,178021,95.227787,840.0,8,2,5,0,0,13.760675208425667,Creciente,0,0,0.06357892857142858,6,2,5,riesgo_bajo,0.96863514,1
4,14.219375052440284,12,36,Empleado,14.220976332738882,13.45883704259595,117804,95.227787,727.0,6,6,1,0,1,13.67701945772706,Creciente,0,0,0.078536,3,1,2,riesgo_bajo,0.9614659,1
9,13.948832853729572,10,37,Independiente,15.201805169084134,14.508658238524095,97064,58.597591,726.0,8,4,2,0,3,14.357835430184815,Decreciente,0,0,0.024266,4,2,5,riesgo_bajo,0.741104,0
9,15.809779567306517,6,41,Empleado,15.424948670398354,14.508658238524095,1004202,95.227787,784.0,12,4,10,0,0,13.764328836299624,Creciente,0,0,0.2008404,6,2,10,riesgo_bajo,0.96261793,1
4,14.930273257141165,6,42,Empleado,14.375126917328105,13.60725685067015,462836,95.227787,789.0,3,3,1,0,1,14.88276701737121,Decreciente,0,0,0.26447771428571426,9,3,2,riesgo_bajo,0.96593595,1
9,13.483976627811229,9,35,Empleado,14.603968372873895,14.077875591662238,67424,95.227787,897.0,6,5,4,0,1,14.001572610373936,Sin_dato,0,1,0.030647272727272728,7,3,5,riesgo_muy_bajo,0.9634022,1
4,13.87904951720626,6,26,Empleado,14.648420115681892,13.122365377402328,159058,95.227787,729.0,8,14,7,0,0,14.245296827569572,Creciente,0,0,0.06915565217391305,6,2,7,riesgo_bajo,0.9572232,1
4,14.486351289280359,10,34,Empleado,14.508658238524095,11.918397239722838,183330,95.227787,760.0,4,7,2,0,2,13.919871474189012,Decreciente,0,0,0.091665,7,3,4,riesgo_bajo,0.9666472,1
4,14.0225255403564,12,25,Empleado,14.45736497045232,13.304686600863562,97510,95.227787,764.0,1,6,1,0,0,13.815511557963774,Estable,0,0,0.05132105263157895,4,2,1,riesgo_bajo,0.9615966,1
4,15.206494157400762,12,54,Independiente,13.768695641707609,14.305929984322287,325492,95.227787,829.0,9,5,6,0,2,13.776651219507292,Creciente,0,0,0.35826382514094257,7,3,8,riesgo_bajo,0.96533227,1
4,14.533741006506153,8,59,Empleado,15.0112498598434,0.0,240911,95.227787,803.0,2,1,0,0,2,14.001572610373936,Sin_dato,0,1,0.0728708408953418,12,4,2,riesgo_bajo,0.9679445,1
9,15.831618106105145,10,27,Independiente,15.201805169084134,13.815511557963774,637550,95.227787,713.0,3,2,1,0,1,13.733860058485904,Creciente,0,0,0.1593875,2,1,2,riesgo_bajo,0.95175296,1
4,14.56144039825638,8,27,Empleado,14.80876270134486,13.815511557963774,239345,95.227787,754.0,2,8,1,0,1,13.883254249550793,Decreciente,0,0,0.08864629629629629,3,1,2,riesgo_bajo,0.95788807,1
4,14.330727127402945,12,30,Independiente,14.508658238524095,13.45883704259595,131408,95.227787,758.0,2,1,0,0,2,14.001572610373936,Sin_dato,0,1,0.065704,12,4,2,riesgo_bajo,0.96336204,1
4,13.982617795060978,12,45,Empleado,15.250595321348806,13.997832948091215,82075,95.227787,772.0,8,3,2,0,2,14.942497776852873,Decreciente,0,0,0.019541666666666666,1,1,4,riesgo_bajo,0.9676806,1
4,14.968611347572969,6,49,Independiente,15.360943353642055,15.0112498598434,476843,95.227787,779.0,6,12,5,0,0,14.001572610373936,Sin_dato,0,1,0.10167228144989339,8,3,5,riesgo_bajo,0.9499524,1
4,15.030233670106167,24,47,Empleado,15.74383861536544,14.634850204484668,161928,95.227787,893.0,4,3,2,0,1,14.177372724968894,Creciente,0,0,0.023542890375109045,12,4,3,riesgo_muy_bajo,0.9619243,1
4,14.788469294558592,36,55,Empleado,14.518113392589552,13.304686600863562,85255,95.227787,831.0,10,2,5,0,1,14.229665136368308,Creciente,0,0,0.042226349678058446,1,1,6,riesgo_bajo,0.9595057,1
4,13.998558684076137,6,40,Empleado,14.508658238524095,13.122365377402328,178957,95.227787,761.0,9,7,4,1,1,14.001572610373936,Sin_dato,0,1,0.0894785,3,1,6,riesgo_bajo,0.96363616,1
4,13.1791236008659,6,31,Empleado,14.705868318320872,12.77422616877261,80738,95.227787,725.0,3,8,0,1,0,15.06840894586145,Creciente,0,0,0.03314367816091954,12,4,1,riesgo_bajo,0.9489844,1
4,14.83117628797277,24,64,Empleado,14.731801689838349,13.304686600863562,122372,95.227787,780.0,4,6,4,0,0,13.505566516513149,Decreciente,0,0,0.0489488,3,1,4,riesgo_bajo,0.9644393,1
4,15.437596584701708,8,56,Empleado,16.118095750958314,14.508658238524095,578476,95.227787,775.0,2,3,2,0,0,15.119937380752818,Decreciente,0,0,0.0578476,5,2,2,riesgo_bajo,0.9590853,1
4,14.878039952039956,18,35,Independiente,14.508658238524095,13.122365377402328,160158,95.227787,788.0,1,0,1,0,0,14.001572610373936,Sin_dato,0,1,0.080079,4,2,1,riesgo_bajo,0.96305645,1
4,14.548782369943341,12,38,Empleado,15.201805169084134,12.899222326086994,144575,95.227787,777.0,1,11,1,0,0,15.285473966708759,Creciente,0,0,0.03614375,1,1,1,riesgo_bajo,0.9567251,1
9,13.985810982942656,3,38,Independiente,15.424948670398354,14.508658238524095,314957,95.227787,764.0,9,10,4,0,3,13.66828583820775,Decreciente,0,0,0.0629914,7,3,7,riesgo_bajo,0.94907415,1
4,14.395199076770643,12,43,Empleado,15.039286283703994,14.346139397261565,123992,95.227787,819.0,5,4,3,0,2,15.027451829558391,Estable,0,0,0.03646823529411765,1,1,5,riesgo_bajo,0.968036,1
4,14.769328646996453,6,24,Empleado,14.403297778421795,13.997832948091215,385517,95.227787,786.0,4,2,0,0,1,14.001572610373936,Sin_dato,0,1,0.21417611111111112,4,2,1,riesgo_bajo,0.95408887,1
4,15.765981860554193,6,41,Independiente,17.034386422832473,13.815511557963774,1047993,95.227787,865.0,5,1,4,0,0,14.089877881249407,Creciente,0,0,0.04191972,5,2,4,riesgo_muy_bajo,0.96358204,1
9,13.591968177128143,9,53,Independiente,14.914123179965662,13.815511557963774,74934,95.227787,742.0,6,3,2,0,0,13.760675208425667,Creciente,0,0,0.024978,6,2,2,riesgo_bajo,0.9665041,1
4,14.838925409432209,12,39,Empleado,14.731801689838349,12.765691290604371,193242,95.227787,878.0,8,2,5,1,0,14.765356368165818,Creciente,0,0,0.0772968,1,1,6,riesgo_muy_bajo,0.96874267,1
4,14.429615072309161,6,39,Independiente,14.508658238524095,13.592368256649284,274744,95.227787,810.0,5,4,0,2,2,13.74666838940678,Creciente,0,0,0.137372,5,2,4,riesgo_bajo,0.9627914,1
4,14.643888124541741,18,48,Independiente,14.467836264837162,13.064736383209516,129486,95.227787,765.0,5,4,0,2,3,14.001572610373936,Sin_dato,0,1,0.067440625,8,3,5,riesgo_bajo,0.96369475,1
9,14.684657270029613,10,24,Empleado,13.997832948091215,13.122365377402328,202274,95.227787,744.0,3,3,2,0,0,14.001572610373936,Sin_dato,0,1,0.16856166666666667,1,1,2,riesgo_bajo,0.95372397,1
9,14.053740534718278,2,28,Independiente,15.201805169084134,14.508658238524095,500431,95.227787,771.0,17,9,10,1,1,13.946539697563276,Creciente,0,0,0.12510775,4,2,12,riesgo_bajo,0.95901614,1
4,15.278766191701747,8,44,Independiente,15.424948670398354,14.508658238524095,490800,91.028987,763.0,4,10,1,0,1,13.744438741253175,Creciente,0,0,0.09816,3,1,2,riesgo_bajo,0.9462566,1
4,13.304686600863562,6,51,Independiente,14.576316854287645,11.127277689932466,90931,95.227787,736.0,2,2,0,0,1,14.001572610373936,Sin_dato,0,1,0.042491121495327105,10,4,1,riesgo_bajo,0.96113074,1
9,15.241518827904159,9,61,Independiente,14.914123179965662,14.914123179965662,388142,91.728786,794.0,16,4,15,0,0,14.523546843628687,Estable,0,0,0.12938066666666667,12,4,15,riesgo_bajo,0.95866925,1
4,13.79913948016163,10,51,Independiente,14.508658238524095,12.429220196836383,91130,95.227787,810.0,7,2,2,0,2,13.70285348707381,Creciente,0,0,0.045565,3,1,4,riesgo_bajo,0.96450394,1
4,13.916189029941847,8,57,Empleado,14.403297778421795,13.122365377402328,125266,95.227787,748.0,7,4,2,0,1,14.001572610373936,Sin_dato,0,1,0.06959222222222222,1,1,3,riesgo_bajo,0.9651328,1
9,15.355511657526884,11,31,Independiente,14.508658238524095,13.815511557963774,363954,95.227787,774.0,4,4,0,0,3,13.752589927335745,Creciente,0,0,0.181977,5,2,3,riesgo_bajo,0.9648493,1
4,14.513586074302534,12,36,Empleado,14.403297778421795,0.0,139575,95.227787,759.0,9,4,6,0,0,14.122084549025292,Decreciente,0,0,0.07754166666666666,1,1,6,riesgo_bajo,0.9666832,1
9,14.807671884802323,9,26,Independiente,14.907434194052001,14.042238079178894,252485,95.227787,748.0,6,3,1,0,2,14.001572610373936,Sin_dato,0,1,0.0847265100671141,5,2,3,riesgo_bajo,0.9562635,1
10,15.29943989445593,10,47,Independiente,14.375126917328105,12.899222326086994,407674,95.227787,759.0,3,10,1,0,2,14.001572610373936,Sin_dato,0,1,0.23295657142857143,12,4,3,riesgo_bajo,0.94712955,1
4,13.76716134656088,12,54,Empleado,13.997832948091215,13.592368256649284,74794,95.227787,836.0,1,2,0,1,0,14.248539599626982,Creciente,0,0,0.06232833333333333,12,4,1,riesgo_bajo,0.9679109,1
9,14.247717170120366,9,40,Independiente,15.163583966004193,14.790070575320824,144090,95.227787,842.0,3,5,1,1,0,13.442947201898663,Decreciente,0,0,0.03742597402597403,4,2,2,riesgo_bajo,0.9610463,1
9,15.267807196532573,11,25,Empleado,14.02089820202114,0.0,346834,47.613894,747.0,2,4,0,0,1,14.99246903911441,Decreciente,0,0,0.2824381107491857,12,4,1,riesgo_bajo,0.7118229,0
4,14.93823024736929,6,38,Empleado,16.52356082573315,15.424948670398354,455621,95.227787,855.0,9,4,6,0,0,16.060789216987462,Decreciente,0,0,0.030374733333333334,7,3,6,riesgo_muy_bajo,0.96386504,1
4,15.209475673478062,10,32,Independiente,14.731801689838349,13.122365377402328,373555,95.227787,810.0,6,6,1,0,4,13.719579885694309,Estable,0,0,0.149422,1,1,5,riesgo_bajo,0.9592875,1
4,14.652238900127083,10,48,Independiente,14.45736497045232,13.997832948091215,217661,95.227787,831.0,11,6,4,4,1,13.815511557963774,Estable,0,0,0.11455842105263157,6,2,9,riesgo_bajo,0.9677559,1
9,13.618532923638218,4,25,Independiente,15.424948670398354,14.508658238524095,165186,95.227787,698.0,6,8,3,0,2,13.719579885694309,Creciente,0,0,0.0330372,6,2,5,riesgo_medio,0.9474296,1
10,15.029057681865938,6,53,Empleado,13.815511557963774,12.206077645517674,499512,95.227787,791.0,1,0,0,0,0,13.673754578818578,Estable,0,0,0.499512,12,4,0,riesgo_bajo,0.949427,1
4,14.332875354659322,6,29,Independiente,16.300417291085605,15.607270193858982,250422,89.2295,712.0,4,6,3,0,0,14.412726515912727,Estable,0,0,0.0208685,6,2,3,riesgo_bajo,0.96030885,1
4,14.408285317168877,6,61,Independiente,14.513645777547573,13.845070331079134,273227,95.227787,764.0,6,2,3,0,3,14.001572610373936,Sin_dato,0,1,0.13593383084577115,9,3,6,riesgo_bajo,0.96216667,1
4,16.071796538541562,12,58,Independiente,16.300417291085605,15.201805169084134,751421,95.227787,903.0,7,4,7,0,0,13.74666838940678,Decreciente,0,0,0.06261841666666666,4,2,7,riesgo_muy_bajo,0.95767677,1
4,13.59248125012403,6,38,Empleado,13.768695641707609,11.51293546492023,119825,95.227787,798.0,3,3,0,0,3,13.760675208425667,Creciente,0,0,0.14978125,5,2,3,riesgo_bajo,0.9681111,1
4,14.899017669023435,24,35,Empleado,15.424948670398354,15.068273812173887,129480,95.227787,783.0,3,4,2,0,0,13.756640209011017,Creciente,0,0,0.025896,4,2,2,riesgo_bajo,0.96098256,1
4,15.28510715487325,6,46,Empleado,15.789591722875162,14.508658238524095,646306,5.267996,732.0,4,4,3,0,1,15.839994864373292,Creciente,0,0,0.08976472222222222,4,2,4,riesgo_bajo,0.7437551,0
4,14.180071029248513,6,38,Independiente,14.508658238524095,13.45883704259595,214056,95.227787,797.0,6,5,2,0,2,14.001572610373936,Sin_dato,0,1,0.107028,3,1,4,riesgo_bajo,0.96490955,1
4,14.62200579864353,6,41,Empleado,15.424948670398354,14.731801689838349,332707,95.227787,801.0,1,3,0,0,0,15.49362622557473,Creciente,0,0,0.0665414,1,1,0,riesgo_bajo,0.96010554,1
4,15.0030859566403,12,62,Empleado,16.52356082573315,15.607270193858982,227717,95.227787,883.0,5,3,4,0,0,16.060789216987462,Creciente,0,0,0.015181133333333333,1,1,4,riesgo_muy_bajo,0.9622349,1
9,15.374767020840116,10,48,Empleado,15.201805169084134,14.220976332738882,404804,95.227787,919.0,2,3,2,0,0,15.068273812173887,Estable,0,0,0.101201,6,2,2,riesgo_muy_bajo,0.96235996,1
9,14.288261036163805,2,32,Independiente,15.424948670398354,14.508658238524095,632696,95.227787,768.0,2,4,0,1,1,10.387373130123768,Creciente,0,0,0.1265392,3,1,2,riesgo_bajo,0.9519503,1
4,14.807517482397907,6,45,Independiente,15.76142084987672,15.201805169084134,399830,95.227787,787.0,9,4,6,0,2,13.71675705672712,Creciente,0,0,0.05711857142857143,1,1,8,riesgo_bajo,0.9556424,1
9,14.130845102200668,2,30,Independiente,15.424948670398354,14.508658238524095,540067,95.227787,707.0,6,0,2,0,4,14.001572610373936,Sin_dato,0,1,0.1080134,12,4,6,riesgo_bajo,0.9566342,1
4,14.429615072309161,6,50,Independiente,17.370858648025116,16.52356082573315,275411,95.227787,819.0,3,4,1,0,1,10.387373130123768,Creciente,0,0,0.007868885714285715,4,2,2,riesgo_bajo,0.95164406,1
9,14.109811527110503,9,30,Empleado,14.914123179965662,13.815511557963774,125349,95.227787,717.0,6,5,2,0,1,14.913672411868543,Creciente,0,0,0.041783,2,1,3,riesgo_bajo,0.96201473,1
4,14.641211591012032,24,25,Empleado,14.508658238524095,0.0,79288,95.227787,779.0,2,5,0,0,0,14.001572610373936,Sin_dato,0,1,0.039644,4,2,0,riesgo_bajo,0.931367,0
9,14.362749380577796,9,64,Empleado,15.068273812173887,14.220976332738882,161579,95.227787,827.0,1,2,0,0,0,14.001572610373936,Sin_dato,0,1,0.04616542857142857,3,1,0,riesgo_bajo,0.96452975,1
4,14.785789729058113,12,31,Empleado,15.274125813221904,13.122365377402328,183242,95.227787,791.0,7,3,4,0,2,14.923440634237924,Creciente,0,0,0.042614418604651164,1,1,6,riesgo_bajo,0.968316,1
4,14.249136080021435,12,27,Empleado,13.997832948091215,12.899222326086994,120810,95.227787,740.0,2,3,1,0,1,13.719579885694309,Estable,0,0,0.100675,12,4,2,riesgo_bajo,0.96430826,1
9,15.500417918180544,10,43,Independiente,15.814284332078001,13.197472705176983,480416,47.613894,858.0,8,2,7,0,0,14.001572610373936,Sin_dato,0,1,0.0650970189701897,2,1,7,riesgo_muy_bajo,0.7416626,0
4,15.306597498496728,12,34,Empleado,15.424948670398354,15.201805169084134,351137,95.227787,785.0,27,8,19,0,4,15.319588176962746,Estable,0,0,0.0702274,5,2,23,riesgo_bajo,0.95740014,1
4,13.448440341343295,6,61,Empleado,13.815511557963774,12.899222326086994,102894,95.227787,743.0,7,2,0,1,5,13.752589927335745,Creciente,0,0,0.102894,4,2,6,riesgo_bajo,0.96374565,1
4,13.824669486632418,6,24,Independiente,14.47303107901565,14.096923772119156,154732,95.227787,674.0,11,2,2,0,9,12.759885917095602,Creciente,0,0,0.0801720207253886,11,4,11,riesgo_medio,0.95838207,1
4,14.292837679853582,12,53,Empleado,14.285514812209815,13.384729180332174,128550,95.227787,847.0,7,3,0,5,2,14.144737323726618,Decreciente,0,0,0.08034375,5,2,7,riesgo_bajo,0.9686006,1
4,15.20938665495044,12,39,Empleado,15.607270193858982,14.845130332288226,279892,95.227787,826.0,8,4,6,2,0,15.44521863544057,Creciente,0,0,0.046648666666666665,1,1,8,riesgo_bajo,0.9646979,1
4,13.83531416565213,12,41,Empleado,14.220976332738882,13.592368256649284,80632,95.227787,771.0,4,3,1,0,2,14.295622921358298,Creciente,0,0,0.053754666666666666,3,1,3,riesgo_bajo,0.96733856,1
4,14.51662640420502,8,33,Empleado,14.731801689838349,13.997832948091215,228856,95.227787,781.0,6,2,3,1,0,13.736220566928477,Creciente,0,0,0.0915424,2,1,4,riesgo_bajo,0.96720046,1
4,14.539517150916259,6,43,Empleado,13.815511557963774,12.206077645517674,307888,95.227787,860.0,4,5,1,1,0,13.926128429476245,Creciente,0,0,0.307888,5,2,2,riesgo_muy_bajo,0.9659284,1
9,15.494329485214623,9,44,Independiente,15.201805169084134,14.845130332288226,500505,95.227787,730.0,4,0,1,0,2,14.001572610373936,Sin_dato,0,1,0.12512625,1,1,3,riesgo_bajo,0.95495,1
4,13.997832948091215,6,63,Empleado,15.404745967162468,14.115615891155079,179717,95.227787,796.0,4,3,1,0,2,14.001572610373936,Sin_dato,0,1,0.036676938775510204,5,2,3,riesgo_bajo,0.96688277,1
4,14.677286390597544,8,26,Empleado,14.914123179965662,12.611541086966115,269887,95.227787,751.0,3,1,0,0,1,14.001572610373936,Sin_dato,0,1,0.08996233333333334,6,2,1,riesgo_bajo,0.9593431,1
9,14.220304107293979,3,49,Independiente,15.201805169084134,14.508658238524095,397569,95.227787,801.0,3,2,0,0,1,14.429691909142395,Creciente,0,0,0.09939225,2,1,1,riesgo_bajo,0.9579666,1
4,14.754658462942263,12,37,Empleado,15.33283340078879,14.536759654779848,212859,95.227787,754.0,16,2,2,4,8,14.303148411296757,Creciente,0,0,0.0466796052631579,11,4,14,riesgo_bajo,0.95996666,1
4,14.89392047945086,12,29,Independiente,14.508658238524095,13.592368256649284,230676,95.227787,837.0,2,2,1,0,0,13.997832948091215,Estable,0,0,0.115338,1,1,1,riesgo_bajo,0.96486115,1
4,14.505613609862504,6,49,Independiente,14.914123179965662,14.220976332738882,296421,95.227787,837.0,5,4,3,0,0,13.749337635253141,Creciente,0,0,0.098807,4,2,3,riesgo_bajo,0.96704483,1
9,14.756416709205578,11,29,Empleado,15.56644820628317,15.35237799261728,200151,95.227787,835.0,1,3,1,0,0,15.561396929245186,Creciente,0,0,0.0347484375,6,2,1,riesgo_bajo,0.96419626,1
4,14.707861403878272,6,68,Independiente,14.508658238524095,13.45883704259595,362534,95.227787,845.0,4,1,1,0,2,14.001572610373936,Sin_dato,0,1,0.181267,4,2,3,riesgo_bajo,0.9566845,1
9,14.09246918929014,10,46,Empleado,14.508658238524095,0.0,112057,95.227787,797.0,1,5,1,0,0,14.001572610373936,Sin_dato,0,1,0.0560285,4,2,1,riesgo_bajo,0.9657521,1
4,14.383095082442138,6,44,Independiente,14.508658238524095,12.899222326086994,264207,95.227787,728.0,3,4,0,0,2,10.387373130123768,Creciente,0,0,0.1321035,5,2,2,riesgo_bajo,0.94979936,1
4,14.008772879062626,10,35,Empleado,14.731801689838349,14.220976332738882,112185,95.227787,781.0,7,5,2,1,2,14.98897889604938,Decreciente,0,0,0.044874,11,4,5,riesgo_bajo,0.96646744,1
4,15.389860214868124,6,47,Empleado,15.607270193858982,14.731801689838349,716049,95.227787,794.0,9,6,7,0,0,13.728690435411622,Creciente,0,0,0.1193415,1,1,7,riesgo_bajo,0.9561113,1
4,15.216890802759071,6,51,Independiente,15.115429975891212,14.861425409002218,611287,95.227787,850.0,8,4,3,1,1,13.592368256649284,Creciente,0,0,0.16660861270100846,8,3,5,riesgo_bajo,0.96474665,1
4,13.638655234060506,8,56,Empleado,14.914123179965662,13.652992804936396,95118,95.227787,775.0,10,3,3,2,4,15.496540494493146,Creciente,0,0,0.031706,4,2,9,riesgo_bajo,0.9677633,1
4,14.403297778421795,12,31,Empleado,13.815511557963774,12.206077645517674,141416,95.227787,846.0,2,3,2,0,0,13.934272669724743,Decreciente,0,0,0.141416,2,1,2,riesgo_bajo,0.96529007,1
4,13.774689605110144,6,38,Empleado,15.894952224644102,15.201805169084134,142580,95.227787,768.0,13,0,8,0,1,16.060789216987462,Decreciente,0,0,0.0178225,3,1,9,riesgo_bajo,0.9671199,1
9,14.442879943136763,9,54,Independiente,15.068273812173887,13.592368256649284,175059,95.227787,648.0,17,8,2,1,13,14.551398211587104,Creciente,0,0,0.05001685714285714,2,1,16,riesgo_medio,0.9559151,1
4,13.871666480588889,6,28,Empleado,14.599412558413583,13.777809729201323,160566,95.227787,760.0,2,2,2,0,0,14.642605856806542,Creciente,0,0,0.07331780821917808,9,3,2,riesgo_bajo,0.96878976,1
4,14.760459103787623,10,41,Empleado,14.914123179965662,13.815511557963774,238066,95.227787,870.0,7,2,3,0,1,15.148256979630412,Creciente,0,0,0.07935533333333333,2,1,4,riesgo_muy_bajo,0.96771574,1
4,15.189327650711943,36,35,Empleado,14.45736497045232,12.206077645517674,127730,95.227787,769.0,2,9,0,0,0,13.968313186721698,Decreciente,0,0,0.06722631578947369,1,1,0,riesgo_bajo,0.8903967,1
4,14.33430494661736,8,49,Independiente,14.82346884332769,13.943024758544537,193983,95.227787,753.0,7,4,3,0,1,14.001572610373936,Sin_dato,0,1,0.07079671532846715,8,3,4,riesgo_bajo,0.96526253,1
4,13.733802547777232,10,40,Empleado,14.077875591662238,13.017005083966255,85717,95.227787,802.0,0,2,0,0,0,13.983636836852494,Creciente,0,0,0.06593615384615385,3,1,0,riesgo_bajo,0.9678316,1
4,15.005790339294414,6,32,Independiente,15.894952224644102,15.201805169084134,487131,95.227787,804.0,11,3,7,0,0,13.719579885694309,Estable,0,0,0.060891375,12,4,7,riesgo_bajo,0.95502204,1
4,14.093143052138025,6,37,Independiente,14.508658238524095,13.122365377402328,196234,95.227787,783.0,3,2,0,1,0,14.001572610373936,Sin_dato,0,1,0.098117,4,2,1,riesgo_bajo,0.964605,1
4,13.418015107599418,6,42,Empleado,15.525628389132851,13.815511557963774,99878,95.227787,740.0,6,8,3,0,2,15.125401082680643,Decreciente,0,0,0.018062388464145405,3,1,5,riesgo_bajo,0.96315867,0
4,13.647851617685554,8,58,Independiente,14.403297778421795,12.611541086966115,96116,95.227787,810.0,5,3,3,0,1,14.001572610373936,Sin_dato,0,1,0.05339777777777778,4,2,4,riesgo_bajo,0.9677091,1
4,14.193522931179984,10,32,Empleado,15.068273812173887,14.731801689838349,135319,95.227787,828.0,8,5,5,0,1,14.047588478672985,Creciente,0,0,0.03866257142857143,6,2,6,riesgo_bajo,0.96807,1
4,14.507597676857335,12,26,Empleado,14.731801689838349,13.815511557963774,157239,95.227787,751.0,4,4,2,0,1,13.779677141438766,Creciente,0,0,0.0628956,4,2,3,riesgo_bajo,0.9663399,1
9,15.140218143921613,10,36,Independiente,14.77102238760702,13.176853456625999,323534,47.613894,820.0,1,3,1,0,0,14.001572610373936,Sin_dato,0,1,0.12443615384615385,9,3,1,riesgo_bajo,0.72568905,0
4,14.630645698858086,12,68,Independiente,14.731801689838349,13.815511557963774,156908,95.227787,897.0,11,4,7,0,0,15.076715506745323,Estable,0,0,0.0627632,1,1,7,riesgo_muy_bajo,0.9662269,1
4,15.189327650711943,36,53,Independiente,14.695967251422825,12.513561021741964,150277,95.227787,833.0,3,0,0,0,2,14.001572610373936,Sin_dato,0,1,0.06230389718076285,3,1,2,riesgo_bajo,0.9417132,1
4,15.453720827550702,18,32,Empleado,14.914123179965662,11.51293546492023,286038,28.340846,758.0,7,8,3,0,1,14.005715128665356,Creciente,0,0,0.095346,2,1,4,riesgo_bajo,0.7429327,0
9,14.949847391201889,9,32,Empleado,14.77102238760702,14.285514812209815,290781,95.227787,743.0,5,3,1,0,2,14.001572610373936,Sin_dato,0,1,0.11183884615384615,4,2,3,riesgo_bajo,0.9579061,1
4,15.971913256520972,36,44,Empleado,14.719729113462378,12.138869243416009,328804,95.227787,791.0,1,5,1,0,0,13.76616483950313,Creciente,0,0,0.13311902834008096,12,4,1,riesgo_bajo,0.94811684,1
4,14.815363090541968,12,33,Empleado,15.76142084987672,14.220976332738882,188742,95.227787,826.0,8,2,4,0,0,15.44737705860397,Creciente,0,0,0.026963142857142856,1,1,4,riesgo_bajo,0.96779174,1
9,15.182314661995331,9,45,Independiente,14.914123179965662,14.648420115681892,367583,95.227787,870.0,10,2,5,1,2,13.768695641707609,Creciente,0,0,0.12252766666666666,6,2,8,riesgo_muy_bajo,0.9595967,1
4,13.885559804623782,6,27,Empleado,14.731801689838349,12.899222326086994,148967,95.227787,737.0,4,2,3,0,0,14.198503037493081,Creciente,0,0,0.0595868,1,1,3,riesgo_bajo,0.96376795,1
4,14.59276034748028,24,43,Empleado,14.43393473112124,12.765691290604371,95633,95.227787,820.0,11,5,5,0,4,14.39319132991407,Creciente,0,0,0.051526400862068965,4,2,9,riesgo_bajo,0.96259695,1
4,14.36663381479708,6,40,Independiente,13.768695641707609,13.38318953651709,261180,95.227787,740.0,5,3,0,0,5,13.781681762262503,Creciente,0,0,0.28747663798284256,8,3,5,riesgo_bajo,0.96247494,1
4,14.32064059261267,6,21,Empleado,13.815511557963774,12.206077645517674,245803,95.227787,746.0,5,9,1,0,0,13.984980721556706,Creciente,0,0,0.245803,1,1,1,riesgo_bajo,0.93763566,1
9,14.525373744356651,10,27,Empleado,14.731801689838349,13.815511557963774,172671,95.227787,797.0,1,2,1,0,0,15.712757634773634,Creciente,0,0,0.0690684,3,1,1,riesgo_bajo,0.967425,1
4,14.842756088275713,12,28,Empleado,15.068273812173887,13.815511557963774,219981,95.227787,794.0,2,2,1,0,1,14.5224516633961,Creciente,0,0,0.06285171428571429,6,2,2,riesgo_bajo,0.9689019,1
9,14.954102822754624,10,32,Empleado,15.319588176962746,14.731801689838349,264825,95.227787,666.0,9,12,4,0,4,14.001572610373936,Sin_dato,0,1,0.05885,1,1,8,riesgo_medio,0.9403351,1
4,14.180154365996387,12,28,Empleado,14.603968372873895,12.899222326086994,113833,95.227787,769.0,6,6,2,0,4,13.124832327038298,Creciente,0,0,0.05174227272727273,5,2,6,riesgo_bajo,0.96291333,1
4,13.304686600863562,6,56,Empleado,14.508658238524095,13.122365377402328,88994,95.227787,772.0,7,10,4,0,1,13.719579885694309,Estable,0,0,0.044497,1,1,5,riesgo_bajo,0.96145904,1
9,14.712508780410003,10,25,Empleado,14.686804342317648,10.714439990727769,210945,95.227787,755.0,5,8,1,0,3,13.72850063551904,Creciente,0,0,0.08826150627615063,9,3,4,riesgo_bajo,0.95923424,1
4,14.351302512953835,18,37,Empleado,14.508658238524095,12.899222326086994,94409,95.227787,740.0,3,4,1,0,1,14.001572610373936,Sin_dato,0,1,0.0472045,2,1,2,riesgo_bajo,0.9617631,1
4,13.641158361294979,6,41,Independiente,15.068273812173887,13.815511557963774,124933,95.227787,795.0,13,2,6,0,3,13.764328836299624,Creciente,0,0,0.035695142857142856,6,2,9,riesgo_bajo,0.9674364,1
4,15.180326142834849,12,24,Independiente,15.201805169084134,14.508658238524095,306174,59.32448,716.0,9,7,2,1,1,14.001572610373936,Sin_dato,0,1,0.0765435,12,4,4,riesgo_bajo,0.72477686,0
4,14.36939624590319,12,32,Empleado,14.346139397261565,13.217675375388819,136523,95.227787,791.0,1,2,0,0,0,14.212468247054453,Decreciente,0,0,0.08030764705882353,12,4,0,riesgo_bajo,0.9645823,1
4,14.617010223773725,12,39,Empleado,14.508658238524095,11.751950239425476,179432,95.227787,851.0,3,5,1,0,0,14.508658238524095,Estable,0,0,0.089716,8,3,1,riesgo_muy_bajo,0.9645685,1
4,14.372082288884318,12,31,Empleado,14.508658238524095,13.815511557963774,137070,95.227787,748.0,4,3,0,1,1,13.744438741253175,Creciente,0,0,0.068535,3,1,2,riesgo_bajo,0.96402335,1
4,14.953343880298434,36,32,Empleado,14.835080000042227,0.0,118687,95.227787,842.0,2,1,2,0,0,14.601744539361448,Creciente,0,0,0.042816378066378065,12,4,2,riesgo_bajo,0.9441052,1
4,14.616740994159176,6,45,Empleado,16.300417291085605,15.068273812173887,330356,95.227787,833.0,5,8,2,2,1,13.776651219507292,Creciente,0,0,0.027529666666666668,7,3,5,riesgo_bajo,0.9664276,1
4,13.774689605110144,6,59,Independiente,15.150511887854474,13.592368256649284,142586,95.227787,798.0,0,4,0,0,0,14.001572610373936,Sin_dato,0,1,0.03752263157894737,2,1,0,riesgo_bajo,0.96513057,1
4,14.252474979126433,10,23,Empleado,14.220976332738882,12.899222326086994,144001,95.227787,769.0,5,5,1,0,2,13.71650425590798,Creciente,0,0,0.09600066666666666,3,1,3,riesgo_bajo,0.95970863,1
4,13.98758058021445,6,39,Empleado,15.424948670398354,14.508658238524095,164967,95.227787,752.0,10,5,4,0,6,15.044749858958097,Sin_dato,0,0,0.0329934,1,1,10,riesgo_bajo,0.9583088,1
4,14.705523431409565,6,52,Independiente,16.118095750958314,14.346139397261565,361183,95.227787,860.0,7,3,6,0,1,15.889353205044848,Creciente,0,0,0.0361183,2,1,7,riesgo_muy_bajo,0.95658743,1
4,15.314508632351107,36,40,Empleado,15.201805169084134,13.122365377402328,145205,95.227787,792.0,11,8,4,0,5,14.419566381693699,Creciente,0,0,0.03630125,3,1,9,riesgo_bajo,0.957137,1
4,15.096444681204078,6,39,Empleado,16.860033043306743,15.424948670398354,534313,95.227787,791.0,3,4,2,0,0,13.719579885694309,Creciente,0,0,0.02544347619047619,2,1,2,riesgo_bajo,0.9534429,1
4,14.926051746878368,24,24,Empleado,14.556972075219997,11.884495917930655,149413,95.227787,735.0,2,11,0,0,1,14.131091074442935,Creciente,0,0,0.07118294425917103,2,1,1,riesgo_bajo,0.94786876,1
4,14.290502350611403,6,69,Empleado,15.607270193858982,13.815511557963774,240020,95.227787,761.0,27,6,15,2,7,14.721173817776892,Creciente,0,0,0.040003333333333335,6,2,24,riesgo_bajo,0.95782727,1
9,13.68640478638756,4,20,Independiente,15.424948670398354,14.508658238524095,176786,89.2295,747.0,3,6,1,0,1,14.001572610373936,Sin_dato,0,1,0.0353572,7,3,2,riesgo_bajo,0.9312347,1
9,14.786411664626755,10,42,Empleado,14.220976332738882,13.122365377402328,223587,55.9606,705.0,13,0,3,0,4,14.001572610373936,Sin_dato,0,1,0.149058,12,4,7,riesgo_bajo,0.7542806,0
4,14.461503760072597,6,50,Independiente,15.424948670398354,14.508658238524095,264983,95.227787,890.0,9,2,4,0,0,14.001572610373936,Sin_dato,0,1,0.0529966,1,1,4,riesgo_muy_bajo,0.96206564,1
4,13.362955414648066,6,43,Empleado,14.914123179965662,14.220976332738882,94226,95.227787,726.0,2,1,0,0,0,13.815511557963774,Estable,0,0,0.03140866666666667,1,1,0,riesgo_bajo,0.9575752,1
4,15.096444681204078,36,28,Empleado,15.319588176962746,13.592368256649284,116567,95.227787,736.0,9,9,4,0,4,14.567457166275128,Creciente,0,0,0.02590377777777778,12,4,8,riesgo_bajo,0.9598911,1
4,14.205578400903514,6,50,Independiente,15.068273812173887,14.151983508870947,219237,95.227787,860.0,7,3,4,0,1,13.67023388738959,Decreciente,0,0,0.06263914285714285,12,4,5,riesgo_muy_bajo,0.96411836,1
9,14.053740534718278,4,32,Independiente,15.201805169084134,14.508658238524095,254887,95.227787,805.0,9,4,5,0,3,13.635898128169645,Decreciente,0,0,0.06372175,2,1,8,riesgo_bajo,0.9589648,1
9,14.42580066590498,11,59,Empleado,14.51860856442677,13.085701467719382,145448,95.227787,804.0,5,2,3,0,0,14.016264522686717,Creciente,0,0,0.07200396039603961,9,3,3,riesgo_bajo,0.968567,1
4,14.788469294558592,12,56,Independiente,15.76142084987672,14.220976332738882,207862,95.227787,811.0,8,10,6,1,0,14.798537643970663,Creciente,0,0,0.029694571428571428,3,1,7,riesgo_bajo,0.9588812,1
9,13.87904951720626,2,42,Empleado,17.337744964202635,16.289524850831846,444000,95.227787,876.0,12,9,8,0,3,16.060789216987462,Creciente,0,0,0.013112817483756645,11,4,11,riesgo_muy_bajo,0.95203406,1
4,13.991563340318706,6,40,Empleado,15.009433329466965,13.815511557963774,176876,95.227787,790.0,6,3,3,0,2,13.997707940382243,Estable,0,0,0.05359878787878788,1,1,5,riesgo_bajo,0.96786624,1
4,14.899902954828438,12,25,Empleado,14.285514812209815,12.206077645517674,232076,95.227787,738.0,5,4,2,0,0,13.453876193547675,Creciente,0,0,0.1450475,11,4,2,riesgo_bajo,0.95696783,1
4,15.38412668421143,24,32,Independiente,16.52356082573315,15.424948670398354,209354,95.227787,739.0,7,3,2,0,3,15.959615612969833,Creciente,0,0,0.013956933333333333,1,1,5,riesgo_bajo,0.9558114,1
4,14.921218347256898,6,35,Empleado,16.012735246411598,13.815511557963774,419634,95.227787,893.0,12,2,8,0,2,15.778619105918594,Creciente,0,0,0.046626,1,1,10,riesgo_muy_bajo,0.95783216,1
9,14.446449194214583,7,36,Empleado,15.780238535835394,14.914123179965662,222287,95.227787,826.0,9,8,8,0,0,15.966099282268878,Creciente,0,0,0.03116331189345926,6,2,8,riesgo_bajo,0.9626419,1
4,14.670317724235376,6,62,Empleado,16.012735246411598,15.201805169084134,348538,95.227787,861.0,6,2,4,0,1,16.060789216987462,Creciente,0,0,0.038726444444444445,7,3,5,riesgo_muy_bajo,0.958379,1
9,14.288261036163805,2,60,Independiente,15.201805169084134,14.508658238524095,632417,95.227787,703.0,7,0,1,0,2,14.001572610373936,Sin_dato,0,1,0.15810425,1,1,3,riesgo_bajo,0.96205986,1
4,14.168587737703936,6,38,Independiente,14.914123179965662,13.45883704259595,211275,95.227787,838.0,4,4,1,0,1,13.589739808585472,Creciente,0,0,0.070425,1,1,2,riesgo_bajo,0.9620867,1
4,14.6254807579569,12,40,Empleado,14.508658238524095,13.45883704259595,176380,92.228643,797.0,6,5,4,0,0,13.728690435411622,Creciente,0,0,0.08819,2,1,4,riesgo_bajo,0.9649613,1
4,15.855301424070234,12,51,Empleado,15.990262393084793,15.201805169084134,604081,95.227787,784.0,10,4,4,3,1,15.8635264459192,Creciente,0,0,0.06864556818181818,3,1,8,riesgo_bajo,0.96305406,1
4,13.081543466215237,6,67,Empleado,13.910821646859095,13.384729180332174,71535,95.227787,896.0,2,1,2,0,0,13.760675208425667,Creciente,0,0,0.06503181818181818,5,2,2,riesgo_muy_bajo,0.9665186,1
9,14.197175338610597,9,53,Independiente,15.135131053052907,15.135131053052907,137120,95.227787,836.0,4,3,1,2,0,14.001572610373936,Sin_dato,0,1,0.03664350614644575,5,2,3,riesgo_bajo,0.9677853,1
9,14.422228773717865,9,38,Empleado,14.731801689838349,14.151983508870947,171071,6.005541,711.0,5,3,1,1,1,14.10184146800711,Creciente,0,0,0.0684284,12,4,3,riesgo_bajo,0.75163513,0
4,14.296973898177658,10,64,Empleado,14.508658238524095,12.206077645517674,150933,95.227787,792.0,8,4,4,2,1,14.786469004460688,Creciente,0,0,0.0754665,4,2,7,riesgo_bajo,0.96785206,1
4,13.997732943174222,6,50,Empleado,14.077875591662238,12.611541086966115,178820,95.227787,805.0,4,2,2,0,0,14.863373965428588,Creciente,0,0,0.13755384615384617,5,2,2,riesgo_bajo,0.9671665,1
4,14.170945433335705,6,23,Empleado,14.285514812209815,13.122365377402328,212063,95.227787,776.0,2,2,1,0,0,14.001572610373936,Sin_dato,0,1,0.132539375,3,1,1,riesgo_bajo,0.959448,1
4,15.07211784188666,12,62,Independiente,15.894952224644102,15.201805169084134,276351,95.227787,774.0,3,5,3,0,0,14.001572610373936,Sin_dato,0,1,0.034543875,3,1,3,riesgo_bajo,0.9576635,1
9,13.618532923638218,2,38,Independiente,15.424948670398354,14.508658238524095,323844,95.227787,726.0,9,3,7,0,1,13.728690435411622,Creciente,0,0,0.0647688,4,2,8,riesgo_bajo,0.95722187,1
9,14.67044685677454,10,48,Independiente,15.607270193858982,14.508658238524095,199629,95.227787,776.0,11,3,4,0,5,14.001572610373936,Sin_dato,0,1,0.0332715,2,1,9,riesgo_bajo,0.96470594,1
9,15.193931555340766,12,56,Independiente,15.624618829327092,15.503020190798166,315615,95.227787,859.0,6,0,5,1,0,13.784545036757393,Creciente,0,0,0.051697788697788696,8,3,6,riesgo_muy_bajo,0.9643484,1
4,15.563064990242832,36,30,Independiente,15.29711532616119,12.899222326086994,187079,95.227787,736.0,4,4,1,0,1,13.714253832451346,Creciente,0,0,0.042517954545454546,5,2,2,riesgo_bajo,0.8258627,0
4,14.260197020251155,8,42,Empleado,14.845130332288226,13.017005083966255,178996,95.227787,790.0,7,9,2,0,3,13.680379028660766,Creciente,0,0,0.06392714285714286,6,2,5,riesgo_bajo,0.958536,1
4,14.838407788936395,12,48,Empleado,16.012735246411598,15.068273812173887,219049,95.227787,858.0,11,0,8,0,0,13.91786947332375,Creciente,0,0,0.02433877777777778,5,2,8,riesgo_muy_bajo,0.96768785,1
4,13.135794771034746,6,33,Empleado,14.220976332738882,12.899222326086994,75336,95.227787,719.0,1,4,0,0,1,13.716651086871028,Creciente,0,0,0.050224,5,2,1,riesgo_bajo,0.9518318,1
4,14.103093375490447,6,56,Empleado,16.118095750958314,15.319588176962746,199683,95.227787,808.0,9,4,4,1,1,14.069235301322774,Creciente,0,0,0.0199683,6,2,6,riesgo_bajo,0.96756715,1
4,14.86257723971495,12,56,Empleado,14.403297778421795,13.384729180332174,223852,95.227787,801.0,5,2,1,0,2,13.737719812718867,Creciente,0,0,0.12436222222222222,2,1,3,riesgo_bajo,0.96813095,1
9,13.7099431320131,5,52,Independiente,14.482314276531508,0.0,148618,95.227787,806.0,0,2,0,0,0,14.001572610373936,Sin_dato,0,1,0.07629260780287474,10,4,0,riesgo_bajo,0.965451,1
4,15.38412668421143,18,31,Independiente,15.068273812173887,14.077875591662238,265169,95.227787,739.0,8,5,1,0,4,14.582914199652908,Creciente,0,0,0.07576257142857143,2,1,5,riesgo_bajo,0.9561864,1
4,14.976120956155139,12,32,Empleado,14.508658238524095,13.122365377402328,221658,95.227787,779.0,7,6,1,3,1,14.287656889981958,Creciente,0,0,0.110829,1,1,5,riesgo_bajo,0.96482176,1
4,14.093143052138025,6,39,Independiente,14.914123179965662,13.997832948091215,196056,95.227787,848.0,6,1,2,0,1,13.901901075593946,Estable,0,0,0.065352,1,1,3,riesgo_bajo,0.96862686,1
10,13.407062505297379,6,67,Independiente,14.508658238524095,12.611541086966115,99052,95.227787,819.0,4,1,3,0,1,13.755537598769623,Creciente,0,0,0.049526,5,2,4,riesgo_bajo,0.96849424,1
9,14.844195467200297,9,40,Empleado,15.096444681204078,14.220976332738882,262253,95.227787,735.0,6,6,3,0,1,15.110827140860438,Creciente,0,0,0.07284805555555555,7,3,4,riesgo_bajo,0.9643221,1
9,14.046813530479186,2,31,Independiente,15.424948670398354,14.508658238524095,497268,95.227787,798.0,8,7,2,0,3,13.950042325047372,Creciente,0,0,0.0994536,6,2,5,riesgo_bajo,0.952761,1
4,14.643127877888112,6,29,Empleado,14.508658238524095,13.122365377402328,339577,95.227787,857.0,5,3,2,1,1,14.017570197487792,Creciente,0,0,0.1697885,2,1,4,riesgo_muy_bajo,0.9632988,1
9,14.45239517035351,10,36,Independiente,15.176487367510099,14.508658238524095,160350,95.227787,978.0,10,1,3,0,2,14.001572610373936,Sin_dato,0,1,0.041115384615384616,1,1,5,riesgo_muy_bajo,0.9680958,1
9,14.532891026128825,10,61,Empleado,15.201805169084134,13.815511557963774,174248,95.227787,764.0,8,13,2,1,3,13.752589927335745,Creciente,0,0,0.043562,5,2,6,riesgo_bajo,0.96389085,1
9,14.867034942795378,11,100,Empleado,17.493166341166564,16.702881205920505,242035,95.227787,0.0,0,0,0,0,0,14.001572610373936,Sin_dato,1,1,0.00041244431763142326,12,4,0,sin_clasificar,0.9644803,1
4,14.464643675603462,6,61,Empleado,16.380459992348886,15.201805169084134,285677,88.229786,817.0,6,6,3,0,2,14.068213688218755,Creciente,0,0,0.021975153846153846,5,2,5,riesgo_bajo,0.96522754,1
9,14.511572586225062,10,40,Empleado,15.216693777883304,14.06627005452127,175981,95.227787,783.0,6,1,1,0,2,15.608529400515408,Creciente,0,0,0.04334507389162562,11,4,3,riesgo_bajo,0.9684507,1
4,14.526636252155805,12,51,Empleado,15.068273812173887,13.815511557963774,141408,95.227787,859.0,11,2,7,1,0,14.763578212754691,Creciente,0,0,0.04040228571428572,1,1,8,riesgo_muy_bajo,0.96895915,1
4,13.939409078090392,6,34,Empleado,14.220976332738882,13.081543466215237,168281,95.227787,847.0,2,3,1,0,0,13.774006038910464,Creciente,0,0,0.11218733333333333,6,2,1,riesgo_bajo,0.96638405,1
4,12.793862088206213,6,48,Independiente,13.768695641707609,11.51293546492023,53652,95.227787,782.0,1,3,1,0,0,14.15462572753075,Sin_dato,0,0,0.067065,3,1,1,riesgo_bajo,0.9630771,1
4,13.898399365496656,12,36,Empleado,15.068273812173887,14.220976332738882,85248,95.227787,830.0,11,2,4,1,4,14.166320938921041,Decreciente,0,0,0.02435657142857143,1,1,9,riesgo_bajo,0.96847,1
4,13.896907117996752,6,42,Empleado,15.123843647884687,12.891694078557842,163035,95.227787,838.0,7,3,6,0,0,13.79237702937058,Creciente,0,0,0.044063513513513515,9,3,6,riesgo_bajo,0.96843386,1
9,13.436591465784137,5,56,Independiente,15.201805169084134,14.508658238524095,111030,95.227787,751.0,12,6,7,0,1,14.001572610373936,Sin_dato,0,1,0.0277575,2,1,8,riesgo_bajo,0.9574025,1
4,14.29042772100742,6,63,Empleado,15.571643022260735,15.288212176130083,242850,95.227787,846.0,6,6,3,2,0,13.79237702937058,Creciente,0,0,0.04194300518134715,9,3,5,riesgo_bajo,0.9622317,1
4,14.85156671481759,12,62,Empleado,14.686804342317648,12.762830066509972,226199,95.227787,812.0,2,3,1,0,0,15.172339804953753,Creciente,0,0,0.09464393305439331,9,3,1,riesgo_bajo,0.9653896,1
4,14.063527934717108,6,60,Empleado,15.068273812173887,13.815511557963774,190465,95.227787,764.0,6,7,5,0,1,14.001572610373936,Sin_dato,0,1,0.05441857142857143,3,1,6,riesgo_bajo,0.96463126,1
4,13.176853456625999,6,33,Empleado,14.731801689838349,13.997832948091215,78472,95.227787,787.0,3,6,3,0,0,14.631307578718317,Decreciente,0,0,0.0313888,4,2,3,riesgo_bajo,0.9671832,1
4,13.774564597427217,6,26,Empleado,14.104442598879876,0.0,145471,95.227787,712.0,16,14,11,1,2,15.918170211057577,Decreciente,0,0,0.10896704119850187,10,4,14,riesgo_bajo,0.9443014,1
4,14.690979711984754,12,38,Empleado,14.731801689838349,13.122365377402328,188867,95.227787,792.0,3,7,3,0,0,13.730967405129007,Creciente,0,0,0.0755468,4,2,3,riesgo_bajo,0.9666108,1
9,13.837303947475796,6,27,Empleado,15.068273812173887,13.997832948091215,139885,90.562453,732.0,5,4,1,2,0,14.212889729489008,Creciente,0,0,0.039967142857142854,7,3,3,riesgo_bajo,0.960949,1
4,14.939361586490872,12,28,Empleado,15.201805169084134,13.815511557963774,213658,92.228643,842.0,6,2,4,0,0,15.525397062286068,Creciente,0,0,0.0534145,1,1,4,riesgo_bajo,0.9686074,1
4,14.88147602469539,12,38,Empleado,15.607270193858982,14.731801689838349,201642,95.227787,773.0,8,6,3,0,3,15.825959272800015,Creciente,0,0,0.033607,1,1,6,riesgo_bajo,0.9598472,1
4,13.628217865524704,10,64,Empleado,13.768695641707609,12.206077645517674,76677,95.227787,762.0,3,2,0,0,3,14.001572610373936,Sin_dato,0,1,0.09584625,11,4,3,riesgo_bajo,0.96700025,1
4,14.515911863621712,6,67,Empleado,14.603968372873895,13.815511557963774,299489,89.979287,857.0,3,2,2,1,0,14.001572610373936,Sin_dato,0,1,0.13613136363636363,4,2,3,riesgo_muy_bajo,0.9639591,1
9,14.268760245445833,9,45,Empleado,14.346139397261565,13.997832948091215,147436,95.227787,776.0,6,3,4,0,0,14.278108709220183,Creciente,0,0,0.08672705882352941,6,2,4,riesgo_bajo,0.96784884,1
9,15.521599024227221,5,100,Empleado,17.493166341166564,16.532749942234425,893982,95.227787,0.0,0,0,0,0,0,14.001572610373936,Sin_dato,1,1,0.0071473946534364825,4,2,0,sin_clasificar,0.95744234,1
4,13.002906191139534,8,61,Empleado,14.285514812209815,13.304686600863562,50322,95.227787,794.0,0,0,0,0,0,14.001572610373936,Sin_dato,0,1,0.03145125,2,1,0,riesgo_bajo,0.96513057,1
4,13.66932920519293,6,46,Empleado,14.30409118627969,14.508658238524095,130048,85.897119,794.0,2,1,0,0,2,14.001572610373936,Sin_dato,0,1,0.0797840490797546,8,3,2,riesgo_bajo,0.96804005,1
4,13.70707977831034,6,60,Independiente,15.068273812173887,13.815511557963774,134374,95.227787,811.0,3,2,2,0,0,13.776651219507292,Creciente,0,0,0.03839257142857143,7,3,2,riesgo_bajo,0.968113,1
4,15.100768651485621,24,37,Empleado,15.520258832020865,14.731801689838349,159271,95.227787,786.0,5,7,2,0,0,15.511588811896182,Creciente,0,0,0.028958363636363636,2,1,2,riesgo_bajo,0.95385617,1
9,14.64562613039416,12,29,Empleado,13.997832948091215,13.592368256649284,167052,95.227787,736.0,3,3,1,1,1,14.11277482420816,Creciente,0,0,0.13921,3,1,3,riesgo_bajo,0.9626684,1
4,14.466585483587366,6,51,Independiente,15.76142084987672,15.068273812173887,284816,95.227787,816.0,6,3,3,1,1,13.713625108375188,Creciente,0,0,0.040688,2,1,5,riesgo_bajo,0.95464426,1
4,14.859033232526253,6,56,Independiente,15.068273812173887,13.815511557963774,421699,95.227787,830.0,11,3,9,0,1,14.001572610373936,Sin_dato,0,1,0.12048542857142858,2,1,10,riesgo_bajo,0.962269,1
4,14.33430494661736,6,29,Independiente,13.997832948091215,12.611541086966115,249355,95.227787,752.0,2,4,0,0,1,14.001572610373936,Sin_dato,0,1,0.20779583333333335,12,4,1,riesgo_bajo,0.9593753,1
9,15.089424767776519,11,34,Empleado,15.201805169084134,14.508658238524095,278130,95.227787,855.0,6,7,3,0,1,13.059223344592613,Creciente,0,0,0.0695325,2,1,4,riesgo_muy_bajo,0.96104354,1
4,15.189327650711943,36,45,Empleado,14.845130332288226,13.815511557963774,127730,95.227787,804.0,4,6,4,0,0,15.086734077103113,Creciente,0,0,0.04561785714285714,12,4,4,riesgo_bajo,0.96190745,1
4,14.392573821048632,6,34,Independiente,14.508658238524095,12.611541086966115,263833,88.229786,732.0,3,4,1,0,1,10.769516037258176,Estable,0,0,0.1319165,12,4,2,riesgo_bajo,0.9500448,1
9,14.73125225914866,10,29,Independiente,15.76142084987672,15.201805169084134,212144,95.227787,761.0,9,6,1,1,4,14.001572610373936,Sin_dato,0,1,0.030306285714285713,3,1,6,riesgo_bajo,0.9623848,1
4,15.132799101084837,18,36,Empleado,15.096444681204078,12.611541086966115,207150,95.227787,782.0,8,7,4,1,2,15.30106682597426,Creciente,0,0,0.057541666666666665,4,2,7,riesgo_bajo,0.9642333,0
4,14.370774605081698,12,36,Empleado,14.731801689838349,13.997832948091215,137301,95.227787,788.0,4,2,3,0,0,14.473240383426363,Creciente,0,0,0.0549204,2,1,3,riesgo_bajo,0.96863335,1
4,14.354107562242211,6,51,Independiente,15.607270193858982,14.508658238524095,254677,95.227787,761.0,4,3,2,0,0,13.657191033901887,Creciente,0,0,0.04244616666666667,3,1,2,riesgo_bajo,0.9501133,1
4,14.814965643179193,12,20,Independiente,14.508658238524095,13.710151153416941,213797,95.227787,702.0,7,3,2,0,1,14.001572610373936,Sin_dato,0,1,0.1068985,4,2,3,riesgo_bajo,0.95074534,1
9,14.94283423490393,10,49,Independiente,15.424948670398354,15.201805169084134,262545,95.227787,823.0,12,5,5,0,3,13.74666838940678,Creciente,0,0,0.052509,4,2,8,riesgo_bajo,0.9662712,1
4,15.88478824724684,12,32,Independiente,15.319588176962746,13.527829818844937,620578,95.227787,893.0,9,8,7,0,0,13.815511557963774,Estable,0,0,0.13790622222222224,1,1,7,riesgo_muy_bajo,0.9488764,1
9,14.249426152093028,9,34,Independiente,15.894952224644102,14.914123179965662,147616,95.227787,831.0,5,2,3,0,0,16.060789216987462,Creciente,0,0,0.018452,5,2,3,riesgo_bajo,0.9678514,1
9,14.371761032436362,11,42,Empleado,16.118095750958314,15.424948670398354,135697,95.227787,722.0,8,2,0,0,8,14.001572610373936,Sin_dato,0,1,0.0135697,1,1,8,riesgo_bajo,0.9604089,1
4,14.42825050608627,6,29,Empleado,14.508658238524095,12.899222326086994,274353,95.227787,798.0,1,7,0,1,0,14.51330343056661,Creciente,0,0,0.1371765,4,2,1,riesgo_bajo,0.9611125,1
4,14.7302004091124,36,40,Empleado,14.715672314412528,11.51293546492023,82921,95.227787,767.0,6,3,2,0,3,14.166582836241894,Creciente,0,0,0.033707723577235775,5,2,5,riesgo_bajo,0.94707376,1
9,14.584894535977714,9,51,Independiente,15.935734213369138,15.150511887854474,201869,95.227787,885.0,8,6,6,0,0,13.744438741253175,Creciente,0,0,0.024225249009960398,4,2,6,riesgo_muy_bajo,0.9629782,1
4,13.265113893020638,6,54,Empleado,15.274125813221904,14.220976332738882,85510,95.227787,799.0,9,3,4,0,4,14.001572610373936,Sin_dato,0,1,0.019886046511627908,1,1,8,riesgo_bajo,0.9649596,1
4,14.625801014022151,6,58,Empleado,14.508658238524095,10.819798284210286,334276,95.227787,809.0,3,0,0,0,1,15.006266199146403,Creciente,0,0,0.167138,4,2,1,riesgo_bajo,0.95877254,1
4,16.33963800103376,6,42,Independiente,16.454567959008102,15.201805169084134,1853620,95.227787,708.0,5,5,3,0,0,13.719579885694309,Estable,0,0,0.13240142857142856,2,1,3,riesgo_bajo,0.9213058,1
4,15.237654813174167,30,27,Empleado,14.731801689838349,14.077875591662238,153235,95.227787,747.0,10,7,4,0,5,14.90099674167597,Creciente,0,0,0.061294,2,1,9,riesgo_bajo,0.95478606,1
4,14.19668365656327,12,29,Empleado,14.914123179965662,11.51293546492023,115363,95.227787,754.0,3,4,0,0,1,13.728690435411622,Creciente,0,0,0.03845433333333333,2,1,1,riesgo_bajo,0.9639913,1
4,14.184146384499215,8,38,Empleado,15.274125813221904,14.220976332738882,163836,95.227787,745.0,3,2,0,0,0,13.815511557963774,Estable,0,0,0.03810139534883721,1,1,0,riesgo_bajo,0.9596164,1
4,13.723396365547096,18,56,Empleado,14.557448378884015,12.899222326086994,51133,95.227787,753.0,8,3,0,2,3,14.169157321589505,Creciente,0,0,0.024349047619047617,4,2,5,riesgo_bajo,0.9660741,1
4,14.513645777547573,6,54,Independiente,15.752812476575196,13.350297037805756,305643,95.227787,885.0,13,4,11,0,1,14.185463853104407,Estable,0,0,0.04404077809798271,11,4,12,riesgo_muy_bajo,0.9538338,1
4,15.881459608993557,6,38,Independiente,13.768695641707609,13.244582780038517,1182159,58.597591,746.0,2,8,2,0,0,13.764328836299624,Creciente,0,0,1.301183455399185,7,3,2,riesgo_bajo,0.71020734,0
4,14.81674894548596,6,62,Independiente,14.914123179965662,11.51293546492023,404631,90.562453,831.0,6,1,3,0,2,14.001572610373936,Sin_dato,0,1,0.134877,5,2,5,riesgo_bajo,0.96457404,1
4,14.800331259536211,6,35,Independiente,15.123843647884687,16.51013780630191,397928,95.227787,750.0,4,13,4,0,0,14.001572610373936,Sin_dato,0,1,0.10754810810810811,3,1,4,riesgo_bajo,0.93832535,0
4,14.204765657586089,6,29,Empleado,14.33430494661736,12.491255347155265,222147,95.227787,795.0,5,2,2,0,2,14.335008270237086,Creciente,0,0,0.13223035714285714,8,3,4,riesgo_bajo,0.96779096,1
4,13.304686600863562,6,67,Independiente,14.508658238524095,13.116347317149176,90174,95.227787,797.0,2,7,1,0,1,14.001572610373936,Sin_dato,0,1,0.045087,8,3,2,riesgo_bajo,0.96196103,1
4,14.837371743457739,36,32,Empleado,14.508658238524095,13.304686600863562,90519,95.227787,778.0,3,3,1,0,1,13.928259611031248,Creciente,0,0,0.0452595,4,2,2,riesgo_bajo,0.9398503,1
9,15.59055121006203,3,41,Empleado,15.47735133898074,13.643536480872214,1573211,95.227787,815.0,10,4,9,0,0,14.961860711297103,Creciente,0,0,0.2985786676788765,9,3,9,riesgo_bajo,0.9620432,1
9,15.314715257967933,10,57,Independiente,15.781923509304107,14.305317427251099,401453,95.227787,884.0,3,3,2,0,0,14.001572610373936,Sin_dato,0,1,0.05618656403079076,2,1,2,riesgo_muy_bajo,0.9539911,1
4,14.114843148794327,10,27,Empleado,14.845130332288226,13.592368256649284,124753,95.227787,814.0,3,2,1,0,0,14.74171716465245,Creciente,0,0,0.044554642857142855,1,1,1,riesgo_bajo,0.96875304,1
4,15.265624666340669,18,49,Empleado,13.910821646859095,12.611541086966115,234914,95.227787,748.0,6,8,0,1,3,13.60595428015858,Estable,0,0,0.2135581818181818,1,1,4,riesgo_bajo,0.95483124,1
4,14.467711257089123,12,46,Independiente,14.285514812209815,13.28787951079572,133317,95.227787,834.0,2,5,1,0,1,14.001572610373936,Sin_dato,0,1,0.083323125,1,1,2,riesgo_bajo,0.9634774,1
4,14.634303559088291,12,62,Empleado,14.508658238524095,12.899222326086994,157483,95.227787,894.0,4,2,3,0,0,14.001572610373936,Sin_dato,0,1,0.0787415,1,1,3,riesgo_muy_bajo,0.96704817,1
4,14.293142145223928,18,38,Independiente,14.914123179965662,14.508658238524095,89617,95.227787,795.0,6,3,2,0,3,14.001572610373936,Sin_dato,0,1,0.029872333333333334,2,1,5,riesgo_bajo,0.9668273,1
9,14.056152751104026,10,47,Empleado,14.914123179965662,14.508658238524095,107891,95.227787,819.0,3,2,1,0,1,14.91966313750523,Creciente,0,0,0.035963666666666665,2,1,2,riesgo_bajo,0.9686322,1
4,15.015415399337176,12,38,Empleado,15.424948670398354,12.206077645517674,260818,95.227787,868.0,5,2,1,0,1,15.873022008400508,Decreciente,0,0,0.0521636,3,1,2,riesgo_muy_bajo,0.96129787,1
4,15.096444681204078,36,62,Empleado,14.70340222683928,12.483708170000067,135339,95.227787,877.0,1,1,0,1,0,14.737730875049122,Creciente,0,0,0.055695061728395064,11,4,1,riesgo_muy_bajo,0.9417501,1
4,14.180154365996387,6,57,Independiente,14.508658238524095,13.122365377402328,213587,95.227787,799.0,6,6,2,0,2,14.001572610373936,Sin_dato,0,1,0.1067935,12,4,4,riesgo_bajo,0.9655857,1
4,15.25344838965288,12,46,Empleado,15.424948670398354,13.815511557963774,333913,67.308656,798.0,9,2,6,0,0,13.74666838940678,Creciente,0,0,0.0667826,4,2,6,riesgo_bajo,0.96776897,1
4,14.505673790977587,6,41,Empleado,15.588392122208651,14.980534924066745,300170,95.227787,801.0,4,6,2,0,1,14.421646725170888,Creciente,0,0,0.05098174290744547,9,3,3,riesgo_bajo,0.96306056,1
4,13.663876874508999,6,46,Empleado,14.914123179965662,13.815511557963774,127746,95.227787,865.0,4,3,2,0,0,14.9700739764426,Creciente,0,0,0.042582,1,1,2,riesgo_muy_bajo,0.96847904,1
4,15.145234832146,10,59,Independiente,13.815511557963774,11.51293546492023,350312,53.374315,824.0,11,4,2,0,8,14.001572610373936,Sin_dato,0,1,0.350312,2,1,10,riesgo_bajo,0.7483713,0
9,13.53343646469469,6,30,Empleado,14.115615891155079,13.815511557963774,102812,95.227787,760.0,9,4,2,1,6,14.106463026835167,Estable,0,0,0.07615703703703704,1,1,9,riesgo_bajo,0.9620309,1
6,14.99734198103983,18,35,Empleado,15.068273812173887,12.429220196836383,180589,95.227787,711.0,5,5,2,0,1,14.420077313039739,Creciente,0,0,0.051596857142857146,5,2,3,riesgo_bajo,0.9644366,0
4,13.487007879880162,12,32,Independiente,13.768695641707609,12.82396003700373,57426,95.227787,827.0,5,4,4,0,0,13.768695641707609,Creciente,0,0,0.0601783784973325,7,3,4,riesgo_bajo,0.9634728,1
4,14.668222734452927,6,25,Independiente,15.319588176962746,14.731801689838349,348445,95.227787,748.0,2,8,2,0,0,13.933663303047481,Creciente,0,0,0.07743222222222222,1,1,2,riesgo_bajo,0.9549067,1
9,14.288261036163805,5,54,Independiente,15.201805169084134,14.508658238524095,260433,95.227787,736.0,9,7,4,0,3,13.752589927335745,Creciente,0,0,0.06510825,5,2,7,riesgo_bajo,0.96000457,1
9,14.839836202107447,9,41,Independiente,16.118095750958314,15.894952224644102,260115,68.587644,796.0,4,5,2,0,2,15.068273812173887,Creciente,0,0,0.0260115,1,1,4,riesgo_bajo,0.9616462,1
9,14.288261036163805,2,59,Empleado,15.424948670398354,14.508658238524095,633067,95.227787,781.0,6,4,3,0,2,13.768695641707609,Creciente,0,0,0.1266134,5,2,5,riesgo_bajo,0.9636523,1
4,14.786289853910306,12,29,Empleado,15.201805169084134,14.508658238524095,206501,95.227787,777.0,4,3,1,0,1,13.719579885694309,Estable,0,0,0.05162525,1,1,2,riesgo_bajo,0.9633849,1
4,14.502781004298487,12,50,Empleado,14.508658238524095,12.611541086966115,138075,95.227787,903.0,4,3,2,1,1,13.615240893189677,Creciente,0,0,0.0690375,1,1,4,riesgo_muy_bajo,0.96757877,1
9,15.355997498033643,9,100,Empleado,16.134104424015245,14.886456984981127,437306,95.227787,0.0,0,0,0,0,0,14.001572610373936,Sin_dato,1,1,0.04303610485785634,6,2,0,sin_clasificar,0.96601695,1
4,13.997832948091215,8,21,Empleado,14.900700164138025,13.782988399316032,140659,95.227787,713.0,7,7,2,0,3,13.959836850435721,Creciente,0,0,0.04751993243243243,10,4,5,riesgo_bajo,0.94657123,1
6,13.289453184506364,6,54,Empleado,14.508658238524095,12.899222326086994,87913,95.227787,759.0,8,6,0,2,4,14.312561342760448,Creciente,0,0,0.0439565,6,2,6,riesgo_bajo,0.96441257,1
4,13.997832948091215,24,56,Independiente,14.822373353386286,13.008076473152153,59057,95.227787,790.0,2,2,1,0,0,14.001572610373936,Sin_dato,0,1,0.021577274388016075,1,1,1,riesgo_bajo,0.9583719,1
4,14.51662640420502,6,43,Empleado,15.319588176962746,13.997832948091215,298679,27.215896,794.0,5,7,2,1,1,14.464374552652627,Creciente,0,0,0.0663731111111111,12,4,4,riesgo_bajo,0.75150836,0
4,14.192989137826759,8,53,Empleado,14.220976332738882,13.304686600863562,165772,95.227787,782.0,3,1,1,0,2,14.001572610373936,Sin_dato,0,1,0.11051466666666666,5,2,3,riesgo_bajo,0.96740746,1
4,14.690979711984754,8,29,Independiente,14.220976332738882,12.429220196836383,275347,16.693413,782.0,4,3,3,0,1,13.155155780869151,Creciente,0,0,0.18356466666666665,5,2,4,riesgo_bajo,0.73882717,0
9,15.172232483249683,11,24,Empleado,14.946912992035967,14.220976332738882,302487,95.227787,665.0,5,6,0,2,2,13.55425617734777,Creciente,0,0,0.09757645161290322,3,1,4,riesgo_medio,0.95129424,0
9,14.599555013954683,9,64,Empleado,15.201805169084134,14.508658238524095,205046,95.227787,810.0,3,6,1,0,1,14.14556869674093,Creciente,0,0,0.0512615,5,2,2,riesgo_bajo,0.9640939,1
9,14.220304107293979,2,45,Independiente,15.424948670398354,14.508658238524095,591041,95.227787,802.0,5,4,1,0,2,13.727934294183411,Creciente,0,0,0.1182082,2,1,3,riesgo_bajo,0.95964116,1
4,15.190617826256096,12,38,Independiente,15.830413711839864,14.914123179965662,310354,95.227787,734.0,13,8,5,0,6,14.320055700733084,Estable,0,0,0.04138053333333333,2,1,11,riesgo_bajo,0.9508221,1
4,15.191754835755884,24,53,Independiente,14.914123179965662,12.206077645517674,174475,95.227787,790.0,4,8,2,0,0,13.55360798689998,Decreciente,0,0,0.05815833333333333,3,1,2,riesgo_bajo,0.94660157,1
10,13.833783584645118,6,68,Empleado,14.76508015435136,13.560619598657233,152539,95.227787,819.0,9,8,4,1,2,14.742659723093256,Creciente,0,0,0.05901850811500134,8,3,7,riesgo_bajo,0.9671301,1
4,14.574445947226907,12,35,Independiente,15.607270193858982,14.508658238524095,167674,95.227787,747.0,3,6,0,0,2,14.068901606354125,Decreciente,0,0,0.027945666666666667,12,4,2,riesgo_bajo,0.96107143,1
4,13.241789506886866,6,34,Empleado,14.585619242623203,13.060490101343552,85098,95.227787,733.0,7,9,1,2,4,14.64625821618186,Creciente,0,0,0.03939722222222222,8,3,7,riesgo_bajo,0.96321833,1
4,15.223253494985016,12,39,Independiente,15.319588176962746,14.508658238524095,320671,95.227787,829.0,7,2,4,0,0,14.039644019155988,Creciente,0,0,0.07126022222222222,12,4,4,riesgo_bajo,0.9659729,1
4,14.32064059261267,12,32,Empleado,15.201805169084134,14.403297778421795,130587,95.227787,830.0,4,6,1,0,1,13.727934294183411,Creciente,0,0,0.03264675,2,1,2,riesgo_bajo,0.9652826,1
4,13.617761080476042,6,64,Empleado,14.220976332738882,9.210440366976517,122078,95.227787,871.0,2,3,1,0,0,13.736220566928477,Creciente,0,0,0.08138533333333334,2,1,1,riesgo_muy_bajo,0.9619352,1
9,14.766631069244092,9,56,Independiente,15.135131053052907,15.135131053052907,242680,95.227787,745.0,7,19,4,1,2,13.768695641707609,Creciente,0,0,0.06485301977552112,7,3,7,riesgo_bajo,0.962866,1
4,13.381091809467188,6,38,Empleado,14.220976332738882,13.28787951079572,96123,95.227787,732.0,6,1,0,0,4,13.719579885694309,Estable,0,0,0.064082,12,4,4,riesgo_bajo,0.9623135,1
4,14.438664902954077,10,50,Independiente,15.068273812173887,13.45883704259595,173908,95.227787,897.0,4,2,1,0,1,14.001572610373936,Sin_dato,0,1,0.049688,4,2,2,riesgo_muy_bajo,0.9677596,1
4,13.771371610098182,6,32,Independiente,14.731801689838349,13.815511557963774,142017,95.227787,780.0,4,3,2,0,2,13.736220566928477,Creciente,0,0,0.0568068,2,1,4,riesgo_bajo,0.9620303,1
4,15.867608985701338,18,44,Independiente,16.118095750958314,14.508658238524095,430837,95.227787,841.0,9,6,6,2,1,14.1054630510594,Creciente,0,0,0.0430837,2,1,9,riesgo_bajo,0.96634144,1
4,14.47020844774817,12,27,Empleado,14.58746938105561,13.710151153416941,133650,95.227787,783.0,5,3,3,0,0,14.256020364107275,Creciente,0,0,0.06176062846580407,1,1,3,riesgo_bajo,0.9679731,1
4,14.01763555904754,6,29,Empleado,14.508658238524095,13.122365377402328,182404,89.979287,755.0,1,2,0,0,0,13.714541496850767,Creciente,0,0,0.091202,3,1,0,riesgo_bajo,0.9597764,1
9,15.65656327114511,9,37,Empleado,15.696501313359285,15.225033289463235,607120,88.229786,795.0,11,4,6,2,2,14.001572610373936,Sin_dato,0,1,0.09254878048780488,11,4,10,riesgo_bajo,0.960113,1
4,15.070613928438238,6,60,Empleado,15.068273812173887,14.508658238524095,521063,95.227787,878.0,7,2,6,0,1,15.622236797551215,Creciente,0,0,0.14887514285714284,3,1,7,riesgo_muy_bajo,0.9632478,1
4,12.919024904363686,6,60,Independiente,14.403297778421795,13.710151153416941,60637,62.667613,792.0,3,6,0,1,1,14.001572610373936,Sin_dato,0,1,0.03368722222222222,3,1,2,riesgo_bajo,0.7375369,0
4,13.38146231649485,8,51,Empleado,14.151983508870947,10.308985993422082,73483,95.227787,773.0,2,0,0,0,2,13.766788691462503,Creciente,0,0,0.05248785714285714,12,4,2,riesgo_bajo,0.9675135,1
4,14.191753493831325,10,51,Independiente,15.607270193858982,15.201805169084134,135139,95.227787,823.0,4,3,3,0,0,11.011554999974992,Creciente,0,0,0.022523166666666667,2,1,3,riesgo_bajo,0.9620339,1
9,14.409893309664955,9,46,Independiente,15.201805169084134,14.508658238524095,169784,95.227787,778.0,12,3,7,1,2,14.187074804051692,Creciente,0,0,0.042446,6,2,10,riesgo_bajo,0.96657836,1
9,14.288261036163805,5,55,Independiente,15.424948670398354,14.508658238524095,260206,95.227787,734.0,13,5,6,0,6,14.538642663554784,Decreciente,0,0,0.0520412,2,1,12,riesgo_bajo,0.9595967,1
4,14.620557278088768,6,61,Independiente,15.29711532616119,13.784020922864116,334992,95.227787,796.0,6,2,5,0,0,12.620969798389284,Creciente,0,0,0.07613454545454545,8,3,5,riesgo_bajo,0.95901656,1
4,13.957010988293153,6,65,Independiente,15.343738631892547,14.272936037914342,173772,95.227787,854.0,6,6,4,1,1,13.784545036757393,Creciente,0,0,0.03769457700650759,8,3,6,riesgo_muy_bajo,0.96551716,1
4,14.617871271767115,6,41,Empleado,15.441330941898391,15.061680698594214,336148,95.227787,818.0,4,3,2,0,0,15.49011766761797,Creciente,0,0,0.06613719866225579,8,3,2,riesgo_bajo,0.9668104,1
4,14.526636252155805,6,33,Empleado,14.77102238760702,13.710151153416941,282817,95.227787,770.0,8,6,5,0,0,13.808424511130339,Creciente,0,0,0.10877576923076923,1,1,5,riesgo_bajo,0.96284723,1
9,14.617731401908616,10,55,Independiente,14.845130332288226,13.815511557963774,189676,95.227787,739.0,5,4,1,1,2,14.001572610373936,Sin_dato,0,1,0.06774142857142858,4,2,4,riesgo_bajo,0.9617669,1
4,14.234642514453881,12,62,Empleado,13.997832948091215,12.206077645517674,119091,95.227787,760.0,9,4,4,0,4,13.719579885694309,Estable,0,0,0.0992425,1,1,8,riesgo_bajo,0.9640275,1
9,13.87923193282875,10,53,Empleado,15.424948670398354,14.220976332738882,90633,95.227787,829.0,10,4,9,0,0,13.752589927335745,Creciente,0,0,0.0181266,5,2,9,riesgo_bajo,0.96827835,1
4,13.596131163315016,6,46,Empleado,14.914123179965662,13.122365377402328,119107,95.227787,832.0,5,1,3,0,0,15.23356784386005,Creciente,0,0,0.03970233333333333,12,4,3,riesgo_bajo,0.9686239,1
4,15.005644343280455,12,33,Independiente,14.220976332738882,13.122365377402328,258282,95.227787,775.0,3,5,2,0,0,13.638611075124132,Creciente,0,0,0.172188,2,1,2,riesgo_bajo,0.96390647,1
4,13.732564723626895,6,55,Empleado,14.914123179965662,14.508658238524095,136829,95.227787,721.0,9,6,2,0,3,13.719579885694309,Estable,0,0,0.045609666666666666,1,1,5,riesgo_bajo,0.960797,1
4,14.228865128920612,12,48,Empleado,16.012735246411598,15.424948670398354,119869,95.227787,818.0,8,3,4,0,1,15.971985476126937,Creciente,0,0,0.013318777777777778,6,2,5,riesgo_bajo,0.9677302,1
9,15.014881369345769,10,37,Empleado,15.773772818895813,13.525159593854116,297909,47.613894,830.0,2,0,2,0,0,14.001572610373936,Sin_dato,0,1,0.04203598137434739,4,2,2,riesgo_bajo,0.76511955,0
4,14.557448378884015,8,26,Empleado,14.45736497045232,13.592368256649284,237966,95.227787,719.0,4,9,1,0,1,13.569089423682888,Creciente,0,0,0.12524526315789475,12,4,2,riesgo_bajo,0.9556628,1
4,14.55713404392133,10,36,Independiente,16.213405921671733,15.76142084987672,194265,91.728786,775.0,6,6,5,0,1,14.621986870259695,Creciente,0,0,0.017660454545454545,4,2,6,riesgo_bajo,0.9623859,1
9,14.112142312272114,10,38,Empleado,15.830413711839864,15.520258832020865,114523,95.227787,842.0,10,2,8,0,0,15.885169530968081,Decreciente,0,0,0.015269733333333334,6,2,8,riesgo_bajo,0.9667603,1
4,14.260197020251155,6,42,Independiente,14.914123179965662,13.122365377402328,234503,95.227787,752.0,5,3,3,0,0,14.001572610373936,Sin_dato,0,1,0.07816766666666666,6,2,3,riesgo_bajo,0.96563816,1
4,14.933141179521991,12,46,Empleado,14.914123179965662,14.220976332738882,238724,95.227787,798.0,10,24,3,0,4,14.902053301830751,Creciente,0,0,0.07957466666666667,11,4,7,riesgo_bajo,0.9655529,1
4,13.89491398441803,8,54,Empleado,14.077875591662238,12.899222326086994,122794,95.227787,729.0,3,4,1,0,2,13.719579885694309,Estable,0,0,0.09445692307692308,1,1,3,riesgo_bajo,0.9632615,1
4,13.417657901483228,6,37,Empleado,14.220976332738882,13.592368256649284,99865,95.227787,780.0,6,2,3,1,2,14.153017972889211,Decreciente,0,0,0.06657666666666667,4,2,6,riesgo_bajo,0.9681429,1
4,16.48273883399067,12,48,Independiente,17.034386422832473,16.300417291085605,1126156,95.227787,814.0,17,1,8,0,4,14.508658238524095,Estable,0,0,0.04504624,12,4,12,riesgo_bajo,0.96126217,1
4,14.490086862311108,10,38,Empleado,14.731801689838349,12.206077645517674,181654,95.227787,781.0,3,3,1,0,1,13.737719812718867,Creciente,0,0,0.0726616,3,1,2,riesgo_bajo,0.96689713,1
9,15.044382334074863,9,42,Independiente,16.118095750958314,15.201805169084134,319458,95.227787,771.0,7,5,0,0,5,14.570693599368374,Estable,0,0,0.0319458,2,1,5,riesgo_bajo,0.9604388,1
9,15.120837730042718,6,100,Empleado,16.833477645707323,15.402541294207541,503536,95.227787,0.0,0,0,0,0,0,14.001572610373936,Sin_dato,1,1,0.024623177403886497,7,3,0,sin_clasificar,0.95941967,0
4,15.822381541217867,12,36,Independiente,16.012735246411598,15.068273812173887,584519,95.227787,736.0,4,3,0,0,2,13.719579885694309,Estable,0,0,0.06494655555555555,2,1,2,riesgo_bajo,0.9442827,1
9,14.792979245596221,10,52,Empleado,15.76142084987672,14.508658238524095,225652,95.227787,823.0,8,3,6,0,0,14.001572610373936,Sin_dato,0,1,0.032236,2,1,6,riesgo_bajo,0.96751636,1
4,13.6967281480998,6,56,Empleado,13.988011550485014,13.555444949561487,131652,95.227787,764.0,5,9,2,0,3,14.034137524849747,Creciente,0,0,0.1107928151130381,7,3,5,riesgo_bajo,0.9595791,1
4,15.237654813174167,6,48,Independiente,15.030423599064406,12.055255569732177,628333,95.227787,787.0,3,3,1,0,2,14.001572610373936,Sin_dato,0,1,0.18644896142433234,9,3,3,riesgo_bajo,0.96464276,1
4,14.624305607444702,24,54,Empleado,13.997832948091215,13.122365377402328,98678,95.227787,796.0,10,8,5,0,3,14.028542357397642,Creciente,0,0,0.08223166666666666,5,2,8,riesgo_bajo,0.96221626,1
9,13.750004956021435,11,46,Empleado,14.946912992035967,14.253766134056512,73369,95.227787,748.0,5,7,4,0,0,13.776651219507292,Creciente,0,0,0.02366741935483871,8,3,4,riesgo_bajo,0.9664868,1
4,14.403297778421795,24,29,Empleado,14.651892339885597,13.588611212476708,84799,95.227787,708.0,5,8,2,0,2,14.001572610373936,Sin_dato,0,1,0.03674133448873484,10,4,4,riesgo_bajo,0.9407495,1
9,13.68640478638756,5,59,Independiente,15.424948670398354,14.508658238524095,142581,89.979287,777.0,6,6,1,0,3,13.814993424273693,Creciente,0,0,0.0285162,4,2,4,riesgo_bajo,0.9650988,1
4,14.23532331125169,8,26,Independiente,14.508658238524095,13.45883704259595,173490,95.227787,731.0,4,2,1,0,1,14.001572610373936,Sin_dato,0,1,0.086745,5,2,2,riesgo_bajo,0.96120894,1
4,15.0894757900543,12,42,Independiente,15.76142084987672,15.424948670398354,281216,95.227787,879.0,3,4,2,0,1,14.432169705502114,Creciente,0,0,0.040173714285714285,3,1,3,riesgo_muy_bajo,0.95962465,1
4,13.400905305713037,6,36,Independiente,15.298931856675116,0.0,101156,95.227787,874.0,3,6,2,0,0,14.143473838737808,Decreciente,0,0,0.022948275862068965,12,4,2,riesgo_muy_bajo,0.95943415,1
4,13.951160579708342,6,46,Empleado,15.424948670398354,14.508658238524095,170213,95.227787,875.0,3,2,2,0,0,16.060789216987462,Decreciente,0,0,0.0340426,3,1,2,riesgo_muy_bajo,0.9658889,1
4,13.641158361294979,6,47,Independiente,15.968086499816106,14.508658238524095,129430,95.227787,884.0,3,0,3,0,0,14.001572610373936,Sin_dato,0,1,0.01503775996282096,2,1,3,riesgo_muy_bajo,0.9664039,1
4,15.239100944675616,6,37,Independiente,16.454567959008102,15.76142084987672,617106,95.227787,820.0,10,10,7,0,1,14.217369839553442,Estable,0,0,0.044079,3,1,8,riesgo_bajo,0.96422744,1
9,14.288261036163805,5,40,Independiente,16.300417291085605,15.201805169084134,260282,95.227787,737.0,26,4,20,0,3,13.756640209011017,Decreciente,0,0,0.021690166666666667,4,2,23,riesgo_bajo,0.9568817,1
4,14.416542997861878,6,42,Independiente,15.803385043104912,15.140727335320955,275492,95.227787,774.0,7,5,6,0,0,13.790247107476947,Creciente,0,0,0.0377386301369863,8,3,6,riesgo_bajo,0.9630656,1
9,14.649530976225405,10,33,Empleado,15.068273812173887,13.815511557963774,195292,95.227787,823.0,5,3,1,0,3,14.001572610373936,Sin_dato,0,1,0.055797714285714284,1,1,4,riesgo_bajo,0.9638843,1
4,15.007157651855456,12,41,Independiente,15.201805169084134,13.122365377402328,258351,95.227787,816.0,8,5,4,0,0,14.001572610373936,Sin_dato,0,1,0.06458775,2,1,4,riesgo_bajo,0.9637406,1
10,15.943742382861155,6,64,Empleado,15.054464620872551,0.0,1264356,95.227787,813.0,6,3,3,1,1,14.238728481520734,Creciente,0,0,0.36626767091541135,8,3,5,riesgo_bajo,0.9643676,1
4,14.997544761425809,12,62,Empleado,15.319588176962746,13.592368256649284,256198,95.227787,853.0,12,0,8,0,3,15.493758791890755,Creciente,0,0,0.05693288888888889,2,1,11,riesgo_muy_bajo,0.96393794,1
9,15.995254140262674,9,100,Empleado,15.36695869931203,14.292095607075545,838134,89.2295,0.0,0,0,0,0,0,14.001572610373936,Sin_dato,1,1,0.1776348542705133,6,2,0,sin_clasificar,0.9525553,1
4,14.179320685826996,6,64,Empleado,15.424948670398354,14.914123179965662,213701,95.227787,768.0,8,9,6,0,1,14.001572610373936,Sin_dato,0,1,0.0427402,4,2,7,riesgo_bajo,0.9635814,1
4,14.510446637489911,8,39,Empleado,14.914123179965662,14.220976332738882,226942,95.227787,810.0,5,7,2,0,2,13.776651219507292,Creciente,0,0,0.07564733333333333,8,3,4,riesgo_bajo,0.96574426,1
9,14.231970863403712,10,26,Empleado,14.77102238760702,13.710151153416941,128427,95.227787,824.0,5,9,3,0,2,13.661244538152282,Creciente,0,0,0.049395,12,4,5,riesgo_bajo,0.9548742,1
4,14.919667778377926,8,64,Empleado,14.220976332738882,13.592368256649284,343912,95.227787,848.0,7,7,5,0,1,13.760675208425667,Creciente,0,0,0.22927466666666665,5,2,6,riesgo_bajo,0.9555796,1
4,14.253373024794694,6,24,Empleado,15.009433329466965,14.508658238524095,232909,95.227787,767.0,2,2,1,0,0,13.910821646859095,Creciente,0,0,0.07057848484848485,5,2,1,riesgo_bajo,0.9601983,1
9,14.399521994540011,9,22,Independiente,13.997832948091215,13.304686600863562,167631,88.229786,744.0,0,2,0,0,0,14.001572610373936,Sin_dato,0,1,0.1396925,3,1,0,riesgo_bajo,0.94912684,1
9,14.735328103314005,11,57,Empleado,15.607270193858982,15.201805169084134,212167,95.227787,815.0,10,2,4,0,2,15.10749451433816,Creciente,0,0,0.035361166666666666,1,1,6,riesgo_bajo,0.96697146,1
9,14.75307099730877,11,46,Empleado,14.914123179965662,14.508658238524095,201192,95.227787,816.0,6,5,5,0,1,15.162707218364543,Creciente,0,0,0.067064,3,1,6,riesgo_bajo,0.9673523,1
4,16.20885010555098,12,47,Independiente,15.201805169084134,14.508658238524095,861704,95.227787,837.0,7,5,5,0,0,13.74680657331693,Creciente,0,0,0.215426,4,2,5,riesgo_bajo,0.966128,1
4,15.996741358448634,36,51,Empleado,14.652758515398315,13.275944180597024,338078,95.227787,812.0,7,0,2,1,2,12.642180111016748,Decreciente,0,0,0.14635411255411254,2,1,5,riesgo_bajo,0.95539904,1
4,13.362955414648066,6,50,Independiente,14.690979711984754,13.393917592315308,97508,95.227787,708.0,7,12,3,0,3,14.001572610373936,Sin_dato,0,1,0.040628333333333336,10,4,6,riesgo_bajo,0.9339424,1
4,13.349812844941008,6,46,Independiente,16.118095750958314,15.201805169084134,93102,95.227787,737.0,20,6,15,0,2,14.001572610373936,Sin_dato,0,1,0.0093102,1,1,17,riesgo_bajo,0.96097213,1
4,13.25549644070626,6,33,Empleado,14.220976332738882,12.206077645517674,85545,95.227787,760.0,7,8,4,1,1,13.94568319126658,Creciente,0,0,0.05703,5,2,6,riesgo_bajo,0.9636124,1
9,14.95023327915575,9,40,Empleado,15.201805169084134,14.430696737594902,290754,95.227787,792.0,9,11,2,0,3,14.206192261377486,Creciente,0,0,0.0726885,3,1,5,riesgo_bajo,0.96199757,1
9,13.928440056463968,10,61,Empleado,15.894952224644102,15.76142084987672,95304,95.227787,884.0,8,6,5,2,0,15.097208278266319,Creciente,0,0,0.011913,6,2,7,riesgo_muy_bajo,0.96378565,1
4,14.075190144984994,6,39,Empleado,14.266427566020269,13.613395597831598,195824,95.227787,738.0,8,5,2,2,0,14.272151553568069,Creciente,0,0,0.12474852683548336,8,3,4,riesgo_bajo,0.96508104,1
9,14.585609242577833,10,27,Independiente,14.845130332288226,13.815511557963774,183199,95.227787,692.0,3,3,2,0,1,14.001572610373936,Sin_dato,0,1,0.06542821428571428,1,1,3,riesgo_medio,0.95242643,1
4,13.055199546488112,6,35,Empleado,13.997832948091215,12.611541086966115,70018,95.227787,726.0,9,11,0,3,2,14.13444562776621,Decreciente,0,0,0.058348333333333335,5,2,5,riesgo_bajo,0.94179916,1
4,15.137202662582204,24,48,Empleado,15.290960059070997,14.230266373481294,182140,95.227787,805.0,7,3,4,0,1,14.316563383117316,Creciente,0,0,0.04165104047564601,12,4,5,riesgo_bajo,0.9676127,1
4,14.143576849126461,12,57,Empleado,14.488455541410652,12.765691290604371,96408,74.296247,778.0,6,4,2,1,3,14.77589434460305,Creciente,0,0,0.04918775510204081,1,1,6,riesgo_bajo,0.9666197,1
4,14.961655394937562,12,29,Independiente,14.914123179965662,13.815511557963774,218475,95.227787,751.0,4,5,1,0,1,13.719579885694309,Estable,0,0,0.072825,1,1,2,riesgo_bajo,0.961348,1
9,13.68640478638756,5,55,Independiente,15.424948670398354,14.508658238524095,142664,95.227787,814.0,2,8,1,0,0,13.815511557963774,Creciente,0,0,0.0285328,4,2,1,riesgo_bajo,0.96326745,1
9,14.260297784340457,10,57,Independiente,14.914123179965662,14.508658238524095,132325,95.227787,806.0,0,3,0,0,0,14.077875591662238,Estable,0,0,0.04410833333333333,12,4,0,riesgo_bajo,0.9667336,1
4,13.565356741626974,6,55,Independiente,15.424948670398354,14.648420115681892,115760,95.227787,825.0,3,3,3,0,0,14.001572610373936,Sin_dato,0,1,0.023152,4,2,3,riesgo_bajo,0.96606857,1
4,14.403231776280368,6,53,Empleado,14.914123179965662,13.997832948091215,267514,95.227787,876.0,7,2,6,0,0,14.5142679716947,Creciente,0,0,0.08917133333333334,3,1,6,riesgo_muy_bajo,0.96677935,1
9,14.33835387905844,10,38,Empleado,13.910821646859095,13.122365377402328,143068,95.227787,778.0,7,7,0,2,1,14.131932408028087,Creciente,0,0,0.1300618181818182,2,1,3,riesgo_bajo,0.96098906,1
4,13.081543466215237,6,30,Empleado,14.603968372873895,13.304686600863562,71342,90.562453,810.0,3,5,2,0,0,14.460382516749192,Creciente,0,0,0.03242818181818182,3,1,2,riesgo_bajo,0.96317863,1
9,15.022967146859632,9,45,Empleado,15.123843647884687,14.690979711984754,312690,95.227787,858.0,8,7,7,0,1,13.728690435411622,Creciente,0,0,0.08451081081081081,2,1,8,riesgo_muy_bajo,0.95183206,1
4,14.85935313052223,24,37,Empleado,14.630875813726247,12.77422616877261,135273,95.227787,774.0,2,2,0,1,1,14.001572610373936,Sin_dato,0,1,0.05985530973451327,10,4,2,riesgo_bajo,0.96004236,1
4,15.326762379122185,36,41,Empleado,16.600089669810686,15.083303156455418,171015,95.227787,808.0,7,4,6,0,1,15.63398482143677,Creciente,0,0,0.010561044895942692,12,4,7,riesgo_bajo,0.9681008,1
4,13.75525193166331,12,36,Empleado,14.690979711984754,13.592368256649284,73601,95.227787,743.0,6,5,2,1,2,14.425459808367362,Creciente,0,0,0.030667083333333334,11,4,5,riesgo_bajo,0.96448606,1
4,13.304686600863562,6,59,Independiente,15.150511887854474,14.508658238524095,90199,95.227787,808.0,2,2,1,0,0,13.764328836299624,Creciente,0,0,0.02373657894736842,5,2,1,riesgo_bajo,0.9673369,1
4,14.690979711984754,12,50,Empleado,14.220976332738882,13.45883704259595,189100,71.297103,730.0,5,4,2,1,0,13.967048971650529,Decreciente,0,0,0.12606666666666666,2,1,3,riesgo_bajo,0.9665509,1
4,13.904532828418388,6,48,Empleado,14.603968372873895,11.918397239722838,162614,95.227787,756.0,3,4,1,0,2,13.69205622083628,Creciente,0,0,0.07391545454545455,2,1,3,riesgo_bajo,0.9601032,1
9,14.053740534718278,2,46,Independiente,15.424948670398354,14.508658238524095,500357,95.227787,760.0,5,10,2,0,2,14.109109590629961,Creciente,0,0,0.1000714,2,1,4,riesgo_bajo,0.95728195,1
4,13.8924725250259,18,41,Empleado,15.328437790281823,14.679665956825312,64878,95.227787,829.0,17,3,6,9,1,15.69159034207573,Decreciente,0,0,0.014290308370044053,11,4,16,riesgo_bajo,0.9658156,1
9,13.68640478638756,5,36,Independiente,15.424948670398354,14.508658238524095,142747,95.227787,707.0,6,13,1,0,4,14.001572610373936,Sin_dato,0,1,0.0285494,5,2,5,riesgo_bajo,0.9197554,1
9,14.895460924484633,9,53,Empleado,15.068273812173887,13.997832948091215,275257,95.227787,808.0,6,5,2,0,3,13.736220566928477,Creciente,0,0,0.07864485714285714,2,1,5,riesgo_bajo,0.9656668,1
4,14.557391234421369,24,35,Empleado,15.035455427046395,14.089347984049986,103343,95.227787,792.0,9,3,3,0,5,14.696316278255008,Creciente,0,0,0.030511662237968702,2,1,8,riesgo_bajo,0.96263343,1
4,14.025448092426412,12,41,Independiente,14.151983508870947,12.899222326086994,97088,95.227787,824.0,1,0,1,0,0,11.011554999974992,Estable,0,0,0.06934857142857143,5,2,1,riesgo_bajo,0.9645823,1
4,13.898399365496656,12,61,Empleado,14.914123179965662,13.122365377402328,85248,95.227787,807.0,5,1,3,0,2,14.001572610373936,Sin_dato,0,1,0.028416,1,1,5,riesgo_bajo,0.9686915,1
4,13.655202124694997,10,58,Empleado,15.319588176962746,14.731801689838349,78913,95.227787,761.0,1,6,0,0,0,14.753648100876433,Estable,0,0,0.017536222222222224,3,1,0,riesgo_bajo,0.96276146,1
9,14.57063363519272,10,34,Empleado,13.997832948091215,12.206077645517674,181140,95.227787,777.0,2,4,1,0,0,14.001572610373936,Sin_dato,0,1,0.15095,5,2,1,riesgo_bajo,0.9636386,1
4,15.414898336565054,6,29,Independiente,14.45736497045232,12.549665896013254,745067,95.227787,725.0,5,8,0,0,3,14.001572610373936,Sin_dato,0,1,0.3921405263157895,8,3,3,riesgo_bajo,0.9437374,1
4,15.135473378113504,12,31,Empleado,14.953343880298434,13.356646255406224,309321,95.227787,800.0,6,2,3,0,1,14.613848039696382,Creciente,0,0,0.09914134615384615,12,4,4,riesgo_bajo,0.96878314,1
4,13.435714658591923,10,47,Empleado,14.731801689838349,13.122365377402328,63451,95.227787,818.0,4,5,2,0,1,13.736220566928477,Creciente,0,0,0.0253804,2,1,3,riesgo_bajo,0.9667795,1
4,14.187379033421466,8,41,Independiente,14.508658238524095,13.592368256649284,166406,95.227787,720.0,2,7,1,0,1,14.001572610373936,Sin_dato,0,1,0.083203,7,3,2,riesgo_bajo,0.9596137,1
9,13.416585516918712,12,33,Empleado,16.52356082573315,15.76142084987672,46600,95.227787,861.0,6,4,2,0,2,16.060789216987462,Creciente,0,0,0.003106666666666667,5,2,4,riesgo_muy_bajo,0.9645851,1
9,14.482387990409174,10,43,Empleado,14.914123179965662,13.997832948091215,165666,95.227787,857.0,1,4,1,0,0,13.744438741253175,Creciente,0,0,0.055222,4,2,1,riesgo_muy_bajo,0.9666364,1
4,14.090867740026573,12,35,Empleado,15.045151401436407,14.0763359466619,109590,95.227787,785.0,5,5,3,0,2,15.132633549524522,Creciente,0,0,0.032043859649122805,11,4,5,riesgo_bajo,0.9656975,1
4,13.637204846857248,6,39,Empleado,14.397726736475999,13.45883704259595,125773,95.227787,757.0,5,3,0,0,3,14.378092798767298,Creciente,0,0,0.07026424581005587,5,2,3,riesgo_bajo,0.9672965,1
4,15.821025784066757,12,50,Empleado,15.830413711839864,14.731801689838349,515967,95.227787,750.0,26,11,24,0,1,14.001572610373936,Sin_dato,0,1,0.0687956,1,1,25,riesgo_bajo,0.93389404,1
4,15.506930404249104,8,39,Empleado,15.955576839107596,15.201805169084134,616807,53.349761,737.0,9,5,5,0,1,14.958317068796157,Decreciente,0,0,0.07256552941176471,5,2,6,riesgo_bajo,0.75710374,0
4,14.363170010077551,12,33,Independiente,13.815511557963774,13.304686600863562,135258,92.228643,770.0,2,4,2,0,0,14.001572610373936,Sin_dato,0,1,0.135258,2,1,2,riesgo_bajo,0.9612765,1
9,13.068853312005002,2,33,Independiente,15.424948670398354,14.508658238524095,187039,86.830187,850.0,11,4,6,0,1,10.414363175052161,Estable,0,0,0.0374078,6,2,7,riesgo_bajo,0.9625775,1
4,14.417792873650678,12,38,Empleado,14.731801689838349,12.611541086966115,126825,95.227787,778.0,5,3,2,0,3,14.547812584123665,Creciente,0,0,0.05073,1,1,5,riesgo_bajo,0.96720546,1
4,13.883712049726212,6,51,Independiente,15.894952224644102,13.815511557963774,159155,95.227787,841.0,18,5,9,0,8,14.093773913231297,Creciente,0,0,0.019894375,5,2,17,riesgo_bajo,0.9636887,1
4,16.269958086178214,6,57,Independiente,14.25762962639379,14.810982457261952,1752211,95.227787,845.0,13,5,8,0,1,14.397354041543718,Creciente,0,0,1.1260996143958868,8,3,9,riesgo_bajo,0.96423984,1
9,13.724959615004495,6,42,Empleado,15.76142084987672,14.508658238524095,124641,95.227787,763.0,6,3,1,0,2,14.187074804051692,Decreciente,0,0,0.017805857142857144,4,2,3,riesgo_bajo,0.96663684,1
4,15.212745106402389,36,32,Independiente,14.508658238524095,12.296831574998258,146447,95.227787,839.0,2,1,1,0,0,14.001572610373936,Sin_dato,0,1,0.0732235,10,4,1,riesgo_bajo,0.9368548,1
4,14.289988786243272,6,31,Empleado,15.068273812173887,13.815511557963774,239520,95.227787,779.0,9,6,6,1,2,14.768763300195864,Creciente,0,0,0.06843428571428571,3,1,9,riesgo_bajo,0.96718675,1
4,14.271897524819645,12,28,Empleado,15.068273812173887,13.910821646859095,124298,95.227787,741.0,9,6,4,2,2,13.815511557963774,Creciente,0,0,0.03551371428571429,7,3,8,riesgo_bajo,0.96259034,1
4,13.304686600863562,8,31,Empleado,14.346139397261565,12.899222326086994,68052,95.227787,740.0,2,4,0,0,2,14.155928571188715,Creciente,0,0,0.040030588235294116,11,4,2,riesgo_bajo,0.95717585,1
4,14.402431403708695,8,51,Empleado,15.224055772517731,13.651815643149092,207659,95.227787,808.0,8,5,5,0,2,14.342414824772954,Creciente,0,0,0.05077237163814181,8,3,7,riesgo_bajo,0.9677537,1
9,14.053740534718278,9,40,Independiente,15.201805169084134,14.508658238524095,118514,95.227787,780.0,16,9,8,2,3,13.727934294183411,Creciente,0,0,0.0296285,2,1,13,riesgo_bajo,0.96009946,1
4,13.969983757205126,12,49,Empleado,14.151983508870947,13.304686600863562,91840,95.227787,767.0,1,7,0,0,1,13.798032706281976,Creciente,0,0,0.0656,1,1,1,riesgo_bajo,0.9625621,1
4,14.232904895699024,6,44,Empleado,15.40270306595001,14.580978865220017,229275,95.227787,747.0,14,2,7,1,6,15.065836845877593,Creciente,0,0,0.04688650306748466,8,3,14,riesgo_bajo,0.96230465,1
6,15.857352537714796,36,48,Empleado,15.894952224644102,0.0,251901,95.227787,823.0,2,2,2,0,0,14.001572610373936,Sin_dato,0,1,0.031487625,5,2,2,riesgo_bajo,0.93299466,0
4,13.941262645103661,12,45,Empleado,14.328334783195153,13.122365377402328,89030,95.227787,792.0,7,3,2,0,1,14.390482688540258,Creciente,0,0,0.05331137724550898,12,4,3,riesgo_bajo,0.9684729,1
4,14.344962234781407,6,34,Empleado,14.914123179965662,13.815511557963774,252084,95.227787,799.0,4,10,1,0,1,13.453877629220557,Decreciente,0,0,0.084028,12,4,2,riesgo_bajo,0.9519813,1
4,15.36901304957397,6,65,Independiente,16.118095750958314,15.150511887854474,704623,95.227787,855.0,7,5,5,0,1,13.760675208425667,Creciente,0,0,0.0704623,5,2,6,riesgo_muy_bajo,0.9619103,1
4,14.786289853910306,12,32,Independiente,15.607270193858982,13.304686600863562,207753,88.229786,771.0,7,6,3,0,2,13.671932292683717,Creciente,0,0,0.0346255,1,1,5,riesgo_bajo,0.95469326,1
9,15.244136509590817,10,100,Empleado,15.200262980908272,16.175039247282193,354303,95.227787,0.0,0,0,0,0,0,14.001572610373936,Sin_dato,1,1,0.08871245589453347,5,2,0,sin_clasificar,0.9541141,1
4,14.54531796488875,6,43,Empleado,15.150511887854474,13.815511557963774,308357,95.227787,765.0,5,4,1,0,1,13.559166933019052,Decreciente,0,0,0.08114657894736842,3,1,2,riesgo_bajo,0.9621508,1
4,15.129234495066498,6,54,Empleado,15.552461966753656,14.731801689838349,553024,95.227787,846.0,10,2,8,0,2,15.593588696473907,Creciente,0,0,0.09736338028169014,4,2,10,riesgo_bajo,0.9606687,1
4,14.7626955106911,12,42,Independiente,15.068273812173887,14.279245203127035,202308,95.227787,794.0,11,7,7,1,1,13.719579885694309,Estable,0,0,0.057802285714285716,12,4,9,riesgo_bajo,0.96343505,1
9,14.878980042162468,9,41,Independiente,15.520258832020865,14.731801689838349,270499,95.227787,853.0,14,5,12,0,1,14.378325224029096,Estable,0,0,0.049181636363636365,1,1,13,riesgo_muy_bajo,0.96246046,1
4,13.435100435805714,6,31,Independiente,14.603968372873895,13.592368256649284,102758,95.227787,735.0,2,6,1,0,1,13.719579885694309,Estable,0,0,0.046708181818181815,6,2,2,riesgo_bajo,0.9597875,1
4,14.585007944990682,12,37,Empleado,14.648420115681892,13.304686600863562,149908,95.227787,818.0,4,4,2,0,1,14.688476582810912,Decreciente,0,0,0.06517739130434783,1,1,3,riesgo_bajo,0.96785975,1
4,13.239006207718033,6,42,Independiente,15.123843647884687,0.0,83584,95.227787,830.0,4,3,3,0,0,13.727934294183411,Creciente,0,0,0.02259027027027027,2,1,3,riesgo_bajo,0.9664375,1
4,15.095644361255708,6,39,Independiente,14.914123179965662,12.100717685412471,533344,89.979287,796.0,3,0,2,0,0,14.001572610373936,Sin_dato,0,1,0.17778133333333335,7,3,2,riesgo_bajo,0.96302056,1
4,14.19602770421655,10,54,Empleado,14.403297778421795,13.592368256649284,135384,95.227787,838.0,6,2,3,0,1,13.719579885694309,Estable,0,0,0.07521333333333333,4,2,4,riesgo_bajo,0.9688269,1
9,16.152012999175902,11,100,Empleado,16.749213745778935,16.702881205920505,875855,95.227787,0.0,0,0,0,0,0,14.001572610373936,Sin_dato,1,1,0.04659519468684282,5,2,0,sin_clasificar,0.9623116,1
4,14.453420360665465,12,28,Empleado,14.845130332288226,13.928840136128022,148869,95.227787,775.0,9,12,4,0,2,13.737719812718867,Creciente,0,0,0.0531675,2,1,6,riesgo_bajo,0.9639195,1
4,15.050742407619332,6,45,Independiente,15.894952224644102,14.914123179965662,510811,95.227787,826.0,3,6,2,0,0,14.45736497045232,Decreciente,0,0,0.063851375,2,1,2,riesgo_bajo,0.9581142,1
4,15.129234495066498,6,47,Empleado,15.285686632949897,11.571203807011969,572280,95.227787,853.0,5,1,4,0,0,13.639834868391421,Creciente,0,0,0.13155862068965518,1,1,4,riesgo_muy_bajo,0.96597266,1
4,13.506810479943264,6,62,Independiente,14.77102238760702,13.017005083966255,110397,95.227787,794.0,9,2,5,0,1,13.79237702937058,Creciente,0,0,0.042460384615384615,6,2,6,riesgo_bajo,0.96850073,1
4,15.1356653836736,6,51,Empleado,15.424948670398354,15.150511887854474,557976,95.227787,777.0,7,5,5,0,1,13.760675208425667,Creciente,0,0,0.1115952,5,2,6,riesgo_bajo,0.96531785,1
4,15.22659533177,24,66,Empleado,14.613018654748958,0.0,187902,95.227787,875.0,5,3,3,1,1,13.784545036757393,Creciente,0,0,0.0846405024141881,8,3,5,riesgo_muy_bajo,0.9590774,1
4,15.175625457932101,24,32,Independiente,14.731801689838349,12.899222326086994,135300,95.227787,708.0,3,9,2,0,1,14.05080241884529,Decreciente,0,0,0.05412,4,2,3,riesgo_bajo,0.9058043,0
4,15.52105851204609,24,29,Empleado,15.068273812173887,12.611541086966115,191125,95.227787,750.0,11,18,4,3,3,15.1046186805817,Decreciente,0,0,0.054607142857142854,6,2,10,riesgo_bajo,0.9479786,0
4,14.27546448266944,6,46,Independiente,14.508658238524095,12.611541086966115,237226,95.227787,824.0,8,5,2,0,4,14.001572610373936,Sin_dato,0,1,0.118613,5,2,6,riesgo_bajo,0.9634659,1
4,14.896130280187224,6,68,Independiente,14.55267510240978,0.0,443504,95.227787,806.0,1,2,0,0,0,13.784545036757393,Creciente,0,0,0.21220287081339712,8,3,0,riesgo_bajo,0.95520985,1
4,14.210613227647942,6,35,Empleado,14.690979711984754,0.0,220695,95.227787,832.0,6,6,5,0,0,14.627598770111105,Creciente,0,0,0.09195625,3,1,5,riesgo_bajo,0.9673272,1
4,14.881599999279382,6,37,Independiente,16.52356082573315,15.607270193858982,437578,62.667613,848.0,4,3,3,0,0,13.773042417622467,Creciente,0,0,0.029171866666666667,7,3,3,riesgo_bajo,0.76553386,0
4,13.487007879880162,6,49,Empleado,14.151983508870947,12.899222326086994,106754,95.227787,783.0,7,0,3,0,3,14.001572610373936,Sin_dato,0,1,0.07625285714285714,12,4,6,riesgo_bajo,0.9663684,1
9,13.030287122822394,2,57,Empleado,14.557448378884015,14.077875591662238,179804,95.227787,855.0,8,2,6,0,1,15.044445304461773,Creciente,0,0,0.08562095238095238,5,2,7,riesgo_muy_bajo,0.9671299,1
4,14.176815467053427,6,58,Empleado,14.220976332738882,13.745089166628526,216024,95.227787,813.0,12,5,7,0,0,14.183934708857448,Creciente,0,0,0.144016,7,3,7,riesgo_bajo,0.9633159,1
9,15.115517952373311,10,42,Empleado,15.424948670398354,15.412673641992876,315641,95.227787,793.0,7,8,5,0,2,10.387373130123768,Decreciente,0,0,0.0631282,8,3,7,riesgo_bajo,0.95279413,1
4,13.61217085943569,12,39,Empleado,15.150511887854474,14.346139397261565,64103,95.227787,719.0,9,9,6,0,0,14.001572610373936,Sin_dato,0,1,0.01686921052631579,2,1,6,riesgo_bajo,0.9592056,0
4,13.997832948091215,12,42,Independiente,13.815511557963774,12.899222326086994,94160,95.227787,769.0,2,1,0,0,2,14.001572610373936,Sin_dato,0,1,0.09416,12,4,2,riesgo_bajo,0.96618897,1
4,14.280602770926372,12,24,Empleado,15.096444681204078,13.910821646859095,124692,95.227787,804.0,3,0,2,0,1,14.70697115779269,Decreciente,0,0,0.03463666666666667,12,4,3,riesgo_bajo,0.96860963,1
9,15.11921348700357,9,100,Empleado,17.14259588028487,16.086867488109387,343623,95.227787,0.0,0,0,0,0,0,14.001572610373936,Sin_dato,1,1,0.012335235474509341,3,1,0,sin_clasificar,0.95768726,1
9,15.370563623134748,9,47,Independiente,15.894952224644102,14.978661680269907,442240,95.227787,831.0,7,2,1,0,3,13.719579885694309,Estable,0,0,0.05528,1,1,4,riesgo_bajo,0.9582138,1
9,13.68640478638756,2,36,Empleado,15.424948670398354,14.508658238524095,346434,86.830187,682.0,5,1,2,0,2,14.001572610373936,Sin_dato,0,1,0.0692868,1,1,4,riesgo_medio,0.96243143,1
9,14.598980684544731,10,36,Empleado,15.424948670398354,14.731801689838349,185860,95.227787,833.0,5,4,3,0,0,14.83691561519391,Creciente,0,0,0.037172,3,1,3,riesgo_bajo,0.96685064,1
4,14.260120094264813,6,39,Empleado,15.201805169084134,13.815511557963774,231579,95.227787,818.0,4,2,2,0,1,15.298511169382971,Creciente,0,0,0.05789475,12,4,3,riesgo_bajo,0.96846896,1
4,14.180071029248513,24,33,Empleado,14.48334044336031,13.237477967034438,67471,95.227787,736.0,9,11,3,0,5,14.590132189994048,Creciente,0,0,0.03460051282051282,10,4,8,riesgo_bajo,0.96601415,1
4,14.98364922022622,6,35,Independiente,15.76142084987672,14.914123179965662,477990,32.420675,801.0,7,4,4,0,0,14.690979711984754,Creciente,0,0,0.06828428571428571,3,1,4,riesgo_bajo,0.7425533,0
4,14.441235597080412,10,60,Empleado,13.997832948091215,12.899222326086994,172993,95.227787,804.0,3,2,1,0,1,13.744438741253175,Creciente,0,0,0.14416083333333332,3,1,2,riesgo_bajo,0.96547425,1
4,15.95496488726935,6,44,Empleado,15.894952224644102,13.815511557963774,1261710,95.227787,871.0,8,6,3,0,2,14.001572610373936,Sin_dato,0,1,0.15771375,4,2,5,riesgo_muy_bajo,0.95877594,1
4,14.976835013499853,36,35,Empleado,16.142788361109663,15.607270193858982,104095,95.227787,762.0,5,6,3,0,0,15.575451304920753,Creciente,0,0,0.01015560975609756,4,2,3,riesgo_bajo,0.9586172,1
9,14.743735789539882,9,38,Empleado,14.731801689838349,13.997832948091215,237187,95.227787,722.0,6,3,4,0,0,14.571559765084695,Creciente,0,0,0.0948748,7,3,4,riesgo_bajo,0.96642894,1
9,13.775288175307557,10,33,Empleado,14.914123179965662,14.220976332738882,81472,95.227787,667.0,8,2,2,0,4,14.001572610373936,Sin_dato,0,1,0.027157333333333332,12,4,6,riesgo_medio,0.94922477,1
4,14.965880349924973,12,65,Empleado,14.508658238524095,13.60479076121576,219400,95.227787,899.0,3,2,1,1,0,13.727934294183411,Creciente,0,0,0.1097,1,1,2,riesgo_muy_bajo,0.9643123,1
9,14.498778196165487,9,45,Empleado,15.096444681204078,14.508658238524095,185212,95.227787,861.0,2,0,2,0,0,15.058925397103891,Creciente,0,0,0.05144777777777778,3,1,2,riesgo_muy_bajo,0.9673688,1
4,13.763249426952866,6,26,Independiente,14.403297778421795,12.899222326086994,131817,95.227787,793.0,2,2,2,0,0,11.927825919864878,Estable,0,0,0.07323166666666667,1,1,2,riesgo_bajo,0.9612667,1
4,14.914123179965662,6,58,Independiente,15.227960120107017,13.399996629152975,462251,95.227787,857.0,3,3,2,0,0,14.001572610373936,Sin_dato,0,1,0.1125793960058451,2,1,2,riesgo_muy_bajo,0.9644108,1
4,14.582726174182099,12,32,Empleado,13.986940516051433,12.206077645517674,168987,95.227787,699.0,5,8,4,0,0,10.387373130123768,Creciente,0,0,0.1423647851727043,12,4,4,riesgo_medio,0.95838535,1
4,15.971913256520972,36,50,Empleado,15.742238033226801,15.00670233178444,327332,95.227787,766.0,7,2,5,0,0,16.060789216987462,Creciente,0,0,0.04766739478666084,3,1,5,riesgo_bajo,0.9662595,1
4,13.696322660952127,12,46,Empleado,14.403297778421795,13.017005083966255,61642,95.227787,762.0,4,4,1,0,2,13.719579885694309,Estable,0,0,0.03424555555555556,1,1,3,riesgo_bajo,0.9649093,1
4,13.861668498967148,6,34,Empleado,15.607270193858982,13.815511557963774,155544,95.227787,833.0,2,0,0,0,1,15.373655386537118,Creciente,0,0,0.025924,1,1,1,riesgo_bajo,0.961688,1
4,15.809394347448032,6,37,Empleado,16.52356082573315,14.914123179965662,1096209,95.227787,765.0,3,0,1,0,0,14.412726515912727,Estable,0,0,0.0730806,5,2,1,riesgo_bajo,0.95795083,1
4,13.339358465598703,6,33,Independiente,13.973369496550454,10.915106645867503,94298,95.227787,753.0,2,2,0,0,2,13.815511557963774,Creciente,0,0,0.08052775405636209,9,3,2,riesgo_bajo,0.9654067,1
4,14.01851752222395,6,40,Independiente,15.068273812173887,12.899222326086994,182576,95.227787,843.0,6,2,3,0,0,14.001572610373936,Sin_dato,0,1,0.05216457142857143,5,2,3,riesgo_bajo,0.9678059,1
9,14.733511266993801,9,45,Empleado,14.508658238524095,14.151983508870947,234438,95.227787,887.0,5,3,2,2,0,14.815265583359016,Creciente,0,0,0.117219,4,2,4,riesgo_muy_bajo,0.9661805,1
4,14.925972692396282,12,39,Independiente,15.424948670398354,14.508658238524095,237750,95.227787,863.0,3,8,2,0,0,14.001572610373936,Sin_dato,0,1,0.04755,1,1,2,riesgo_muy_bajo,0.95572746,1
4,13.179350332101555,6,31,Independiente,15.76142084987672,14.914123179965662,78511,95.227787,715.0,9,5,1,2,5,14.001572610373936,Sin_dato,0,1,0.011215857142857142,1,1,8,riesgo_bajo,0.9496716,1
4,15.334279722464814,6,36,Independiente,14.914123179965662,13.815511557963774,678881,95.227787,781.0,8,4,4,0,2,14.001572610373936,Sin_dato,0,1,0.22629366666666667,5,2,6,riesgo_bajo,0.96157,1
4,14.85628262394301,12,40,Empleado,14.914123179965662,13.815511557963774,196625,86.230357,830.0,6,5,4,0,1,13.719579885694309,Estable,0,0,0.06554166666666666,1,1,5,riesgo_bajo,0.96706563,1
4,14.724317757933408,6,38,Empleado,14.987993004796314,12.891694078557842,376037,95.227787,819.0,8,3,4,0,1,13.998025429405082,Creciente,0,0,0.11642012383900929,11,4,5,riesgo_bajo,0.96826476,1
4,14.216164778957094,12,40,Empleado,14.220976332738882,12.777055016970678,119870,95.227787,772.0,8,5,4,0,0,14.093964683580714,Decreciente,0,0,0.07991333333333334,6,2,4,riesgo_bajo,0.9666622,1
4,14.66566191468422,12,49,Empleado,14.508658238524095,13.122365377402328,162500,92.228643,737.0,7,2,3,2,0,14.21771569145802,Creciente,0,0,0.08125,1,1,5,riesgo_bajo,0.9674723,1
9,15.295733098911743,9,100,Empleado,16.204617233017995,15.381999214861946,410747,95.227787,0.0,0,0,0,0,0,14.001572610373936,Sin_dato,1,1,0.03767025797001178,6,2,0,sin_clasificar,0.96420425,1
4,14.227355935463391,6,60,Independiente,14.914123179965662,14.077875591662238,224979,89.979287,814.0,2,4,0,1,1,14.001572610373936,Sin_dato,0,1,0.074993,5,2,2,riesgo_bajo,0.9668273,1
4,13.478639641880966,6,37,Independiente,15.150511887854474,14.220976332738882,106931,95.227787,739.0,4,8,0,0,1,13.755857151865133,Creciente,0,0,0.028139736842105263,5,2,1,riesgo_bajo,0.9526989,1
4,14.25271526017891,12,39,Independiente,14.220976332738882,13.592368256649284,121647,95.227787,795.0,5,4,1,0,1,13.758587763422742,Creciente,0,0,0.081098,2,1,2,riesgo_bajo,0.96679807,1
4,14.59391804161176,6,61,Independiente,14.508658238524095,13.45883704259595,322932,95.227787,840.0,2,2,0,0,1,14.001572610373936,Sin_dato,0,1,0.161466,1,1,1,riesgo_bajo,0.9589112,1
4,14.32064059261267,6,31,Independiente,14.731801689838349,13.815511557963774,245971,2.976926,761.0,1,1,0,0,0,13.637103728616113,Decreciente,0,0,0.0983884,2,1,0,riesgo_bajo,0.73968035,0
4,14.910877519583984,10,38,Empleado,14.508658238524095,13.122365377402328,276709,95.227787,792.0,9,4,6,0,1,13.590798276836617,Decreciente,0,0,0.1383545,2,1,7,riesgo_bajo,0.9630267,1
9,14.764912996335182,10,60,Independiente,14.75551820708067,14.038654909278163,219983,95.227787,807.0,2,0,0,0,1,14.001572610373936,Sin_dato,0,1,0.085930859375,6,2,1,riesgo_bajo,0.9665862,1
4,14.354107562242211,6,39,Independiente,15.424948670398354,14.220976332738882,255365,95.227787,748.0,13,10,7,0,2,13.647891586509875,Creciente,0,0,0.051073,6,2,9,riesgo_bajo,0.9563716,1
4,13.958884231050275,6,27,Empleado,14.392124484065864,13.081543466215237,174321,95.227787,759.0,9,7,3,0,4,14.106358364188944,Creciente,0,0,0.09793314606741572,9,3,7,riesgo_bajo,0.96371996,1
4,13.774689605110144,12,28,Independiente,14.88022163978423,14.285514812209815,75091,95.227787,798.0,6,4,1,0,1,14.001572610373936,Sin_dato,0,1,0.02589344827586207,2,1,2,riesgo_bajo,0.95703304,1
9,14.575162544007071,10,24,Empleado,14.77102238760702,13.45883704259595,181486,95.227787,780.0,0,5,0,0,0,14.451283889715118,Estable,0,0,0.06980230769230769,2,1,0,riesgo_bajo,0.9640429,1
9,14.622896812872764,5,27,Empleado,14.731801689838349,13.815511557963774,363409,95.227787,867.0,1,3,1,0,0,15.185768012553096,Creciente,0,0,0.1453636,1,1,1,riesgo_muy_bajo,0.96157753,1
4,13.358795838724959,6,36,Empleado,14.77102238760702,13.304686600863562,87967,95.227787,861.0,7,4,3,0,0,14.757575853493965,Creciente,0,0,0.03383346153846154,1,1,3,riesgo_muy_bajo,0.9677944,1
4,13.641015494117159,6,31,Empleado,14.285514812209815,12.899222326086994,124688,95.227787,856.0,1,2,1,0,0,14.64053651633282,Decreciente,0,0,0.07793,11,4,1,riesgo_muy_bajo,0.96829313,1
4,15.350052711098751,30,46,Empleado,15.616395100122082,13.986097701709772,193737,95.227787,862.0,7,1,2,3,1,14.912532248969022,Decreciente,0,0,0.031996201486374894,12,4,6,riesgo_muy_bajo,0.9670933,1
4,13.540390584246852,6,27,Empleado,14.346139397261565,13.45883704259595,112906,95.227787,763.0,10,2,4,0,5,14.23750562376114,Estable,0,0,0.06641529411764706,4,2,9,riesgo_bajo,0.9658279,1
9,14.900999848856543,9,100,Empleado,17.493166341166564,16.702881205920505,279795,90.562453,0.0,0,0,0,0,0,14.001572610373936,Sin_dato,1,1,0.0001491755426123407,3,1,0,sin_clasificar,0.9565207,1
4,13.45997924554394,6,68,Empleado,15.068273812173887,13.997832948091215,104259,95.227787,839.0,15,5,8,0,3,13.736220566928477,Creciente,0,0,0.029788285714285715,3,1,11,riesgo_bajo,0.96546894,1
4,13.552795531987156,6,37,Empleado,14.508658238524095,13.017005083966255,106800,95.227787,793.0,0,2,0,0,0,14.001572610373936,Sin_dato,0,1,0.0534,1,1,0,riesgo_bajo,0.9646775,1
4,14.690979711984754,6,41,Empleado,15.424948670398354,14.603968372873895,356465,89.979287,729.0,4,3,2,0,0,14.514097913899501,Creciente,0,0,0.071293,3,1,2,riesgo_bajo,0.96479946,1
4,14.647602390486798,12,35,Empleado,14.904072847479162,0.0,186562,95.227787,803.0,3,4,2,0,0,10.414363175052161,Decreciente,0,0,0.06281548821548821,9,3,2,riesgo_bajo,0.9650939,1
9,14.528700239009309,10,54,Empleado,15.068273812173887,14.220976332738882,173701,95.227787,781.0,7,3,3,0,0,13.752589927335745,Creciente,0,0,0.04962885714285714,5,2,3,riesgo_bajo,0.967395,1
9,14.588119446680988,9,29,Empleado,14.914123179965662,13.815511557963774,202424,85.538247,803.0,3,3,1,0,2,14.88022163978423,Decreciente,0,0,0.06747466666666667,3,1,3,riesgo_bajo,0.9663853,1
4,15.027451829558391,12,36,Independiente,15.424948670398354,14.508658238524095,263648,95.227787,713.0,9,11,7,0,0,13.727934294183411,Creciente,0,0,0.0527296,1,1,7,riesgo_bajo,0.95324385,1
4,12.801334082366724,6,56,Empleado,14.077875591662238,12.611541086966115,53944,95.227787,794.0,4,5,1,0,1,13.719579885694309,Creciente,0,0,0.041495384615384615,6,2,2,riesgo_bajo,0.96576005,1
4,14.34583323293106,12,31,Empleado,14.151983508870947,13.122365377402328,133740,95.227787,821.0,4,6,3,0,1,10.387373130123768,Creciente,0,0,0.09552857142857143,1,1,4,riesgo_bajo,0.96567684,1
4,13.41084662882651,12,28,Independiente,14.523546843628687,13.847978716155518,56182,95.227787,701.0,14,2,1,0,6,14.001572610373936,Sin_dato,0,1,0.027675862068965516,2,1,7,riesgo_bajo,0.9498202,1
4,15.014108563904905,6,29,Independiente,16.705882371415992,15.607270193858982,494913,95.227787,719.0,10,10,7,0,1,13.699795507551666,Creciente,0,0,0.027495166666666668,6,2,8,riesgo_bajo,0.9507133,1
4,14.144527213540321,6,50,Empleado,14.285514812209815,13.122365377402328,206036,95.227787,756.0,5,7,3,0,1,13.563575222674787,Creciente,0,0,0.1287725,1,1,4,riesgo_bajo,0.96362877,1
9,14.782570218770442,9,29,Empleado,15.319588176962746,14.731801689838349,245638,95.227787,789.0,0,5,0,0,0,14.823662620101468,Decreciente,0,0,0.054586222222222223,12,4,0,riesgo_bajo,0.9640202,1
4,14.418386034257157,12,40,Empleado,14.077875591662238,13.122365377402328,143744,95.227787,863.0,7,4,5,0,0,14.110551239320824,Creciente,0,0,0.11057230769230769,3,1,5,riesgo_muy_bajo,0.9676821,1
4,13.263864675787632,6,59,Independiente,15.607270193858982,15.068273812173887,85635,11.61911,793.0,9,4,7,0,0,14.285514812209815,Creciente,0,0,0.0142725,4,2,7,riesgo_bajo,0.76096106,0
4,13.567050480716235,12,24,Empleado,14.648420115681892,13.45883704259595,61382,95.227787,721.0,5,8,2,0,1,14.001572610373936,Sin_dato,0,1,0.026687826086956523,12,4,3,riesgo_bajo,0.94800436,1
4,15.009433329466965,24,66,Empleado,14.446250810593439,12.952762962683588,166800,95.227787,852.0,1,0,0,1,0,13.858222285813236,Creciente,0,0,0.08877062267163385,3,1,1,riesgo_muy_bajo,0.9522931,1
9,15.150549571345053,9,44,Independiente,15.877297291631844,14.73379969170262,359502,95.227787,853.0,7,4,6,0,0,13.867004682184163,Creciente,0,0,0.0457381679389313,9,3,6,riesgo_muy_bajo,0.96435845,1
9,15.240600974775536,10,28,Empleado,15.018483162256882,14.977410898759368,360500,95.227787,826.0,2,2,1,0,1,16.060789216987462,Creciente,0,0,0.10825825825825826,10,4,2,riesgo_bajo,0.96678346,1
9,14.835244055789227,10,100,Empleado,17.493166341166564,16.702881205920505,235764,95.227787,0.0,0,0,0,0,0,14.001572610373936,Sin_dato,1,1,0.0005316585860863682,5,2,0,sin_clasificar,0.9640563,1
4,14.592815506174153,6,53,Empleado,14.346139397261565,13.444448325847754,325855,95.227787,817.0,1,2,0,0,0,13.797719226655584,Decreciente,0,0,0.19167941176470588,5,2,0,riesgo_bajo,0.9620913,1
4,14.093143052138025,6,44,Empleado,14.603968372873895,13.815511557963774,196234,95.227787,741.0,2,8,1,0,1,14.543059648333223,Estable,0,0,0.08919727272727272,1,1,2,riesgo_bajo,0.9632801,1
4,13.304686600863562,6,23,Empleado,14.077875591662238,13.122365377402328,89419,95.227787,738.0,4,2,1,0,0,12.986206827782674,Estable,0,0,0.06878384615384615,5,2,1,riesgo_bajo,0.95679003,1
4,14.807873417489485,6,52,Empleado,15.607270193858982,15.201805169084134,399661,95.227787,778.0,7,2,2,0,2,12.803292455862962,Decreciente,0,0,0.06661016666666666,1,1,4,riesgo_bajo,0.9578498,1
4,14.36939624590319,12,30,Empleado,14.151983508870947,13.592368256649284,136271,95.227787,729.0,6,5,2,0,4,13.94610802583765,Decreciente,0,0,0.09733642857142857,12,4,6,riesgo_bajo,0.9635547,1
4,15.045361905533095,6,41,Empleado,15.607270193858982,13.815511557963774,508070,95.227787,822.0,4,5,2,0,0,14.001572610373936,Sin_dato,0,1,0.08467833333333333,4,2,2,riesgo_bajo,0.9590026,1
4,14.547628324244396,12,56,Independiente,15.201805169084134,13.304686600863562,144408,95.227787,883.0,8,6,5,0,1,13.727934294183411,Sin_dato,0,0,0.036102,1,1,6,riesgo_muy_bajo,0.96180165,1
10,14.403297778421795,6,58,Empleado,15.607270193858982,14.914123179965662,268679,95.227787,755.0,3,9,1,0,2,14.824794970447263,Creciente,0,0,0.04477983333333333,5,2,3,riesgo_bajo,0.9636803,1
4,15.464127067280163,6,58,Empleado,15.622158803889679,14.965133084296493,722192,95.227787,931.0,9,3,5,0,2,15.66506067631461,Creciente,0,0,0.11858653530377668,11,4,7,riesgo_muy_bajo,0.9538846,1
4,15.096444681204078,6,64,Empleado,14.620646687499436,13.304686600863562,534455,95.227787,801.0,2,2,0,0,1,13.719579885694309,Estable,0,0,0.2389159588734913,12,4,1,riesgo_bajo,0.9538529,1
4,14.461566655099245,12,26,Independiente,14.403297778421795,13.592368256649284,149901,95.227787,748.0,3,4,1,1,1,14.001572610373936,Sin_dato,0,1,0.08327833333333333,2,1,3,riesgo_bajo,0.9577467,1
4,14.467836264837162,12,29,Independiente,14.220976332738882,13.527829818844937,151778,95.227787,755.0,4,9,2,0,2,14.001572610373936,Sin_dato,0,1,0.10118533333333334,5,2,4,riesgo_bajo,0.96364236,1
4,13.914233996875561,6,28,Empleado,14.508658238524095,13.122365377402328,164496,95.227787,744.0,10,2,3,0,1,14.050012557180233,Creciente,0,0,0.082248,5,2,4,riesgo_bajo,0.96477205,1
9,15.115146697909497,11,51,Independiente,14.914123179965662,13.815511557963774,285703,95.227787,837.0,5,1,2,0,0,14.001572610373936,Sin_dato,0,1,0.09523433333333334,3,1,2,riesgo_bajo,0.965849,1
4,15.982379129821318,18,36,Empleado,15.29711532616119,15.20529905746644,513564,95.227787,785.0,12,13,7,0,3,15.2947953649304,Creciente,0,0,0.11671909090909091,11,4,10,riesgo_bajo,0.95937216,1
4,14.911479689902572,12,31,Empleado,14.914123179965662,13.997832948091215,235052,92.228643,763.0,10,3,1,0,6,14.898302360078842,Creciente,0,0,0.07835066666666667,3,1,7,riesgo_bajo,0.9667291,1
4,15.827369242548055,18,61,Empleado,14.959733676355723,12.328294703023394,422965,95.227787,818.0,9,7,7,0,1,13.781681762262503,Creciente,0,0,0.13470222929936307,9,3,8,riesgo_bajo,0.9636679,1
4,15.378121188514424,30,30,Empleado,14.914123179965662,13.592368256649284,175853,95.227787,740.0,3,9,2,0,0,15.246441229842326,Creciente,0,0,0.058617666666666665,1,1,2,riesgo_bajo,0.95622206,1
4,14.865730953142654,24,62,Empleado,14.845130332288226,13.199326270390594,125241,95.227787,771.0,3,3,3,0,0,13.736220566928477,Creciente,0,0,0.04472892857142857,2,1,3,riesgo_bajo,0.96027464,1
4,14.972628644934659,36,52,Empleado,14.978661680269907,12.206077645517674,102957,95.227787,726.0,6,6,4,0,1,13.828705125536404,Decreciente,0,0,0.0321740625,12,4,5,riesgo_bajo,0.91802114,0
4,15.349225157360697,12,40,Empleado,14.731801689838349,13.815511557963774,364627,95.227787,760.0,5,3,0,0,1,14.001572610373936,Sin_dato,0,1,0.1458508,3,1,1,riesgo_bajo,0.9626953,1
4,14.187919136575273,12,28,Empleado,15.483217567201578,0.0,113873,95.227787,708.0,10,8,3,0,3,15.13855303653872,Creciente,0,0,0.02148547169811321,2,1,6,riesgo_bajo,0.95545673,1
4,15.061898103715421,12,63,Empleado,16.012735246411598,15.201805169084134,273228,95.227787,753.0,11,4,7,0,2,16.060789216987462,Creciente,0,0,0.030358666666666666,3,1,9,riesgo_bajo,0.95981914,1
9,13.534470114319632,10,36,Empleado,14.508658238524095,13.610944619216111,64035,95.227787,731.0,3,7,0,0,2,14.001572610373936,Sin_dato,0,1,0.0320175,2,1,2,riesgo_bajo,0.94880015,1
4,15.047849511856638,12,40,Empleado,14.508658238524095,12.611541086966115,238142,95.227787,784.0,3,6,2,0,0,13.727934294183411,Creciente,0,0,0.119071,1,1,2,riesgo_bajo,0.96357155,1
4,14.410273388296366,8,25,Empleado,14.731801689838349,12.765691290604371,207955,95.227787,731.0,6,3,2,1,1,14.499996840994479,Creciente,0,0,0.083182,5,2,4,riesgo_bajo,0.9670902,1
9,14.193554999056444,10,59,Empleado,15.424948670398354,14.508658238524095,123782,95.227787,999.0,8,4,2,0,4,14.001572610373936,Sin_dato,0,1,0.0247564,12,4,6,riesgo_muy_bajo,0.9648484,1
4,15.13816226320612,12,23,Empleado,14.978661680269907,13.652992804936396,260650,95.227787,823.0,2,1,1,0,1,14.548098619746424,Creciente,0,0,0.081453125,1,1,2,riesgo_bajo,0.9665841,1
4,13.774689605110144,6,62,Empleado,14.731801689838349,13.815511557963774,133333,95.227787,857.0,8,0,4,0,0,15.243847608253455,Decreciente,0,0,0.0533332,1,1,4,riesgo_muy_bajo,0.9677674,1
4,14.478930737137992,12,35,Empleado,14.731801689838349,13.017005083966255,152326,86.230357,843.0,8,4,7,0,0,13.991606945201452,Creciente,0,0,0.0609304,2,1,7,riesgo_bajo,0.9686289,1
4,15.534183251388797,24,31,Independiente,15.894952224644102,0.0,193650,95.227787,747.0,10,15,7,0,3,14.483546575853982,Creciente,0,0,0.02420625,2,1,10,riesgo_bajo,0.9206623,1
4,14.509338007089083,8,67,Independiente,15.04807111068727,13.815511557963774,229611,95.227787,872.0,2,1,1,0,0,14.001572610373936,Sin_dato,0,1,0.06694198250728862,7,3,1,riesgo_muy_bajo,0.9643622,1
9,14.850284169435792,5,49,Independiente,15.687312888712007,15.520258832020865,464852,95.227787,655.0,10,2,4,0,4,15.378349613560358,Creciente,0,0,0.07151569230769231,11,4,8,riesgo_medio,0.9554268,1
4,14.012426923833255,6,37,Empleado,14.731801689838349,13.592368256649284,169117,95.227787,780.0,5,4,2,0,2,14.421905237114323,Creciente,0,0,0.0676468,12,4,4,riesgo_bajo,0.9670907,1
9,15.137062803889396,4,36,Empleado,15.477541110270847,14.961006750597342,766465,95.227787,808.0,7,7,6,0,1,16.060789216987462,Creciente,0,0,0.1454392789373814,12,4,7,riesgo_bajo,0.96079993,1
4,14.573715343664375,6,56,Independiente,15.319588176962746,13.997832948091215,296450,95.227787,845.0,5,2,2,0,1,15.592002570446155,Creciente,0,0,0.06587777777777777,1,1,3,riesgo_bajo,0.96589905,1
4,15.103626825744396,6,27,Empleado,15.319588176962746,12.899222326086994,539042,95.227787,709.0,11,6,2,0,6,13.759062950265305,Creciente,0,0,0.11978711111111111,5,2,8,riesgo_bajo,0.95565253,1
4,15.120974997472361,6,36,Empleado,14.613018204298811,11.112462823634855,561014,95.227787,800.0,5,3,1,0,2,15.078153982170043,Estable,0,0,0.252709009009009,11,4,3,riesgo_bajo,0.9634885,1
4,14.754330001908277,6,27,Empleado,14.711598990684092,12.765691290604371,378737,84.730786,806.0,3,5,1,0,0,14.071444964359006,Decreciente,0,0,0.1545865306122449,11,4,1,riesgo_bajo,0.9567561,1
4,15.096444681204078,36,28,Empleado,14.835080000042227,13.102162710901053,137441,95.227787,765.0,6,7,4,1,0,14.731801689838349,Creciente,0,0,0.04958189033189033,12,4,5,riesgo_bajo,0.9541995,1
4,13.987681605537375,6,61,Empleado,13.815511557963774,0.0,178798,95.227787,885.0,1,7,0,0,0,13.784545036757393,Creciente,0,0,0.178798,8,3,0,riesgo_muy_bajo,0.9484602,1
4,15.708234886090773,6,39,Independiente,15.607270193858982,14.508658238524095,985165,95.227787,743.0,3,7,0,0,0,13.719579885694309,Estable,0,0,0.16419416666666667,12,4,0,riesgo_bajo,0.93570757,1
4,14.297863247720361,6,27,Empleado,14.557448378884015,12.611541086966115,240432,95.227787,751.0,1,3,0,0,1,13.913100863577627,Creciente,0,0,0.11449142857142858,12,4,1,riesgo_bajo,0.95957416,1
4,14.492406906130096,6,36,Independiente,14.904072847479162,14.763300344494624,298217,95.227787,762.0,21,7,6,1,11,13.815511557963774,Creciente,0,0,0.10040976430976431,9,3,18,riesgo_bajo,0.95928776,1
9,14.893566947698346,11,32,Empleado,14.946912992035967,14.220976332738882,228920,70.093283,670.0,2,5,1,0,1,13.736220566928477,Creciente,0,0,0.07384516129032258,3,1,2,riesgo_medio,0.9551572,1
4,13.640729698513846,6,37,Empleado,15.068273812173887,14.690979711984754,124709,95.227787,855.0,7,5,3,1,0,14.872066757597315,Estable,0,0,0.035631142857142854,2,1,4,riesgo_muy_bajo,0.9619775,1
9,14.412874436815375,10,57,Independiente,17.493166341166564,16.702881205920505,154703,88.229786,804.0,17,6,13,0,1,14.71345237339243,Creciente,0,0,0.0025959928179484166,5,2,14,riesgo_bajo,0.9633283,1
4,15.096444681204078,36,51,Empleado,14.962913328262083,13.740788089353964,135339,95.227787,778.0,9,5,4,0,2,14.676317754958262,Decreciente,0,0,0.0429647619047619,11,4,6,riesgo_bajo,0.95719343,1
4,14.084010575524983,6,37,Empleado,14.488455541410652,12.354496960983985,198564,95.227787,744.0,4,4,0,0,3,13.79237702937058,Creciente,0,0,0.10130816326530612,9,3,3,riesgo_bajo,0.96472347,1
4,14.09740667400665,12,58,Independiente,14.914123179965662,13.910821646859095,104011,95.227787,755.0,12,5,4,0,6,14.001572610373936,Sin_dato,0,1,0.03467033333333333,12,4,10,riesgo_bajo,0.96257883,1
4,13.6128559180073,24,37,Empleado,14.672900606186316,13.910821646859095,36786,95.227787,787.0,6,5,1,0,3,14.659850189962464,Creciente,0,0,0.015607127704709376,5,2,4,riesgo_bajo,0.9643894,1
4,14.98364922022622,6,39,Empleado,15.216693777883304,14.731801689838349,476464,95.227787,821.0,8,2,5,0,0,14.212988520243215,Creciente,0,0,0.11735566502463055,1,1,5,riesgo_bajo,0.96741474,1
4,13.165424782571753,6,37,Independiente,14.53821702620254,12.788291058675025,78184,89.979287,764.0,2,5,1,0,1,13.74983432320927,Decreciente,0,0,0.03795339805825243,8,3,2,riesgo_bajo,0.96157616,1
4,13.343907249914384,6,53,Empleado,15.068273812173887,14.731801689838349,93453,95.227787,839.0,1,0,1,0,0,13.776651219507292,Creciente,0,0,0.026700857142857144,7,3,1,riesgo_bajo,0.9664019,1
9,14.807221069767401,9,54,Independiente,15.201805169084134,14.508658238524095,251768,95.227787,830.0,2,3,1,0,0,14.001572610373936,Sin_dato,0,1,0.062942,1,1,1,riesgo_bajo,0.9654845,1
4,15.01045135624771,6,54,Empleado,15.221607791478354,13.450228680410094,498932,95.227787,808.0,9,6,6,0,1,14.220976332738882,Estable,0,0,0.12228725490196078,9,3,7,riesgo_bajo,0.95990676,1
4,14.531984052299656,12,42,Empleado,14.187074804051692,13.45883704259595,160102,95.227787,782.0,9,4,5,0,1,14.147670653511643,Estable,0,0,0.1104151724137931,12,4,6,riesgo_bajo,0.96735865,1
4,13.742810609464458,6,27,Empleado,14.731801689838349,0.0,139262,89.2295,714.0,3,6,1,0,0,14.823598032015612,Creciente,0,0,0.0557048,7,3,1,riesgo_bajo,0.9557158,1
4,14.027382017283795,12,52,Independiente,15.424948670398354,13.815511557963774,85833,95.227787,856.0,12,6,9,0,1,14.001572610373936,Sin_dato,0,1,0.0171666,12,4,10,riesgo_muy_bajo,0.966003,1
4,14.995924314472457,20,53,Empleado,15.44082201640504,12.948012371209098,179532,95.227787,852.0,2,0,2,0,0,14.001572610373936,Sin_dato,0,1,0.03534094488188976,12,4,2,riesgo_muy_bajo,0.96506083,1
4,14.615555521980195,6,28,Empleado,14.220976332738882,13.122365377402328,330794,95.227787,841.0,2,7,1,0,0,13.833529242038365,Creciente,0,0,0.22052933333333333,2,1,1,riesgo_bajo,0.96588355,1
9,14.19158873572674,9,36,Empleado,16.012735246411598,15.53827733427679,136160,95.227787,824.0,4,4,3,0,0,13.736220566928477,Creciente,0,0,0.01512888888888889,2,1,3,riesgo_bajo,0.96647245,1
9,14.386595748686988,4,64,Independiente,15.267124619396817,12.614868865984631,357716,95.227787,852.0,10,3,9,0,0,14.839472932782991,Creciente,0,0,0.08377423887587822,9,3,9,riesgo_muy_bajo,0.94667584,1
4,15.789591722875162,6,36,Independiente,17.493166341166564,16.702881205920505,1070126,95.227787,803.0,9,2,5,0,1,13.05930429469118,Decreciente,0,0,0.025479190476190475,3,1,6,riesgo_bajo,0.9543753,1
4,13.4144372915852,6,41,Independiente,15.096444681204078,13.122365377402328,99948,95.227787,795.0,3,6,1,0,1,14.001572610373936,Sin_dato,0,1,0.027763333333333334,4,2,2,riesgo_bajo,0.96120656,1
4,15.048654030965238,6,32,Independiente,15.424948670398354,13.815511557963774,508002,95.227787,721.0,7,9,3,0,3,13.371439747544885,Creciente,0,0,0.1016004,11,4,6,riesgo_bajo,0.9556166,1
4,14.592208593140413,12,28,Empleado,14.508658238524095,13.592368256649284,150992,95.227787,767.0,3,10,2,0,0,13.863598570921324,Creciente,0,0,0.075496,1,1,2,riesgo_bajo,0.96255165,1
4,13.641158361294979,6,55,Independiente,15.424948670398354,14.508658238524095,125802,79.482286,764.0,6,8,4,0,0,14.220576252984316,Estable,0,0,0.0251604,5,2,4,riesgo_bajo,0.9655695,1
4,14.18514190405248,6,31,Empleado,14.166168133802548,13.45883704259595,218066,95.227787,716.0,6,3,0,0,6,14.043998204132247,Creciente,0,0,0.1535676056338028,7,3,6,riesgo_bajo,0.96362424,1
4,15.11990563487181,10,45,Independiente,15.687312888712007,0.0,341371,95.227787,794.0,7,6,2,0,2,13.737719812718867,Creciente,0,0,0.052518615384615386,3,1,4,riesgo_bajo,0.9571904,1
4,14.393853997857764,12,47,Empleado,14.508658238524095,13.304686600863562,123825,95.227787,823.0,7,3,5,1,0,14.288115176702254,Creciente,0,0,0.0619125,1,1,6,riesgo_bajo,0.9688365,1
9,13.68640478638756,9,60,Independiente,15.424948670398354,14.508658238524095,82394,95.227787,822.0,7,10,4,1,1,13.768695641707609,Creciente,0,0,0.0164788,7,3,6,riesgo_bajo,0.96692073,1
9,13.985810982942656,2,46,Independiente,15.424948670398354,14.508658238524095,467909,95.227787,844.0,4,8,1,0,1,13.773042417622467,Creciente,0,0,0.0935818,6,2,2,riesgo_bajo,0.9616897,1
9,14.894162082833287,11,28,Empleado,15.285686632949897,14.95302331620547,232335,95.227787,725.0,7,6,2,0,3,14.526241238711517,Creciente,0,0,0.053410344827586206,9,3,5,riesgo_bajo,0.9634596,1
4,15.247648126190374,6,41,Empleado,15.068273812173887,0.0,622967,95.227787,760.0,7,6,0,0,6,14.947880265699238,Creciente,0,0,0.17799057142857144,2,1,6,riesgo_bajo,0.9611554,1
9,14.831920035391866,9,41,Independiente,15.80884953683047,15.055912008171871,257694,95.227787,820.0,4,1,2,0,1,14.001572610373936,Sin_dato,0,1,0.03510817438692098,12,4,3,riesgo_bajo,0.9661537,1
9,13.753788972202832,10,27,Empleado,14.48334044336031,0.0,80873,95.227787,829.0,2,5,0,0,1,14.051899599186365,Creciente,0,0,0.041473333333333334,9,3,1,riesgo_bajo,0.96178013,1
4,14.70975238955905,12,48,Empleado,16.52356082573315,15.424948670398354,191876,95.227787,850.0,13,11,11,0,0,16.060789216987462,Decreciente,0,0,0.012791733333333333,12,4,11,riesgo_bajo,0.95987374,1
9,14.864672834811365,10,37,Independiente,14.220976332738882,13.815511557963774,242806,95.227787,763.0,3,2,1,0,1,14.001572610373936,Sin_dato,0,1,0.16187066666666666,4,2,2,riesgo_bajo,0.9673227,1
4,13.68487713359907,6,64,Empleado,14.978661680269907,13.815511557963774,130338,95.227787,818.0,3,4,1,0,0,14.404826053608884,Creciente,0,0,0.040730625,2,1,1,riesgo_bajo,0.96677333,1
9,13.963772447134604,10,32,Independiente,14.403297778421795,13.710151153416941,98732,95.227787,763.0,4,3,3,0,0,13.755537598769623,Creciente,0,0,0.054851111111111114,5,2,3,riesgo_bajo,0.9640775,1
9,14.053740534718278,8,38,Independiente,15.201805169084134,13.815511557963774,131953,95.227787,732.0,6,2,0,0,6,14.001572610373936,Sin_dato,0,1,0.03298825,12,4,6,riesgo_bajo,0.95824236,1
4,13.4090464510229,12,40,Empleado,14.60850352598252,13.308014385419147,55424,95.227787,864.0,4,2,0,3,1,13.975140769129926,Creciente,0,0,0.025078733031674207,11,4,4,riesgo_muy_bajo,0.9684932,1
4,13.762110836088922,8,45,Empleado,14.914123179965662,13.592368256649284,108084,95.227787,804.0,2,0,1,0,0,14.001572610373936,Sin_dato,0,1,0.036028,3,1,1,riesgo_bajo,0.96861124,1
4,14.475928430536836,12,39,Empleado,14.285514812209815,11.918397239722838,151564,95.227787,777.0,2,3,0,0,1,14.572888087181529,Creciente,0,0,0.0947275,7,3,1,riesgo_bajo,0.9655083,1
9,14.735555753012799,9,37,Independiente,14.914123179965662,13.910821646859095,235479,95.227787,782.0,2,3,2,0,0,13.77823539100803,Decreciente,0,0,0.078493,6,2,2,riesgo_bajo,0.96771294,1
4,13.559331545327074,8,46,Independiente,14.845130332288226,13.45883704259595,88810,95.227787,759.0,9,7,2,0,5,11.51293546492023,Creciente,0,0,0.031717857142857145,6,2,7,riesgo_bajo,0.96301967,1
9,15.170560609673144,9,46,Empleado,15.201805169084134,14.508658238524095,362074,95.227787,783.0,9,20,3,1,0,13.719579885694309,Estable,0,0,0.0905185,2,1,4,riesgo_bajo,0.95653206,1
4,13.283667269042477,6,26,Empleado,14.69513772040451,0.0,88851,95.227787,788.0,8,7,1,0,3,14.001572610373936,Sin_dato,0,1,0.036867634854771784,10,4,4,riesgo_bajo,0.9446519,1
4,14.07052557505683,6,34,Independiente,16.118095750958314,15.319588176962746,191322,95.227787,719.0,8,6,1,1,3,14.001572610373936,Sin_dato,0,1,0.0191322,7,3,5,riesgo_bajo,0.96180373,1
4,13.997832948091215,12,33,Empleado,15.096444681204078,13.76421831620775,94277,95.227787,852.0,8,0,4,1,2,14.995777792412868,Creciente,0,0,0.026188055555555555,2,1,7,riesgo_muy_bajo,0.96827435,1
4,15.154713573604788,6,31,Independiente,15.424948670398354,13.815511557963774,567329,95.227787,730.0,5,5,3,0,0,13.74666838940678,Decreciente,0,0,0.1134658,4,2,3,riesgo_bajo,0.95441365,1
9,15.076249122385098,9,59,Empleado,15.068273812173887,14.220976332738882,329487,95.227787,833.0,6,8,6,0,0,13.990863725162376,Creciente,0,0,0.09413914285714285,2,1,6,riesgo_bajo,0.9623939,1
9,13.618532923638218,2,33,Independiente,15.424948670398354,14.508658238524095,324034,88.229786,821.0,5,7,2,0,2,13.985701333449802,Creciente,0,0,0.0648068,6,2,4,riesgo_bajo,0.9622211,1
4,14.68692149021826,12,57,Independiente,14.603968372873895,12.611541086966115,165992,95.227787,802.0,4,3,1,0,1,13.729597486706941,Creciente,0,0,0.0754509090909091,1,1,2,riesgo_bajo,0.9673396,1
4,15.187199020373106,36,22,Empleado,14.272936037914342,12.100717685412471,146432,95.227787,846.0,3,2,0,2,0,14.063298330454108,Creciente,0,0,0.09267848101265823,11,4,2,riesgo_bajo,0.9480807,1
9,14.46253662426997,9,30,Empleado,15.201805169084134,14.508658238524095,178364,95.227787,788.0,5,4,4,0,0,14.220107956387919,Creciente,0,0,0.044591,2,1,4,riesgo_bajo,0.9645224,1
4,14.85861048906288,6,24,Empleado,15.607270193858982,14.508658238524095,427644,95.227787,749.0,3,3,2,0,1,13.504734527725645,Creciente,0,0,0.071274,8,3,3,riesgo_bajo,0.957759,1
4,14.831610787061908,24,52,Independiente,14.508658238524095,13.815511557963774,121317,95.227787,844.0,10,5,6,0,2,14.001572610373936,Sin_dato,0,1,0.0606585,3,1,8,riesgo_bajo,0.96538115,1
4,15.250595321348806,6,35,Independiente,15.894952224644102,14.603968372873895,629008,95.227787,735.0,3,3,1,0,1,14.001572610373936,Sin_dato,0,1,0.078626,7,3,2,riesgo_bajo,0.96269804,1
10,14.467836264837162,12,62,Empleado,14.731801689838349,13.815511557963774,151760,95.227787,880.0,5,2,5,0,0,14.194765152052351,Creciente,0,0,0.060704,5,2,5,riesgo_muy_bajo,0.9683358,1
4,14.557448378884015,18,40,Empleado,14.077875591662238,12.899222326086994,117242,95.227787,852.0,3,2,1,0,2,13.557463660242115,Creciente,0,0,0.09018615384615385,3,1,3,riesgo_muy_bajo,0.9669766,1
4,14.742575439675376,12,35,Empleado,14.80876270134486,13.815511557963774,175492,95.227787,839.0,5,5,3,0,0,14.742351044961364,Estable,0,0,0.06499703703703703,1,1,3,riesgo_bajo,0.96708995,1
4,14.94166012476958,12,33,Empleado,14.077875591662238,0.0,241509,95.227787,775.0,5,3,3,0,1,13.787008197491563,Creciente,0,0,0.18577615384615384,11,4,4,riesgo_bajo,0.9581281,1
4,14.03705362919324,12,37,Empleado,14.92736840232972,13.78916760931819,101078,88.229786,796.0,9,9,2,0,2,14.001572610373936,Sin_dato,0,1,0.03324934210526316,8,3,4,riesgo_bajo,0.9662764,1
4,13.997832948091215,6,63,Empleado,16.166885910365842,15.201805169084134,179119,95.227787,796.0,11,6,6,1,3,14.877650406847184,Decreciente,0,0,0.01705895238095238,4,2,10,riesgo_bajo,0.9647718,1
4,13.615534310206378,6,49,Independiente,14.467836264837162,14.768712029363464,123662,95.227787,772.0,8,1,6,0,1,14.001572610373936,Sin_dato,0,1,0.06440729166666667,9,3,7,riesgo_bajo,0.9672026,1
4,14.396575236408294,18,43,Independiente,16.066802461833923,15.201805169084134,98958,95.227787,742.0,8,6,6,0,1,14.893069777860026,Estable,0,0,0.010416631578947368,4,2,7,riesgo_bajo,0.9660302,1
4,14.04662307257814,6,44,Empleado,14.739769856312924,12.921472880009725,191277,95.227787,825.0,6,5,4,0,1,11.927825919864878,Creciente,0,0,0.07590357142857143,9,3,5,riesgo_bajo,0.96522593,1
4,15.30967251438981,24,40,Empleado,14.914123179965662,13.122365377402328,195827,95.227787,881.0,4,1,2,0,2,14.60161651959247,Decreciente,0,0,0.06527566666666666,4,2,4,riesgo_muy_bajo,0.9625405,1
4,15.308702477885735,36,32,Empleado,14.964499370914611,13.311331132544721,167955,95.227787,769.0,3,1,1,0,0,14.001572610373936,Sin_dato,0,1,0.053234548335974644,1,1,1,riesgo_bajo,0.9413111,1
4,14.36939624590319,8,50,Empleado,15.319588176962746,14.731801689838349,197754,95.227787,801.0,8,9,4,0,3,13.727934294183411,Creciente,0,0,0.043945333333333336,1,1,7,riesgo_bajo,0.9640322,1
9,14.232777614955744,10,61,Independiente,15.201805169084134,14.508658238524095,129207,95.227787,868.0,4,1,3,1,0,14.001572610373936,Sin_dato,0,1,0.03230175,5,2,4,riesgo_muy_bajo,0.9665381,1
4,15.093002096591686,6,56,Independiente,16.118095750958314,14.508658238524095,533345,95.227787,871.0,6,5,4,1,0,13.719579885694309,Creciente,0,0,0.0533345,4,2,5,riesgo_muy_bajo,0.9593055,1
4,14.33423351553731,6,39,Empleado,14.403297778421795,12.765691290604371,233317,95.227787,786.0,1,2,0,0,0,13.719579885694309,Creciente,0,0,0.12962055555555554,12,4,0,riesgo_bajo,0.96766317,1
4,15.741276452804147,12,58,Independiente,16.012735246411598,14.220976332738882,536519,95.227787,812.0,1,2,0,0,1,14.001572610373936,Sin_dato,0,1,0.05961322222222222,12,4,1,riesgo_bajo,0.94600683,1
4,15.860888595199615,6,59,Empleado,16.196074784773284,15.457803000805203,1162054,95.227787,826.0,16,8,8,0,3,14.001572610373936,Sin_dato,0,1,0.10748811395800574,9,3,11,riesgo_bajo,0.95724523,1
4,14.891550735854718,12,36,Empleado,13.768695641707609,11.082157933374816,229667,95.227787,796.0,5,5,2,0,0,13.794531018378441,Creciente,0,0,0.2527907841932977,7,3,2,riesgo_bajo,0.96663606,1
4,14.507497966248275,6,45,Independiente,15.201805169084134,14.285514812209815,297718,95.227787,764.0,3,5,1,1,1,14.001572610373936,Sin_dato,0,1,0.0744295,5,2,3,riesgo_bajo,0.96548015,1
4,14.111161544112575,10,33,Independiente,14.77102238760702,14.285514812209815,124360,95.227787,822.0,6,3,4,0,0,14.730912494977268,Creciente,0,0,0.04783076923076923,2,1,4,riesgo_bajo,0.9688871,1
4,13.626769641096136,6,45,Empleado,14.603968372873895,14.220976332738882,122767,95.227787,751.0,6,5,5,1,0,13.920582031853552,Creciente,0,0,0.05580318181818182,11,4,6,riesgo_bajo,0.96457636,1
4,14.204241900997847,6,49,Empleado,15.607270193858982,14.220976332738882,219094,95.227787,821.0,5,2,2,0,0,13.734542338803745,Creciente,0,0,0.03651566666666667,7,3,2,riesgo_bajo,0.9662544,1
4,14.33265930856197,12,41,Empleado,14.508658238524095,12.611541086966115,132587,20.261295,819.0,3,6,1,0,0,10.414363175052161,Estable,0,0,0.0662935,3,1,1,riesgo_bajo,0.7333882,0
4,14.163347259450243,10,63,Independiente,14.285514812209815,13.45883704259595,131216,91.728786,872.0,1,0,0,0,1,14.001572610373936,Sin_dato,0,1,0.08201,4,2,1,riesgo_muy_bajo,0.9647331,1
4,13.644011426885719,6,57,Independiente,14.731801689838349,12.206077645517674,124903,95.227787,805.0,3,2,0,0,0,14.001572610373936,Sin_dato,0,1,0.0499612,1,1,0,riesgo_bajo,0.9652466,1
4,14.832652815261287,10,54,Empleado,15.059088905233162,12.962196972666593,267122,95.227787,849.0,3,2,2,0,0,14.054462101968378,Decreciente,0,0,0.07702479815455594,12,4,2,riesgo_bajo,0.9678229,1
4,14.874883279968042,12,57,Independiente,14.914123179965662,13.122365377402328,226624,95.227787,814.0,6,2,4,0,1,14.001572610373936,Sin_dato,0,1,0.07554133333333334,3,1,5,riesgo_bajo,0.9680429,1
4,14.90971347295011,24,40,Independiente,14.220976332738882,12.611541086966115,130110,95.227787,781.0,2,2,2,0,0,14.001572610373936,Sin_dato,0,1,0.08674,1,1,2,riesgo_bajo,0.95361185,1
9,14.317994809009484,3,51,Empleado,15.028641597340092,11.502885230075814,447550,95.227787,806.0,4,0,1,0,2,15.01438619377035,Decreciente,0,0,0.1330410225921522,3,1,3,riesgo_bajo,0.96714807,1
9,15.035813201727144,10,39,Empleado,14.914123179965662,13.815511557963774,287825,95.227787,696.0,11,2,5,0,5,13.744834842718292,Decreciente,0,0,0.09594166666666666,3,1,10,riesgo_medio,0.9560909,1
4,15.050742407619332,12,60,Independiente,15.607270193858982,14.508658238524095,270197,95.227787,880.0,5,4,3,1,0,13.736220566928477,Creciente,0,0,0.045032833333333334,2,1,4,riesgo_muy_bajo,0.961815,1
4,14.543001675666353,12,43,Empleado,14.220976332738882,12.765691290604371,162416,95.227787,730.0,0,4,0,0,0,13.719579885694309,Estable,0,0,0.10827733333333334,12,4,0,riesgo_bajo,0.96558696,1
4,14.786289853910306,6,33,Independiente,15.894952224644102,14.220976332738882,396852,95.227787,753.0,6,3,1,1,0,14.001572610373936,Sin_dato,0,1,0.0496065,6,2,2,riesgo_bajo,0.9597739,1
9,14.4588730950241,10,36,Independiente,14.914123179965662,14.220976332738882,161138,95.227787,818.0,19,5,5,1,11,14.001572610373936,Sin_dato,0,1,0.053712666666666666,12,4,17,riesgo_bajo,0.9598012,1
4,13.742166447839809,6,53,Empleado,14.557448378884015,13.122365377402328,138023,95.227787,822.0,9,5,7,0,1,13.744438741253175,Creciente,0,0,0.0657252380952381,3,1,8,riesgo_bajo,0.9674232,1
4,13.341041614023336,6,35,Independiente,14.914123179965662,12.899222326086994,92374,95.227787,748.0,2,2,0,0,1,14.001572610373936,Sin_dato,0,1,0.030791333333333334,12,4,1,riesgo_bajo,0.95853287,1
9,14.298791033525916,9,58,Empleado,14.508658238524095,0.0,151206,95.227787,871.0,6,2,6,0,0,13.719579885694309,Creciente,0,0,0.075603,12,4,6,riesgo_muy_bajo,0.9679436,1
4,16.48273883399067,10,49,Independiente,17.216707972959764,16.300417291085605,1332519,95.227787,807.0,13,7,9,0,2,13.409424757266313,Creciente,0,0,0.0444173,1,1,11,riesgo_bajo,0.9523886,1
4,14.424667792411713,6,51,Empleado,15.894952224644102,14.731801689838349,273124,62.667613,802.0,12,7,8,0,0,14.001572610373936,Sin_dato,0,1,0.0341405,4,2,8,riesgo_bajo,0.7469327,0
9,13.68640478638756,4,49,Empleado,15.424948670398354,14.508658238524095,176743,95.227787,845.0,2,2,2,0,0,13.755537598769623,Creciente,0,0,0.0353486,5,2,2,riesgo_bajo,0.9655415,1
4,14.180071029248513,12,28,Empleado,14.403297778421795,12.899222326086994,113264,95.227787,795.0,4,3,2,2,0,14.346989623451769,Decreciente,0,0,0.06292444444444445,3,1,4,riesgo_bajo,0.9682814,1
9,15.778912739776134,11,43,Independiente,16.118095750958314,15.573368647930426,555811,95.227787,750.0,6,3,2,0,4,14.423683013423153,Creciente,0,0,0.0555811,5,2,6,riesgo_bajo,0.9559204,1
4,14.49739505190881,12,39,Independiente,15.201805169084134,14.108180918195472,157729,95.227787,701.0,6,5,2,0,1,14.001572610373936,Sin_dato,0,1,0.03943225,7,3,3,riesgo_bajo,0.96256804,1
9,14.749084432170731,9,40,Independiente,15.424948670398354,14.508658238524095,238345,95.227787,825.0,9,4,3,0,1,13.678302701133989,Creciente,0,0,0.047669,5,2,4,riesgo_bajo,0.95456356,1
4,14.029137772236377,6,27,Empleado,14.085538458535822,13.304686600863562,187645,95.227787,814.0,1,4,1,0,0,13.80435557180518,Creciente,0,0,0.14324045801526716,10,4,1,riesgo_bajo,0.9645687,1
4,14.14625283826705,6,31,Independiente,15.04222314251479,13.41204494952365,210244,95.227787,771.0,6,3,2,2,1,14.001572610373936,Sin_dato,0,1,0.06165513196480939,8,3,5,riesgo_bajo,0.9544849,1
9,15.313747420868275,9,100,Empleado,17.486224513954465,15.81908849110848,417814,95.227787,0.0,0,0,0,0,0,14.001572610373936,Sin_dato,1,1,0.010636829145788644,1,1,0,sin_clasificar,0.9604429,1
9,14.430955082459707,10,57,Independiente,15.201805169084134,14.508658238524095,157361,95.227787,862.0,3,2,2,0,0,13.850878667052065,Estable,0,0,0.03934025,4,2,2,riesgo_muy_bajo,0.9676921,1
4,13.710151153416941,6,45,Independiente,14.173185701536545,10.778977123006351,135617,95.227787,793.0,1,4,0,0,1,14.001572610373936,Sin_dato,0,1,0.09483706293706294,8,3,1,riesgo_bajo,0.9650171,1
4,14.51662640420502,12,58,Independiente,14.403297778421795,12.08954444723597,159837,95.227787,802.0,8,3,1,0,6,14.001572610373936,Sin_dato,0,1,0.08879833333333334,4,2,7,riesgo_bajo,0.96629745,1
4,14.574389765899786,12,44,Independiente,14.731801689838349,13.815511557963774,148325,95.227787,832.0,5,7,3,0,0,13.727934294183411,Creciente,0,0,0.05933,1,1,3,riesgo_bajo,0.9657608,1
9,14.053740534718278,11,31,Independiente,15.424948670398354,14.508658238524095,98901,95.227787,674.0,11,3,6,0,3,13.737719812718867,Creciente,0,0,0.0197802,4,2,9,riesgo_medio,0.95091015,1
4,14.28195849823369,12,41,Empleado,14.220976332738882,13.592368256649284,124862,95.227787,830.0,4,3,1,1,2,14.425050560668152,Decreciente,0,0,0.08324133333333333,12,4,4,riesgo_bajo,0.96876234,1
4,14.791186932672588,12,25,Empleado,14.508658238524095,13.122365377402328,208773,95.227787,852.0,3,2,2,0,0,14.031526367171125,Decreciente,0,0,0.1043865,4,2,2,riesgo_muy_bajo,0.9686174,1
4,13.817388593351321,6,40,Independiente,14.639686439527019,0.0,153010,95.227787,757.0,3,1,0,0,2,11.791193362811391,Creciente,0,0,0.06710964912280702,12,4,2,riesgo_bajo,0.9633419,1
4,14.505884396363545,18,40,Empleado,14.731801689838349,13.122365377402328,109995,95.227787,829.0,7,3,4,0,0,14.880536072995104,Creciente,0,0,0.043998,1,1,4,riesgo_bajo,0.9684756,1
4,12.980341182582029,6,21,Independiente,14.23422155071698,0.0,65192,95.227787,773.0,1,4,1,0,0,13.768695641707609,Creciente,0,0,0.042889473684210526,9,3,1,riesgo_bajo,0.9317557,1
4,15.262241523226384,24,35,Independiente,14.508658238524095,12.100717685412471,188279,95.227787,847.0,3,1,2,0,0,13.760675208425667,Creciente,0,0,0.0941395,5,2,2,riesgo_bajo,0.94806594,1
4,15.519531294834815,6,40,Independiente,15.324022773047327,14.491512088336119,830102,84.730786,807.0,12,3,5,1,1,13.977546921045603,Estable,0,0,0.1836508849557522,8,3,7,riesgo_bajo,0.9660121,1
4,14.14625283826705,20,31,Empleado,14.914123179965662,13.592368256649284,70747,95.227787,755.0,5,2,0,0,1,14.650653271534097,Decreciente,0,0,0.023582333333333334,3,1,1,riesgo_bajo,0.96751237,1
4,15.820056259511597,12,41,Independiente,16.118095750958314,15.424948670398354,583831,95.227787,813.0,8,5,4,0,2,14.001572610373936,Sin_dato,0,1,0.0583831,3,1,6,riesgo_bajo,0.9593659,1
4,13.196321766942557,6,35,Empleado,15.201805169084134,14.508658238524095,79906,25.404478,848.0,2,2,2,0,0,14.338372849519654,Creciente,0,0,0.0199765,2,1,2,riesgo_bajo,0.7697099,0
4,14.319119524185115,6,25,Empleado,15.226497775576945,13.45883704259595,229817,89.2295,757.0,2,10,2,0,0,14.214330972242648,Decreciente,0,0,0.056052926829268296,1,1,2,riesgo_bajo,0.9611314,1
9,15.226583918187016,3,47,Empleado,15.424948670398354,15.201805169084134,1087937,84.730786,852.0,13,3,10,0,0,16.060789216987462,Creciente,0,0,0.2175874,2,1,10,riesgo_muy_bajo,0.95568717,1
4,14.619430571134863,12,24,Empleado,14.220976332738882,0.0,175535,95.227787,759.0,3,5,2,0,0,14.039915713121578,Decreciente,0,0,0.11702333333333333,2,1,2,riesgo_bajo,0.9599509,1
4,14.314102251447549,12,30,Empleado,14.408285317168877,0.0,137200,95.227787,768.0,1,11,0,0,0,14.616081075103251,Creciente,0,0,0.07584300718629076,1,1,0,riesgo_bajo,0.9498487,1
4,15.082143238629175,12,29,Empleado,15.201805169084134,13.122365377402328,246450,95.227787,741.0,4,5,3,0,1,15.087063316078895,Decreciente,0,0,0.0616125,1,1,4,riesgo_bajo,0.9663911,1
4,14.413182095031534,12,49,Empleado,14.077875591662238,13.017005083966255,126242,95.227787,776.0,6,4,3,0,2,13.812871077598766,Decreciente,0,0,0.09710923076923077,1,1,5,riesgo_bajo,0.9673228,1
9,14.132247470738665,10,26,Independiente,14.914123179965662,13.997832948091215,116543,86.830187,799.0,2,4,1,0,0,13.768695641707609,Creciente,0,0,0.03884766666666667,3,1,1,riesgo_bajo,0.9616192,1
4,13.774990809429765,6,25,Empleado,15.550699852070762,15.199051381576908,146988,95.227787,725.0,14,2,2,7,5,15.516007262209612,Decreciente,0,0,0.025923809523809523,10,4,14,riesgo_bajo,0.96083736,1
9,13.428557538883538,12,48,Independiente,14.731801689838349,14.220976332738882,47161,10.073146,796.0,2,3,0,1,0,10.387373130123768,Decreciente,0,0,0.0188644,4,2,1,riesgo_bajo,0.7631521,0
9,13.486709502451061,2,25,Independiente,15.123843647884687,14.508658238524095,283847,95.227787,731.0,1,0,0,0,1,13.719579885694309,Estable,0,0,0.0767154054054054,4,2,1,riesgo_bajo,0.9576701,1
4,14.83832149279892,24,36,Empleado,15.096444681204078,14.508658238524095,122227,95.227787,777.0,5,5,2,0,1,15.240897499028737,Creciente,0,0,0.033951944444444444,5,2,3,riesgo_bajo,0.9596661,1
4,15.669305574753373,6,66,Independiente,16.300417291085605,14.914123179965662,949060,95.227787,815.0,9,4,6,0,0,13.744438741253175,Creciente,0,0,0.07908833333333333,3,1,6,riesgo_bajo,0.9587362,1
4,13.858571005278668,6,31,Empleado,14.36939624590319,13.94566212039206,158477,95.227787,759.0,7,4,2,0,4,13.990456649425141,Creciente,0,0,0.09107873563218391,9,3,6,riesgo_bajo,0.9642037,1
4,15.237307430206767,6,32,Empleado,15.687312888712007,14.731801689838349,575633,95.227787,771.0,3,0,0,1,0,15.650911882166385,Creciente,0,0,0.08855892307692308,1,1,1,riesgo_bajo,0.9556302,1
4,13.845730306781045,6,31,Empleado,14.731801689838349,13.25339339419516,153604,88.229786,824.0,2,2,2,0,0,14.001572610373936,Sin_dato,0,1,0.0614416,5,2,2,riesgo_bajo,0.9591858,1
4,13.304086421792128,6,44,Empleado,14.285514812209815,12.899222326086994,89144,95.227787,818.0,7,6,7,0,0,14.217140989756867,Creciente,0,0,0.055715,4,2,7,riesgo_bajo,0.9658919,1
4,14.441748943839768,12,48,Empleado,14.403297778421795,13.304686600863562,147142,95.227787,774.0,7,13,2,0,3,13.853129989750581,Creciente,0,0,0.08174555555555556,3,1,5,riesgo_bajo,0.9616077,1
4,13.54370314700388,6,53,Empleado,14.559520040047687,13.592368256649284,113747,95.227787,775.0,4,4,1,0,1,14.554584282635174,Creciente,0,0,0.0540531421742054,5,2,2,riesgo_bajo,0.9670628,1
4,14.391831632364724,12,58,Empleado,14.508658238524095,12.611541086966115,123575,95.227787,768.0,2,0,2,0,0,13.727934294183411,Creciente,0,0,0.0617875,1,1,2,riesgo_bajo,0.9680482,1
4,15.361727693987064,36,45,Empleado,14.80876270134486,12.429220196836383,151736,95.227787,738.0,8,2,0,0,5,13.736220566928477,Creciente,0,0,0.056198518518518516,2,1,5,riesgo_bajo,0.9314099,1
4,14.373525636876881,12,28,Empleado,14.151983508870947,13.122365377402328,137438,95.227787,755.0,5,3,2,0,0,13.923851826760231,Creciente,0,0,0.09817,3,1,2,riesgo_bajo,0.9659888,1
4,13.487007879880162,6,35,Independiente,15.894952224644102,14.731801689838349,107471,49.161959,818.0,13,17,7,0,1,14.001572610373936,Sin_dato,0,1,0.013433875,4,2,8,riesgo_bajo,0.703308,0
9,15.022317961016572,9,41,Empleado,15.322251293791213,13.435714658591923,326547,95.227787,796.0,8,2,3,0,1,14.464357828059635,Decreciente,0,0,0.07237300531914893,2,1,4,riesgo_bajo,0.9666899,1
4,15.024161064761314,12,39,Empleado,15.201805169084134,14.220976332738882,232567,95.227787,851.0,3,2,1,0,0,15.3559370273104,Creciente,0,0,0.05814175,1,1,1,riesgo_muy_bajo,0.96431386,1
4,13.232113882940444,6,30,Empleado,14.077875591662238,12.429220196836383,82734,95.227787,807.0,6,2,5,0,0,11.937846735133663,Creciente,0,0,0.06364153846153846,1,1,5,riesgo_bajo,0.96569574,1
4,14.019368369173101,8,67,Independiente,14.914123179965662,13.997832948091215,139351,95.227787,763.0,10,7,0,2,6,14.001572610373936,Sin_dato,0,1,0.046450333333333337,1,1,8,riesgo_bajo,0.9629342,1
4,14.728757060871832,12,21,Empleado,14.220976332738882,13.45883704259595,195163,95.227787,774.0,1,0,0,0,0,14.001572610373936,Sin_dato,0,1,0.13010866666666668,7,3,0,riesgo_bajo,0.9575036,1
4,14.51662640420502,12,37,Empleado,15.424948670398354,14.508658238524095,159837,95.227787,718.0,9,4,5,0,1,15.63048528887445,Creciente,0,0,0.0319674,6,2,6,riesgo_bajo,0.966613,1
4,16.31629063892956,8,40,Independiente,16.300417291085605,15.150511887854474,1390041,95.227787,803.0,13,7,4,0,3,13.768695641707609,Creciente,0,0,0.11583675,4,2,7,riesgo_bajo,0.9606438,1
9,13.68640478638756,5,67,Independiente,15.424948670398354,14.508658238524095,142788,95.227787,795.0,9,3,4,0,3,13.442953007683547,Creciente,0,0,0.0285576,7,3,7,riesgo_bajo,0.9600275,1
9,14.073313203279842,3,63,Empleado,15.068273812173887,14.508658238524095,343557,95.227787,859.0,2,0,2,0,0,15.290267617397323,Creciente,0,0,0.09815914285714286,5,2,2,riesgo_muy_bajo,0.95988214,1
4,14.94173833791952,24,28,Empleado,15.079637567595793,13.717898831632498,142903,95.227787,769.0,2,4,1,0,1,14.357013581409324,Creciente,0,0,0.0403680790960452,9,3,2,riesgo_bajo,0.9490297,1
4,14.965918331567817,24,30,Empleado,14.731801689838349,12.899222326086994,139994,95.227787,805.0,8,2,3,4,1,14.726059235754354,Creciente,0,0,0.0559976,5,2,8,riesgo_bajo,0.95782834,1
4,14.498516388428037,12,33,Empleado,14.63898312239042,13.893398021690297,159353,95.227787,813.0,12,6,2,2,1,14.608012455423014,Creciente,0,0,0.06994083998530545,8,3,5,riesgo_bajo,0.96779233,1
9,14.309580384130852,10,33,Empleado,15.068273812173887,14.731801689838349,139229,95.227787,803.0,8,3,5,0,1,15.236509681433104,Creciente,0,0,0.039779714285714286,4,2,6,riesgo_bajo,0.96804786,1
9,13.618532923638218,2,52,Independiente,15.424948670398354,14.508658238524095,324034,95.227787,799.0,8,6,5,0,2,14.001572610373936,Sin_dato,0,1,0.0648068,5,2,7,riesgo_bajo,0.9622804,1
9,15.336497730750411,10,46,Empleado,14.914123179965662,14.115615891155079,389197,95.227787,902.0,10,3,8,0,1,14.999670986946517,Creciente,0,0,0.12973233333333334,4,2,9,riesgo_muy_bajo,0.95076317,1
4,13.626624703231952,12,29,Empleado,14.566927118346197,13.017005083966255,64961,13.935151,724.0,7,5,4,0,2,14.563892330783343,Estable,0,0,0.03064198113207547,12,4,6,riesgo_bajo,0.7575814,0
4,14.98510338584282,12,58,Independiente,15.76142084987672,14.731801689838349,223658,95.227787,859.0,4,0,4,0,0,14.92086506669967,Estable,0,0,0.03195114285714286,1,1,4,riesgo_muy_bajo,0.9644988,1
4,14.790056386546272,6,41,Independiente,15.28015411665554,13.70903942580019,404709,95.227787,772.0,13,5,2,0,9,13.815511557963774,Estable,0,0,0.09355270457697643,12,4,11,riesgo_bajo,0.96201223,1
4,14.302298169842096,18,32,Empleado,14.77102238760702,13.45883704259595,90215,95.227787,790.0,4,4,1,0,1,14.001572610373936,Sin_dato,0,1,0.03469807692307692,3,1,2,riesgo_bajo,0.9604104,1
9,15.19651831960975,10,36,Empleado,14.845130332288226,14.77409458546419,342272,95.227787,763.0,11,9,6,0,2,14.557448378884015,Decreciente,0,0,0.12224,8,3,8,riesgo_bajo,0.95976716,1
9,14.11598115749992,10,54,Empleado,15.226497775576945,14.88022163978423,114663,95.227787,809.0,8,7,6,1,1,15.371679330576361,Creciente,0,0,0.02796658536585366,3,1,8,riesgo_bajo,0.9580698,1
4,15.469960267424982,12,42,Independiente,15.424948670398354,13.815511557963774,410396,95.227787,820.0,7,2,1,0,2,13.719579885694309,Estable,0,0,0.0820792,12,4,3,riesgo_bajo,0.9634219,1
4,14.837371743457739,12,51,Empleado,15.607270193858982,15.201805169084134,218262,95.227787,840.0,8,7,5,1,0,15.496199536909268,Creciente,0,0,0.036377,3,1,6,riesgo_bajo,0.9550202,1
4,13.997832948091215,12,27,Empleado,14.403297778421795,13.592368256649284,95709,95.227787,751.0,7,3,4,0,1,14.001572610373936,Sin_dato,0,1,0.053171666666666666,4,2,5,riesgo_bajo,0.9605637,1
4,15.789591722875162,12,46,Independiente,16.118095750958314,14.508658238524095,566313,95.227787,783.0,3,0,2,0,0,14.001572610373936,Sin_dato,0,1,0.0566313,3,1,2,riesgo_bajo,0.9608593,1
4,15.597219859688982,12,62,Independiente,15.894952224644102,15.76142084987672,467252,95.227787,884.0,1,5,1,0,0,13.815511557963774,Estable,0,0,0.0584065,3,1,1,riesgo_muy_bajo,0.9481544,1
9,14.867169105206026,10,56,Independiente,14.214287349062356,10.778977123006351,256607,47.613894,803.0,0,1,0,0,0,14.001572610373936,Sin_dato,0,1,0.1722194630872483,2,1,0,riesgo_bajo,0.7301142,0
4,15.03624944276455,6,60,Independiente,15.894952224644102,14.220976332738882,503439,95.227787,846.0,5,1,4,0,0,13.685756024021249,Creciente,0,0,0.062929875,2,1,4,riesgo_bajo,0.95064205,1
4,14.144112620134624,12,60,Empleado,13.910821646859095,12.611541086966115,108992,95.227787,844.0,4,2,4,0,0,13.736220566928477,Creciente,0,0,0.09908363636363636,2,1,4,riesgo_bajo,0.9689313,1
4,15.039286166056963,6,53,Independiente,15.76142084987672,14.508658238524095,505337,89.979287,823.0,3,4,1,1,0,13.744438741253175,Creciente,0,0,0.072191,3,1,2,riesgo_bajo,0.95991445,1
4,14.150383087164162,12,41,Independiente,14.285514812209815,13.122365377402328,97067,95.227787,732.0,9,4,6,0,1,14.001572610373936,Sin_dato,0,1,0.060666875,1,1,7,riesgo_bajo,0.9616531,1
9,13.964031075272407,10,56,Empleado,14.285514812209815,13.815511557963774,98396,91.99794,788.0,1,2,0,0,0,14.141648868740596,Creciente,0,0,0.0614975,1,1,0,riesgo_bajo,0.9651802,1
4,14.111161544112575,6,57,Independiente,15.068273812173887,14.508658238524095,199612,89.979287,780.0,2,4,0,0,1,14.001572610373936,Sin_dato,0,1,0.057032,2,1,1,riesgo_bajo,0.96300673,1
9,13.960587913684071,11,62,Empleado,14.845130332288226,10.463131911491967,92119,95.227787,802.0,2,3,0,0,1,13.79237702937058,Creciente,0,0,0.032899642857142856,10,4,1,riesgo_bajo,0.9686859,1
4,15.088883166968618,12,44,Empleado,15.424948670398354,14.731801689838349,248117,95.227787,844.0,13,2,13,0,0,15.520866465445584,Creciente,0,0,0.0496234,1,1,13,riesgo_bajo,0.9592315,1
9,14.053740534718278,3,41,Independiente,15.424948670398354,14.508658238524095,336898,95.227787,843.0,4,2,2,0,2,13.752589927335745,Creciente,0,0,0.0673796,4,2,4,riesgo_bajo,0.96599656,1
4,14.223293644150958,6,63,Empleado,14.914123179965662,13.997832948091215,223511,95.227787,820.0,1,3,0,0,0,14.936456255725158,Creciente,0,0,0.07450366666666666,4,2,0,riesgo_bajo,0.96728265,1
4,13.641158361294979,6,38,Independiente,15.475641774827944,15.686081361652343,129991,95.227787,774.0,11,12,5,0,4,15.008187402484358,Creciente,0,0,0.024713117870722435,1,1,9,riesgo_bajo,0.9631529,1
4,13.852518247262559,6,63,Independiente,14.220976332738882,12.899222326086994,153916,95.227787,725.0,6,4,0,0,4,14.001572610373936,Sin_dato,0,1,0.10261066666666667,12,4,4,riesgo_bajo,0.95764357,1
9,14.744660257789597,10,62,Independiente,16.066802461833923,15.687312888712007,215346,95.227787,889.0,5,0,3,1,0,13.752589927335745,Creciente,0,0,0.022668,4,2,4,riesgo_muy_bajo,0.9643698,1
4,14.337158013903933,12,23,Empleado,14.403297778421795,13.592368256649284,132530,95.227787,743.0,10,12,2,0,6,13.837032294979512,Creciente,0,0,0.07362777777777778,3,1,8,riesgo_bajo,0.9634125,1
9,14.241385821204505,9,51,Independiente,13.910821646859095,13.592368256649284,143455,95.227787,847.0,1,0,1,0,0,14.001572610373936,Sin_dato,0,1,0.13041363636363637,6,2,1,riesgo_bajo,0.9649976,1
9,13.70707977831034,7,57,Independiente,15.424948670398354,14.914123179965662,105674,95.227787,823.0,4,2,0,3,0,14.158978269097874,Creciente,0,0,0.0211348,12,4,3,riesgo_bajo,0.96452266,1
9,15.437538048046964,9,57,Independiente,16.52356082573315,15.424948670398354,479845,95.227787,865.0,6,3,3,0,2,14.508658238524095,Estable,0,0,0.031989666666666666,6,2,5,riesgo_muy_bajo,0.96442765,1
4,14.315580748869435,6,60,Independiente,14.59023818634603,14.015181572093326,246936,95.227787,837.0,5,5,0,1,2,14.001572610373936,Sin_dato,0,1,0.11379539170506912,7,3,3,riesgo_bajo,0.9640303,1
4,14.625320591454582,12,66,Empleado,14.508658238524095,13.122365377402328,156075,95.227787,888.0,4,2,2,0,0,14.147693609167057,Creciente,0,0,0.0780375,1,1,2,riesgo_muy_bajo,0.9677824,1
4,13.644935500125541,6,50,Empleado,15.360943353642055,14.525515347232606,126278,95.227787,905.0,6,0,2,0,4,15.408266090064599,Creciente,0,0,0.026924946695095948,8,3,6,riesgo_muy_bajo,0.9670944,1
4,14.381658677971046,6,43,Empleado,13.768695641707609,0.0,265427,95.227787,810.0,0,2,0,0,0,13.719579885694309,Estable,0,0,0.2921512427822649,7,3,0,riesgo_bajo,0.9609009,1
9,13.93538402935879,10,25,Empleado,15.068273812173887,14.731801689838349,95717,95.227787,787.0,2,2,0,0,1,13.728690435411622,Decreciente,0,0,0.027347714285714284,3,1,1,riesgo_bajo,0.96354616,1
4,13.762110836088922,8,22,Empleado,14.285514812209815,0.0,109288,91.410695,707.0,3,5,0,0,2,14.056401292262251,Creciente,0,0,0.068305,6,2,2,riesgo_bajo,0.94537914,1
4,15.208313939375051,6,38,Independiente,15.319588176962746,14.403297778421795,597558,95.227787,807.0,12,1,5,1,1,14.607268374915678,Estable,0,0,0.13279066666666667,2,1,7,riesgo_bajo,0.9637508,1
4,15.011703477314361,18,43,Empleado,15.201805169084134,14.731801689838349,182736,95.227787,849.0,2,4,1,0,0,14.92807637510908,Creciente,0,0,0.045684,2,1,1,riesgo_bajo,0.96554613,1
4,13.487007879880162,6,36,Independiente,13.768695641707609,14.817245138897842,108373,95.227787,757.0,22,5,3,13,1,13.774006038910464,Creciente,0,0,0.11928442334066389,7,3,17,riesgo_bajo,0.9652079,1
4,13.84234818543761,6,50,Independiente,15.763276270111366,15.009433329466965,155146,95.227787,788.0,7,4,3,0,1,14.170425253574532,Decreciente,0,0,0.022122629402538143,9,3,4,riesgo_bajo,0.96610516,1
9,15.446875388809259,9,40,Independiente,15.294453377831667,14.301018989130402,478909,95.227787,782.0,5,4,1,0,3,13.768695641707609,Creciente,0,0,0.10913307490389793,5,2,4,riesgo_bajo,0.96689224,1
10,13.347483533946699,6,50,Independiente,14.594835893480763,13.241036683319184,94586,95.227787,747.0,3,4,1,0,0,14.001572610373936,Sin_dato,0,1,0.043388073394495415,10,4,1,riesgo_bajo,0.9612117,1
4,13.881299234831427,6,26,Empleado,14.599412558413583,13.76316513133229,161308,95.227787,772.0,5,9,4,0,1,13.904114665884324,Creciente,0,0,0.07365662100456621,9,3,5,riesgo_bajo,0.9655514,1
9,14.220304107293979,4,58,Independiente,15.424948670398354,14.508658238524095,301302,95.227787,834.0,9,6,4,0,1,13.752589927335745,Creciente,0,0,0.0602604,5,2,5,riesgo_bajo,0.96308,1
4,14.721472531390571,6,48,Independiente,15.201805169084134,14.508658238524095,367503,95.227787,736.0,6,3,2,1,3,14.094272716001479,Decreciente,0,0,0.09187575,1,1,6,riesgo_bajo,0.9624878,1
4,14.75672014024973,12,23,Empleado,14.285514812209815,12.611541086966115,201102,95.227787,814.0,5,1,1,0,2,14.344574645183277,Creciente,0,0,0.12568875,12,4,3,riesgo_bajo,0.96771896,1
4,13.911294262001938,6,29,Empleado,14.917450968950916,14.373411161525874,166433,95.227787,764.0,5,4,1,0,1,13.800982535450142,Creciente,0,0,0.05529335548172758,10,4,2,riesgo_bajo,0.9651976,1
4,13.774689605110144,6,30,Independiente,14.914123179965662,14.285514812209815,142580,95.227787,797.0,4,8,2,0,1,13.442947201898663,Creciente,0,0,0.04752666666666667,3,1,3,riesgo_bajo,0.95925134,1
9,14.627813609189028,11,33,Empleado,14.220976332738882,13.45883704259595,175296,95.227787,750.0,7,4,2,1,2,13.719579885694309,Estable,0,0,0.116864,12,4,5,riesgo_bajo,0.9609853,1
9,15.316200312041927,3,30,Empleado,16.118095750958314,14.731801689838349,1192258,95.227787,836.0,7,7,6,0,0,14.001572610373936,Sin_dato,0,1,0.1192258,7,3,6,riesgo_bajo,0.9538002,1
4,13.641158361294979,6,35,Independiente,14.621986870259695,13.983564988268704,126872,53.364705,790.0,7,3,2,2,2,13.881805660409158,Decreciente,0,0,0.05663928571428571,8,3,6,riesgo_bajo,0.76713955,0
4,14.367957971528991,12,37,Empleado,14.077875591662238,11.51293546492023,136675,95.227787,782.0,5,4,4,1,0,13.855852757401275,Creciente,0,0,0.10513461538461538,3,1,5,riesgo_bajo,0.9674685,1
4,14.429615072309161,6,38,Empleado,14.528460856016357,13.772604100793789,278466,95.227787,828.0,5,2,3,0,0,14.001572610373936,Sin_dato,0,1,0.13650294117647058,7,3,3,riesgo_bajo,0.9640672,1
4,14.86290568969718,6,56,Empleado,15.250595321348806,14.077875591662238,422601,95.227787,867.0,5,6,3,0,1,14.001572610373936,Sin_dato,0,1,0.10061928571428572,1,1,4,riesgo_muy_bajo,0.96201015,1
4,14.776996810535213,12,62,Independiente,14.731801689838349,13.592368256649284,205236,95.227787,805.0,9,3,4,1,1,14.001572610373936,Sin_dato,0,1,0.0820944,12,4,6,riesgo_bajo,0.96789247,1
4,12.793862088206213,12,34,Empleado,14.508658238524095,13.304686600863562,28540,95.227787,765.0,4,5,3,0,1,14.278435441905707,Creciente,0,0,0.01427,6,2,4,riesgo_bajo,0.96690685,1
4,14.919110719818326,18,34,Empleado,15.068273812173887,14.736789229359339,166873,95.227787,845.0,7,2,5,0,0,15.096528844305551,Sin_dato,0,0,0.047678,3,1,5,riesgo_bajo,0.9673689,1
4,14.46533313592439,6,27,Empleado,14.508658238524095,13.122365377402328,284254,95.227787,779.0,3,3,3,0,0,14.49962153472957,Creciente,0,0,0.142127,12,4,3,riesgo_bajo,0.9658847,1
9,14.962199168775625,9,47,Independiente,15.068273812173887,14.731801689838349,297168,95.227787,848.0,3,3,1,0,0,15.089476013830486,Creciente,0,0,0.08490514285714286,1,1,1,riesgo_bajo,0.95934165,1
4,14.45841704784969,10,29,Independiente,14.914123179965662,13.815511557963774,175991,95.227787,756.0,5,3,1,0,3,14.067885867755784,Decreciente,0,0,0.05866366666666667,3,1,4,riesgo_bajo,0.9626358,1
4,15.125404590719246,8,31,Independiente,15.068273812173887,13.122365377402328,421168,95.227787,727.0,14,9,2,0,11,13.067529084231833,Creciente,0,0,0.12033371428571428,5,2,13,riesgo_bajo,0.94709724,1
4,13.263656321111661,12,55,Empleado,15.319588176962746,14.731801689838349,39992,95.227787,770.0,10,2,4,0,0,15.481727212172006,Decreciente,0,0,0.008887111111111111,1,1,4,riesgo_bajo,0.9674997,1
4,14.273202078303424,12,30,Empleado,14.285514812209815,12.611541086966115,124062,95.227787,780.0,5,3,1,0,3,14.287306954242434,Creciente,0,0,0.07753875,12,4,4,riesgo_bajo,0.9675156,1
4,14.08639305444411,12,35,Empleado,14.914123179965662,14.220976332738882,91050,95.227787,828.0,5,2,4,0,0,14.988006626990336,Decreciente,0,0,0.03035,1,1,4,riesgo_bajo,0.9692527,1
4,14.865730953142654,12,42,Empleado,14.571163413579592,13.304686600863562,198492,95.227787,791.0,6,6,5,0,0,13.77940865625852,Decreciente,0,0,0.09323250352278065,1,1,5,riesgo_bajo,0.9676783,1
10,14.861102096139035,6,51,Independiente,15.424948670398354,11.51293546492023,422267,95.227787,807.0,3,4,1,0,2,14.001572610373936,Sin_dato,0,1,0.0844534,12,4,3,riesgo_bajo,0.962054,1
4,14.833303531922096,12,59,Empleado,15.096444681204078,13.122365377402328,192158,95.227787,794.0,20,7,11,1,3,14.01162571086313,Creciente,0,0,0.05337722222222222,1,1,15,riesgo_bajo,0.96460617,1
4,15.12826628482686,6,40,Independiente,14.859314962250004,14.866682121560324,561320,95.227787,742.0,8,2,3,0,2,14.001572610373936,Sin_dato,0,1,0.19764788732394367,9,3,5,riesgo_bajo,0.9655168,1
4,15.408515099178997,6,62,Empleado,16.118095750958314,14.914123179965662,731196,95.227787,829.0,10,14,7,0,2,15.517907342589726,Decreciente,0,0,0.0731196,4,2,9,riesgo_bajo,0.9634147,1
4,13.62756787218512,8,58,Empleado,14.508658238524095,12.899222326086994,94064,95.227787,772.0,7,4,3,0,4,14.070527899768711,Creciente,0,0,0.047032,2,1,7,riesgo_bajo,0.96656644,1
4,14.645459216088135,12,57,Empleado,14.508658238524095,13.815511557963774,179706,95.227787,805.0,0,4,0,0,0,14.001572610373936,Sin_dato,0,1,0.089853,1,1,0,riesgo_bajo,0.9660288,1
9,14.945284570627907,8,31,Empleado,15.631637546295131,14.449969272398093,335601,95.227787,738.0,5,4,4,0,1,14.728990543388983,Creciente,0,0,0.0545870201691607,2,1,5,riesgo_bajo,0.9598615,1
9,15.436579645267186,9,55,Empleado,15.687312888712007,14.557448378884015,473551,95.227787,913.0,6,2,6,0,0,15.960872556094069,Decreciente,0,0,0.072854,5,2,6,riesgo_muy_bajo,0.9647858,1
4,15.267986074733656,24,31,Empleado,15.46416937585933,13.815511557963774,190400,95.227787,797.0,2,5,2,0,0,14.97474778217426,Creciente,0,0,0.03661538461538461,6,2,2,riesgo_bajo,0.95660806,1
9,13.909220366948997,2,59,Independiente,15.201805169084134,14.508658238524095,432901,95.227787,804.0,4,0,0,0,2,14.001572610373936,Sin_dato,0,1,0.10822525,1,1,2,riesgo_bajo,0.9636279,1
4,13.987681605537375,12,36,Empleado,15.424948670398354,13.017005083966255,82492,95.227787,902.0,4,2,1,0,1,16.060789216987462,Decreciente,0,0,0.0164984,1,1,2,riesgo_muy_bajo,0.9676678,1
4,15.034569295216482,6,42,Independiente,15.201805169084134,14.285514812209815,508692,95.227787,839.0,10,2,9,0,0,14.001572610373936,Sin_dato,0,1,0.127173,6,2,9,riesgo_bajo,0.96358526,1
4,13.414795649771024,12,44,Empleado,14.508658238524095,13.527829818844937,52560,95.227787,801.0,8,3,3,0,3,13.67629446658535,Creciente,0,0,0.02628,2,1,6,riesgo_bajo,0.9651156,1
4,15.098442683312305,24,26,Independiente,15.274125813221904,13.017005083966255,125250,95.227787,799.0,1,3,0,0,0,13.90770771552075,Creciente,0,0,0.029127906976744188,2,1,0,riesgo_bajo,0.9467208,1
4,13.79877713184781,6,64,Empleado,13.997832948091215,12.765691290604371,146062,95.227787,777.0,5,1,2,0,3,13.736220566928477,Creciente,0,0,0.12171833333333333,2,1,5,riesgo_bajo,0.96738297,1
4,14.518410525114328,6,38,Empleado,14.914123179965662,13.815511557963774,300375,95.227787,790.0,9,3,4,0,2,14.001572610373936,Sin_dato,0,1,0.100125,6,2,6,riesgo_bajo,0.968332,1
4,14.086759086379908,6,46,Independiente,15.068273812173887,14.508658238524095,197163,95.227787,848.0,5,2,2,0,2,14.001572610373936,Sin_dato,0,1,0.05633228571428572,6,2,4,riesgo_bajo,0.96781063,1
4,15.169695123323685,6,38,Independiente,16.588099342704055,15.607270193858982,577254,95.227787,740.0,9,14,4,0,1,13.784545036757393,Creciente,0,0,0.036078375,5,2,5,riesgo_bajo,0.9567498,1
9,15.042186660921626,10,43,Empleado,16.118095750958314,15.607270193858982,289513,95.227787,862.0,12,3,7,0,0,14.676993194188494,Estable,0,0,0.0289513,2,1,7,riesgo_muy_bajo,0.96105784,1
9,14.87987620093585,9,55,Empleado,17.216707972959764,15.607270193858982,271390,95.227787,866.0,18,8,10,0,2,16.060789216987462,Creciente,0,0,0.009046333333333333,4,2,12,riesgo_muy_bajo,0.9540291,1
4,14.914123179965662,12,30,Empleado,14.731801689838349,14.508658238524095,235693,95.227787,791.0,6,1,2,0,1,12.333291027973042,Decreciente,0,0,0.0942772,1,1,3,riesgo_bajo,0.9628374,1
9,14.182038422071313,10,31,Empleado,14.200773639026796,12.483708170000067,124105,95.227787,824.0,1,0,0,1,0,14.155519390593822,Creciente,0,0,0.08442517006802722,9,3,1,riesgo_bajo,0.9645685,1
9,14.288261036163805,2,53,Independiente,15.424948670398354,14.508658238524095,633160,95.227787,844.0,4,3,1,1,1,13.7687344142933,Creciente,0,0,0.126632,7,3,3,riesgo_bajo,0.96317345,1
4,13.671964615281718,6,40,Empleado,15.607270193858982,14.403297778421795,120317,95.227787,837.0,11,9,5,0,2,14.001572610373936,Sin_dato,0,1,0.020052833333333332,12,4,7,riesgo_bajo,0.9654546,1
9,15.318877524667075,9,31,Independiente,14.914123179965662,14.403297778421795,421572,95.227787,747.0,10,4,8,0,1,14.504855519241145,Creciente,0,0,0.140524,6,2,9,riesgo_bajo,0.957871,1
4,14.8190430069644,6,49,Independiente,16.300417291085605,15.76142084987672,405720,95.227787,828.0,9,3,8,0,1,10.387373130123768,Estable,0,0,0.03381,5,2,9,riesgo_bajo,0.9546525,1
4,14.244617059659006,6,59,Empleado,15.201805169084134,13.122365377402328,213317,95.227787,924.0,12,1,7,1,3,14.560290050438834,Creciente,0,0,0.05332925,12,4,11,riesgo_muy_bajo,0.96634597,1
4,14.728757060871832,24,34,Empleado,14.508658238524095,13.45883704259595,109192,95.227787,732.0,6,9,1,0,3,13.478219386107119,Decreciente,0,0,0.054596,3,1,4,riesgo_bajo,0.95261896,1
4,15.087067522008498,12,34,Independiente,14.731801689838349,13.122365377402328,279494,95.227787,762.0,3,3,2,0,0,14.001572610373936,Sin_dato,0,1,0.1117976,1,1,2,riesgo_bajo,0.9617418,1
4,13.79910288528259,18,56,Independiente,14.731801689838349,13.122365377402328,55155,95.227787,789.0,6,10,2,1,3,14.001572610373936,Sin_dato,0,1,0.022062,3,1,6,riesgo_bajo,0.96025455,1
9,13.68640478638756,8,36,Independiente,15.424948670398354,14.508658238524095,91783,95.227787,714.0,13,12,7,1,4,14.001572610373936,Sin_dato,0,1,0.0183566,6,2,12,riesgo_bajo,0.93794495,1
4,15.226497580455023,6,27,Independiente,15.424948670398354,13.815511557963774,607495,95.227787,726.0,8,9,2,0,5,13.9003010539557,Creciente,0,0,0.121499,1,1,7,riesgo_bajo,0.95262456,1
9,13.550796033798886,9,36,Empleado,14.914123179965662,13.815511557963774,71568,95.227787,804.0,10,11,7,0,2,15.116600181864937,Decreciente,0,0,0.023856,12,4,9,riesgo_bajo,0.9644453,1
4,14.334289946513787,6,34,Empleado,14.220976332738882,12.899222326086994,249932,95.227787,810.0,4,2,0,0,2,13.73997957380906,Creciente,0,0,0.16662133333333334,2,1,2,riesgo_bajo,0.9679603,1
9,15.10088945397939,10,100,Empleado,17.21556141595261,0.0,334065,95.227787,0.0,0,0,0,0,0,14.001572610373936,Sin_dato,1,1,0.011148274808102605,6,2,0,sin_clasificar,0.95685184,1
4,13.603308183087238,6,54,Independiente,15.424948670398354,13.304686600863562,120047,95.227787,827.0,5,3,2,0,2,14.001572610373936,Sin_dato,0,1,0.0240094,1,1,4,riesgo_bajo,0.9655132,1
4,13.24217280298957,12,59,Empleado,14.508658238524095,13.122365377402328,44227,95.227787,812.0,0,1,0,0,0,13.719579885694309,Estable,0,0,0.0221135,12,4,0,riesgo_bajo,0.9681506,1
4,15.328851801392483,12,54,Empleado,14.914123179965662,13.997832948091215,315408,95.227787,827.0,4,1,3,0,0,14.001572610373936,Sin_dato,0,1,0.105136,1,1,3,riesgo_bajo,0.96662194,1
4,13.997832948091215,6,68,Empleado,15.201805169084134,14.731801689838349,178476,49.161959,766.0,4,3,1,0,0,14.001572610373936,Sin_dato,0,1,0.044619,6,2,1,riesgo_bajo,0.75980026,0
4,13.43589008154442,8,45,Empleado,14.603968372873895,14.220976332738882,77593,95.227787,769.0,0,1,0,0,0,14.087812205752524,Creciente,0,0,0.035269545454545456,2,1,0,riesgo_bajo,0.96597177,1
10,15.789591722875162,6,62,Empleado,17.493166341166564,16.702881205920505,1074714,95.227787,838.0,19,4,16,0,1,16.060789216987462,Creciente,0,0,0.02686785,6,2,17,riesgo_bajo,0.96032906,1
9,13.81892412510889,10,44,Independiente,14.914123179965662,14.220976332738882,85418,95.227787,859.0,4,1,4,0,0,14.001572610373936,Sin_dato,0,1,0.028472666666666667,5,2,4,riesgo_muy_bajo,0.9686156,1
9,14.351950476757928,10,30,Empleado,14.949356133377366,14.217637433703022,145026,95.227787,797.0,4,2,1,1,0,13.719579885694309,Estable,0,0,0.0466684236591589,1,1,2,riesgo_bajo,0.9652744,1
4,14.417792873650678,12,60,Empleado,15.201805169084134,14.220976332738882,126825,95.227787,885.0,6,3,2,0,0,13.80659089578962,Creciente,0,0,0.03170625,1,1,2,riesgo_muy_bajo,0.96852446,1
9,15.33318360254208,10,44,Independiente,16.815732786567125,16.702881205920505,392396,95.227787,879.0,24,1,22,0,2,14.603968372873895,Estable,0,0,0.019531906421105028,9,3,24,riesgo_muy_bajo,0.9503546,1
4,15.768708514889681,12,38,Independiente,15.607270193858982,14.914123179965662,553973,75.691683,799.0,10,5,6,0,2,14.001572610373936,Sin_dato,0,1,0.09232883333333333,1,1,8,riesgo_bajo,0.9632373,1
9,13.68640478638756,2,26,Independiente,15.424948670398354,14.508658238524095,346790,95.227787,694.0,4,7,2,0,1,14.764777546894381,Creciente,0,0,0.069358,5,2,3,riesgo_medio,0.9593667,1
4,13.487007879880162,6,43,Empleado,14.73379969170262,12.928781055513184,110685,95.227787,764.0,5,7,1,1,2,14.081718196429511,Creciente,0,0,0.04418562874251497,12,4,4,riesgo_bajo,0.9672037,1
9,13.682970445287971,11,27,Empleado,13.815511557963774,13.122365377402328,68145,95.227787,761.0,1,5,0,0,1,13.634188901103723,Creciente,0,0,0.068145,12,4,1,riesgo_bajo,0.9551497,1
4,15.052144434889764,12,23,Empleado,16.118095750958314,13.652992804936396,270576,95.227787,721.0,6,4,2,0,0,13.305746037695458,Creciente,0,0,0.0270576,2,1,2,riesgo_bajo,0.95841986,1
4,14.074608725307835,18,40,Empleado,14.508658238524095,13.815511557963774,71589,95.227787,773.0,8,4,1,0,6,14.828916748237242,Creciente,0,0,0.0357945,12,4,7,riesgo_bajo,0.9646602,1
4,14.260197020251155,12,54,Independiente,15.201805169084134,12.611541086966115,122408,95.227787,764.0,5,3,0,0,2,14.001572610373936,Sin_dato,0,1,0.030602,12,4,2,riesgo_bajo,0.9646118,0
4,13.235336642414163,6,60,Empleado,15.607270193858982,15.319588176962746,83001,95.227787,731.0,11,10,7,0,2,15.729498279329219,Creciente,0,0,0.0138335,1,1,9,riesgo_bajo,0.95656115,0
4,14.637947560894446,24,27,Independiente,14.690979711984754,13.270785106659046,100871,95.227787,802.0,0,4,0,0,0,14.001572610373936,Sin_dato,0,1,0.042029583333333335,5,2,0,riesgo_bajo,0.94682175,1
4,14.180154365996387,6,34,Empleado,14.403297778421795,13.304686600863562,214086,95.227787,734.0,8,6,2,0,5,14.172233500751043,Creciente,0,0,0.11893666666666666,5,2,7,riesgo_bajo,0.9624333,1
4,14.203870876337673,12,30,Empleado,14.346139397261565,13.592368256649284,115838,95.227787,792.0,3,5,2,0,0,14.180063389699122,Creciente,0,0,0.06814,4,2,2,riesgo_bajo,0.96716666,1
4,15.066329065792143,36,41,Empleado,14.914123179965662,13.815511557963774,113316,95.227787,752.0,6,4,3,0,1,15.002691260810229,Creciente,0,0,0.037772,3,1,4,riesgo_bajo,0.94755334,1
4,14.354107562242211,6,62,Independiente,15.607270193858982,14.508658238524095,254075,95.227787,834.0,6,4,3,2,0,14.001572610373936,Sin_dato,0,1,0.04234583333333333,1,1,5,riesgo_bajo,0.966272,1
4,14.839184119240658,12,43,Independiente,14.508658238524095,12.765691290604371,193292,95.227787,844.0,4,3,3,0,0,14.001572610373936,Sin_dato,0,1,0.096646,1,1,3,riesgo_bajo,0.9676265,1
4,14.690979711984754,12,45,Independiente,14.508658238524095,13.304686600863562,188887,95.227787,792.0,3,2,3,0,0,14.001572610373936,Sin_dato,0,1,0.0944435,1,1,3,riesgo_bajo,0.96757644,1
4,13.304686600863562,6,36,Independiente,14.751604309291395,15.213239543867484,90931,95.227787,708.0,8,4,3,0,5,14.001572610373936,Sin_dato,0,1,0.03565921568627451,8,3,8,riesgo_bajo,0.9573309,1
4,14.938027181133528,12,36,Empleado,15.625437494813886,15.201805169084134,241795,95.227787,716.0,13,3,5,1,5,15.839668221880725,Decreciente,0,0,0.03957364975450082,5,2,11,riesgo_bajo,0.96383446,1
4,14.551660234023377,6,45,Empleado,13.815511557963774,13.471612215950506,312689,95.227787,758.0,4,4,3,0,1,13.694150507411294,Creciente,0,0,0.312689,7,3,4,riesgo_bajo,0.9627996,1
4,12.996780653105047,6,60,Empleado,13.815511557963774,12.429220196836383,65563,95.227787,809.0,3,0,1,0,0,14.001572610373936,Sin_dato,0,1,0.065563,2,1,1,riesgo_bajo,0.964179,1
4,14.182484979718073,12,34,Empleado,14.151983508870947,13.122365377402328,100233,95.227787,760.0,6,3,6,0,0,14.560491361907763,Creciente,0,0,0.071595,1,1,6,riesgo_bajo,0.96837413,1
4,14.260197020251155,10,56,Independiente,14.914123179965662,14.220976332738882,143817,95.227787,829.0,3,4,0,2,1,13.727934294183411,Creciente,0,0,0.047939,1,1,3,riesgo_bajo,0.9675181,1
4,14.180154365996387,12,37,Empleado,14.508658238524095,13.304686600863562,113039,95.227787,723.0,3,11,1,0,2,14.072733938395132,Creciente,0,0,0.0565195,12,4,3,riesgo_bajo,0.96291506,1
9,13.778867112800839,9,49,Independiente,14.557448378884015,13.45883704259595,90247,95.227787,793.0,0,2,0,0,0,14.001572610373936,Sin_dato,0,1,0.042974761904761904,5,2,0,riesgo_bajo,0.96642673,1
4,14.236967774580757,6,23,Empleado,14.285514812209815,13.122365377402328,226602,95.227787,711.0,8,6,1,0,5,13.571525064453212,Decreciente,0,0,0.14162625,5,2,6,riesgo_bajo,0.95264405,1
4,14.51662640420502,12,33,Independiente,15.607270193858982,14.508658238524095,159822,91.99794,760.0,4,5,1,0,2,14.001572610373936,Sin_dato,0,1,0.026637,3,1,3,riesgo_bajo,0.96165866,1
9,15.661286668236079,10,38,Empleado,17.493166341166564,15.894952224644102,539112,95.227787,852.0,24,1,16,0,0,16.060789216987462,Sin_dato,0,0,0.01205858044746157,5,2,16,riesgo_muy_bajo,0.95454204,1
4,14.385296737403372,6,69,Independiente,15.201805169084134,12.25486757159303,262580,95.227787,851.0,4,3,4,0,0,14.001572610373936,Sin_dato,0,1,0.065645,3,1,4,riesgo_muy_bajo,0.9648202,1
9,15.425154409191526,10,100,Empleado,17.493166341166564,16.702881205920505,425947,95.227787,0.0,0,0,0,0,0,14.001572610373936,Sin_dato,1,1,0.005855974888654923,7,3,0,sin_clasificar,0.96340364,1
4,13.997732943174222,6,68,Independiente,14.508658238524095,13.45883704259595,178387,95.227787,781.0,4,4,3,0,0,13.755537598769623,Creciente,0,0,0.0891935,4,2,3,riesgo_bajo,0.96488434,1
9,14.26624025762856,11,24,Empleado,14.914123179965662,14.508658238524095,122247,95.227787,646.0,7,8,0,1,5,13.880891848871617,Creciente,0,0,0.040749,2,1,6,riesgo_medio,0.9516438,1
9,13.784621361140182,10,24,Empleado,14.508658238524095,0.0,82365,95.227787,830.0,1,6,1,0,0,14.625113671747366,Estable,0,0,0.0411825,4,2,1,riesgo_bajo,0.9601721,1
4,15.001107862163442,12,28,Empleado,14.551064716294634,12.345838935721968,261018,95.227787,740.0,3,5,3,0,0,14.438983384881043,Decreciente,0,0,0.12509027684259408,7,3,3,riesgo_bajo,0.96182925,1
9,14.076141166672524,6,58,Empleado,14.731801689838349,14.220976332738882,176904,13.156477,862.0,8,5,2,0,3,14.001572610373936,Sin_dato,0,1,0.0707616,1,1,5,riesgo_muy_bajo,0.7437733,0
9,15.599539590882342,9,31,Empleado,15.607270193858982,14.88022163978423,558164,95.227787,747.0,9,2,6,0,0,14.614774767953328,Creciente,0,0,0.09302733333333334,7,3,6,riesgo_bajo,0.9645402,1
9,14.985016568136473,10,25,Empleado,14.978661680269907,13.592368256649284,274287,95.227787,789.0,2,2,2,0,0,14.861548381018158,Creciente,0,0,0.0857146875,7,3,2,riesgo_bajo,0.96777356,1
4,15.37323003301877,18,41,Empleado,13.997832948091215,13.45883704259595,260910,95.227787,820.0,6,0,4,2,0,14.16486376327227,Creciente,0,0,0.217425,12,4,6,riesgo_bajo,0.96333283,1
9,13.618532923638218,3,56,Independiente,15.424948670398354,14.508658238524095,218102,95.227787,793.0,12,3,4,0,3,14.001572610373936,Sin_dato,0,1,0.0436204,5,2,7,riesgo_bajo,0.96394813,1
4,13.94124253909916,6,43,Independiente,14.914123179965662,13.997832948091215,170869,95.227787,855.0,1,3,0,0,0,13.776651219507292,Creciente,0,0,0.05695633333333333,7,3,0,riesgo_muy_bajo,0.9672655,1
9,15.758059779711214,3,45,Empleado,15.367319569426122,15.145234832146,1873852,95.227787,846.0,4,6,4,0,0,14.222756080194182,Creciente,0,0,0.39700254237288135,11,4,4,riesgo_bajo,0.9639635,1
4,14.690979711984754,8,27,Independiente,14.070153551531353,11.759793355371237,278338,95.227787,731.0,4,4,0,1,0,13.79237702937058,Creciente,0,0,0.2157658914728682,9,3,1,riesgo_bajo,0.96165764,1
4,14.914043176792159,12,59,Independiente,13.997832948091215,13.592368256649284,208317,95.227787,836.0,1,0,0,1,0,14.001572610373936,Sin_dato,0,1,0.1735975,1,1,1,riesgo_bajo,0.96382385,1
4,15.113400117183351,12,61,Independiente,15.894952224644102,14.978661680269907,288025,91.99794,820.0,6,3,5,0,0,11.011554999974992,Estable,0,0,0.036003125,3,1,5,riesgo_bajo,0.9577402,1
10,13.304686600863562,18,43,Independiente,14.648420115681892,14.220976332738882,33268,95.227787,832.0,4,2,2,0,1,13.442947201898663,Decreciente,0,0,0.014464347826086956,3,1,3,riesgo_bajo,0.964526,1
4,13.92084397325489,6,45,Empleado,13.997832948091215,12.611541086966115,154317,95.227787,876.0,1,3,1,0,0,13.719579885694309,Estable,0,0,0.1285975,1,1,1,riesgo_muy_bajo,0.9638901,1
9,14.288261036163805,5,43,Independiente,15.424948670398354,14.508658238524095,260282,95.227787,734.0,12,6,6,0,4,14.130621982521134,Creciente,0,0,0.0520564,4,2,10,riesgo_bajo,0.95764846,1
4,15.148657538519572,12,39,Empleado,15.201805169084134,14.845130332288226,263400,95.227787,884.0,3,4,3,0,0,15.374982505245812,Creciente,0,0,0.06585,1,1,3,riesgo_muy_bajo,0.9648981,1
4,13.42513256481443,6,32,Independiente,14.731801689838349,13.592368256649284,100592,89.2295,717.0,4,2,1,0,2,14.001572610373936,Sin_dato,0,1,0.0402368,3,1,3,riesgo_bajo,0.9581512,1
4,14.383027052955864,6,56,Empleado,15.330638010707329,14.508658238524095,262163,95.227787,712.0,9,6,4,0,2,14.981903917518812,Creciente,0,0,0.05761824175824176,3,1,6,riesgo_bajo,0.9623762,1
9,14.373136138178072,10,37,Empleado,14.731801689838349,13.815511557963774,148676,95.227787,840.0,4,1,3,0,0,14.244793750032633,Creciente,0,0,0.0594704,5,2,3,riesgo_bajo,0.9689173,1
9,13.676587513615749,10,45,Empleado,15.227960120107017,13.935070680332966,78822,95.227787,830.0,7,5,6,0,1,14.001572610373936,Sin_dato,0,1,0.019196785192401363,1,1,7,riesgo_bajo,0.96779233,1
4,15.165270853658633,12,36,Independiente,15.944932150855188,16.702881205920505,309550,95.227787,769.0,13,6,7,0,5,13.79237702937058,Creciente,0,0,0.03680737217598098,9,3,12,riesgo_bajo,0.95683926,1
9,12.847336357584078,5,41,Empleado,14.056101809045417,12.323860125621126,62041,95.227787,755.0,3,5,1,0,2,14.582069432618336,Creciente,0,0,0.04877437106918239,8,3,3,riesgo_bajo,0.96196467,1
4,14.103903127952892,12,51,Empleado,14.731801689838349,13.45883704259595,92658,95.227787,783.0,12,8,5,0,6,14.001572610373936,Sin_dato,0,1,0.0370632,1,1,11,riesgo_bajo,0.96356887,1
4,13.846893908297407,6,51,Empleado,15.221607791478354,14.214958264437461,155853,95.227787,774.0,10,11,1,0,6,15.514520582571924,Creciente,0,0,0.038199264705882356,9,3,7,riesgo_bajo,0.96356755,1
4,14.171702085075918,6,60,Empleado,13.815511557963774,12.768544351446794,213845,95.227787,818.0,2,3,2,0,0,13.776651219507292,Creciente,0,0,0.213845,7,3,2,riesgo_bajo,0.96345276,1
9,14.936578748266646,11,50,Empleado,14.690979711984754,13.592368256649284,238709,95.227787,791.0,18,4,8,1,3,13.727934294183411,Creciente,0,0,0.09946208333333334,1,1,12,riesgo_bajo,0.9647118,1
9,14.496093234696435,11,38,Independiente,14.978661680269907,14.077875591662238,153838,95.227787,796.0,11,8,4,0,4,13.724524017744827,Creciente,0,0,0.048074375,2,1,8,riesgo_bajo,0.9650344,1
4,16.504500324277295,12,35,Independiente,16.454567959008102,14.914123179965662,1151149,74.296247,734.0,11,4,6,0,4,13.68517861307255,Creciente,0,0,0.08222492857142857,12,4,10,riesgo_bajo,0.9168976,1
9,13.214455658047447,2,53,Independiente,15.424948670398354,14.508658238524095,216195,95.227787,740.0,10,4,6,0,2,13.744438741253175,Creciente,0,0,0.043239,4,2,8,riesgo_bajo,0.9626916,1
9,13.721063385661827,10,49,Empleado,14.220976332738882,13.592368256649284,77171,89.2295,729.0,8,4,7,0,0,14.310117771447231,Creciente,0,0,0.05144733333333333,2,1,7,riesgo_bajo,0.952341,1
9,14.52294331208368,9,47,Empleado,14.914123179965662,14.508658238524095,191805,95.227787,821.0,3,2,2,0,0,14.64046727460422,Decreciente,0,0,0.063935,4,2,2,riesgo_bajo,0.9681424,1
4,14.036957470801063,6,25,Empleado,14.562672800539488,13.477238101919994,191972,95.227787,727.0,5,3,3,0,2,14.132310558787966,Creciente,0,0,0.09093889152060634,2,1,5,riesgo_bajo,0.9650271,1
4,15.059352538222972,12,26,Empleado,14.403297778421795,12.611541086966115,272984,95.227787,764.0,4,6,0,0,3,13.326537746010908,Creciente,0,0,0.15165777777777778,1,1,3,riesgo_bajo,0.9606865,1
4,14.093143052138025,24,44,Independiente,14.914123179965662,13.45883704259595,58015,95.227787,820.0,11,5,6,0,3,13.815511557963774,Estable,0,0,0.019338333333333332,4,2,9,riesgo_bajo,0.96796316,1
4,14.373525636876881,12,23,Empleado,14.077875591662238,0.0,137268,95.227787,743.0,4,11,2,0,0,14.001572610373936,Sin_dato,0,1,0.10559076923076922,2,1,2,riesgo_bajo,0.93655103,1
4,14.175686904831077,24,34,Empleado,14.446250810593439,12.30592250537653,69783,95.227787,769.0,1,4,1,0,0,14.292426492090437,Creciente,0,0,0.0371383714741884,2,1,1,riesgo_bajo,0.9634902,1
4,14.137594781770806,8,43,Empleado,13.997832948091215,13.122365377402328,156520,95.227787,858.0,8,5,0,3,1,13.656517171136953,Creciente,0,0,0.13043333333333335,12,4,4,riesgo_muy_bajo,0.96059287,1
4,15.151563965528561,12,29,Empleado,14.220976332738882,13.304686600863562,297549,95.227787,768.0,4,4,0,0,4,14.10319313041593,Creciente,0,0,0.198366,1,1,4,riesgo_bajo,0.9594789,1
4,13.840594313560441,12,41,Independiente,14.508658238524095,13.815511557963774,80793,95.227787,754.0,9,4,2,1,6,14.001572610373936,Sin_dato,0,1,0.0403965,2,1,9,riesgo_bajo,0.9647875,1
9,13.429271146053662,12,31,Empleado,15.894952224644102,15.607270193858982,47195,95.227787,828.0,6,8,6,0,0,15.257843984465085,Creciente,0,0,0.005899375,3,1,6,riesgo_bajo,0.9658829,1
9,15.444070356238736,10,100,Empleado,15.00274434334993,14.978661680269907,467390,95.227787,0.0,0,0,0,0,0,14.001572610373936,Sin_dato,1,1,0.14258389261744966,12,4,0,sin_clasificar,0.9530259,1
4,14.694423772954751,12,47,Empleado,14.403297778421795,13.304686600863562,167242,95.227787,879.0,8,2,7,0,0,14.46418586211474,Creciente,0,0,0.09291222222222222,1,1,7,riesgo_muy_bajo,0.9688028,1
4,15.18665092512987,12,38,Empleado,15.76142084987672,14.508658238524095,308555,95.227787,852.0,5,4,4,0,0,14.008147065598097,Creciente,0,0,0.04407928571428572,1,1,4,riesgo_muy_bajo,0.96402067,1
4,13.997832948091215,12,59,Empleado,14.220976332738882,12.611541086966115,94160,95.227787,817.0,5,9,2,0,1,13.719579885694309,Estable,0,0,0.06277333333333333,12,4,3,riesgo_bajo,0.9586802,1
4,15.11650870672202,6,53,Empleado,14.508658238524095,12.899222326086994,510133,95.227787,811.0,0,0,0,0,0,13.901942350360532,Decreciente,0,0,0.2550665,1,1,0,riesgo_bajo,0.9485325,1
4,15.943742382861155,36,65,Empleado,15.123843647884687,11.695255355062795,283528,95.227787,808.0,6,5,5,0,0,13.760675208425667,Creciente,0,0,0.07662918918918919,6,2,5,riesgo_bajo,0.94998235,1
4,14.741577744189815,12,22,Empleado,14.220976332738882,12.611541086966115,198587,95.227787,724.0,7,8,2,0,2,13.951324718091335,Decreciente,0,0,0.13239133333333333,3,1,4,riesgo_bajo,0.9555454,1
9,14.288261036163805,2,47,Independiente,15.424948670398354,14.508658238524095,632882,95.227787,745.0,8,2,5,0,2,13.551043584352577,Creciente,0,0,0.1265764,5,2,7,riesgo_bajo,0.9627325,1
4,13.777063033823316,12,40,Empleado,13.910821646859095,12.899222326086994,75726,95.227787,793.0,2,2,2,0,0,13.763501217803443,Creciente,0,0,0.06884181818181818,4,2,2,riesgo_bajo,0.9682645,1
4,14.7725596663351,36,29,Empleado,15.150511887854474,14.731801689838349,90406,95.227787,765.0,11,4,4,4,1,14.001572610373936,Sin_dato,0,1,0.02379105263157895,7,3,9,riesgo_bajo,0.9621132,1
4,15.54539480077919,10,54,Empleado,14.946912992035967,14.220976332738882,523235,95.227787,761.0,6,4,2,0,3,14.561941126361528,Creciente,0,0,0.16878548387096773,2,1,5,riesgo_bajo,0.9645199,1
10,13.380721165113187,6,29,Empleado,14.910784279814974,14.961006750597342,97455,95.227787,737.0,15,4,3,1,11,14.793855101640847,Creciente,0,0,0.032593645484949835,8,3,15,riesgo_bajo,0.9559759,1
9,14.288261036163805,5,59,Independiente,15.424948670398354,14.508658238524095,260282,95.227787,886.0,13,1,11,0,1,13.997832948091215,Estable,0,0,0.0520564,3,1,12,riesgo_muy_bajo,0.958878,1
4,14.68143430313752,10,52,Empleado,15.424948670398354,0.0,219386,95.227787,760.0,7,1,5,0,1,15.555432198608028,Decreciente,0,0,0.0438772,11,4,6,riesgo_bajo,0.9674878,1
4,14.777485301573968,12,50,Independiente,15.38412668421143,14.557448378884015,207456,95.227787,749.0,7,2,3,0,3,13.74666838940678,Creciente,0,0,0.04322,3,1,6,riesgo_bajo,0.96563864,1
4,13.082145783530533,6,53,Empleado,13.815511557963774,12.611541086966115,71691,95.227787,768.0,2,2,1,0,1,13.752589927335745,Creciente,0,0,0.071691,4,2,2,riesgo_bajo,0.9651748,1
4,14.596559177624357,6,38,Empleado,14.914123179965662,14.038654909278163,303300,95.227787,817.0,4,2,1,0,1,13.719579885694309,Estable,0,0,0.1011,12,4,2,riesgo_bajo,0.96772575,1
4,14.23604225944258,6,62,Independiente,15.19679262851687,13.351888125506433,231939,95.227787,814.0,4,7,2,1,1,13.79873971017655,Creciente,0,0,0.05827613065326633,10,4,4,riesgo_bajo,0.96536726,1
9,13.68640478638756,5,31,Independiente,15.424948670398354,14.508658238524095,142664,89.979287,687.0,10,10,7,0,2,10.387373130123768,Creciente,0,0,0.0285328,5,2,9,riesgo_medio,0.9524769,1
4,13.786371097786555,12,40,Empleado,15.424948670398354,13.45883704259595,76213,91.728786,776.0,14,8,8,0,5,15.340687779527826,Creciente,0,0,0.0152426,12,4,13,riesgo_bajo,0.9640076,1
4,13.66919030681886,6,43,Empleado,14.517617975435707,12.185875040240456,132898,95.227787,730.0,6,4,2,0,3,13.592368256649284,Decreciente,0,0,0.06585629335976215,2,1,5,riesgo_bajo,0.96229553,1
9,14.26827812097642,4,22,Empleado,14.631760377744754,12.283038316285214,323049,95.227787,753.0,4,3,2,0,0,12.524530013005734,Creciente,0,0,0.142815649867374,1,1,2,riesgo_bajo,0.95459557,1
4,14.720052947531013,12,64,Empleado,15.76142084987672,15.201805169084134,193875,95.227787,874.0,8,4,3,2,0,15.471404674906472,Creciente,0,0,0.02769642857142857,2,1,5,riesgo_muy_bajo,0.96244127,1
4,14.55286647156577,6,32,Independiente,15.201805169084134,14.731801689838349,310467,95.227787,828.0,1,2,0,0,0,13.691408851487207,Decreciente,0,0,0.07761675,2,1,0,riesgo_bajo,0.9520002,1
4,15.706210126013405,6,42,Empleado,16.33256174177606,15.988897826278166,997035,95.227787,794.0,11,4,3,3,1,13.719579885694309,Creciente,0,0,0.08045795674628793,8,3,7,riesgo_bajo,0.9605097,1
4,14.59578956659266,24,36,Empleado,13.919871474189012,11.127277689932466,95055,95.227787,717.0,3,10,0,1,2,14.028726594165034,Decreciente,0,0,0.08563513513513514,1,1,3,riesgo_bajo,0.9453101,1
4,13.199326270390594,6,61,Empleado,14.285514812209815,12.611541086966115,80314,95.227787,713.0,11,6,6,0,4,13.764328836299624,Creciente,0,0,0.05019625,5,2,10,riesgo_bajo,0.95891845,1
4,14.670725991482577,12,41,Empleado,14.508658238524095,13.592368256649284,163325,95.227787,711.0,5,8,2,0,1,14.220976332738882,Estable,0,0,0.0816625,1,1,3,riesgo_bajo,0.9652124,1
4,15.145234832146,12,53,Empleado,15.424948670398354,14.220976332738882,298778,95.227787,794.0,9,2,5,0,1,14.001572610373936,Sin_dato,0,1,0.0597556,3,1,6,riesgo_bajo,0.96681,1
4,14.627986689748253,6,31,Empleado,14.978661680269907,13.815511557963774,334703,95.227787,720.0,9,2,3,0,1,13.496436884721325,Creciente,0,0,0.1045946875,2,1,4,riesgo_bajo,0.9586784,1
4,15.674442545062748,12,39,Empleado,15.607270193858982,14.914123179965662,445617,95.227787,753.0,7,3,2,0,5,13.895958106755508,Creciente,0,0,0.0742695,1,1,7,riesgo_bajo,0.9584633,1
4,13.84677760905545,6,54,Empleado,14.403297778421795,13.304686600863562,153140,95.227787,813.0,5,2,0,1,1,14.475417347543972,Creciente,0,0,0.08507777777777778,12,4,2,riesgo_bajo,0.9681833,1
10,15.789591722875162,12,54,Empleado,14.403297778421795,13.122365377402328,565663,95.227787,764.0,8,6,4,2,1,14.06267605799972,Decreciente,0,0,0.31425722222222224,2,1,7,riesgo_bajo,0.9639128,1
4,14.33430494661736,12,35,Independiente,14.914123179965662,13.592368256649284,133185,95.227787,808.0,6,7,2,0,3,13.806903624348825,Decreciente,0,0,0.044395,4,2,5,riesgo_bajo,0.9668118,1
4,14.228944497097059,6,34,Independiente,16.118095750958314,15.274125813221904,227288,95.227787,822.0,10,9,1,4,3,14.482430286169677,Creciente,0,0,0.0227288,6,2,8,riesgo_bajo,0.96500087,0
4,15.088647699076146,12,42,Independiente,15.201805169084134,13.815511557963774,280267,38.37838,765.0,10,6,3,0,2,13.719579885694309,Estable,0,0,0.07006675,12,4,5,riesgo_bajo,0.7513051,0
4,13.519797657900346,6,26,Empleado,14.731801689838349,0.0,110873,95.227787,783.0,6,14,4,0,1,14.512688603660838,Creciente,0,0,0.0443492,6,2,5,riesgo_bajo,0.9592375,1
4,15.375743394164836,12,68,Empleado,14.557448378884015,13.122365377402328,374580,95.227787,853.0,4,0,1,0,3,13.938176762631455,Creciente,0,0,0.17837142857142857,1,1,4,riesgo_muy_bajo,0.9573157,1
9,14.633949490854745,11,45,Independiente,14.73818129425867,14.312035005661947,182982,95.227787,830.0,8,5,4,0,2,13.800148158251082,Creciente,0,0,0.07272734499205087,11,4,6,riesgo_bajo,0.96702665,1
4,13.684217800582157,6,45,Empleado,15.348067642045114,12.921472880009725,131337,95.227787,713.0,10,8,2,0,8,15.147667056429956,Creciente,0,0,0.028366522678185745,8,3,10,riesgo_bajo,0.9597317,1
9,14.249255074186454,10,35,Empleado,14.914123179965662,14.508658238524095,131216,95.227787,849.0,4,2,4,0,0,14.302615251903255,Creciente,0,0,0.04373866666666667,4,2,4,riesgo_bajo,0.96915776,1
9,14.081729077546337,10,57,Independiente,15.201805169084134,14.731801689838349,110686,75.691683,868.0,4,4,4,0,0,13.727934294183411,Creciente,0,0,0.0276715,2,1,4,riesgo_muy_bajo,0.9679621,1
9,14.452801312024903,10,48,Empleado,15.424948670398354,14.914123179965662,160415,95.227787,828.0,16,2,6,3,2,16.060789216987462,Creciente,0,0,0.032083,2,1,11,riesgo_bajo,0.9671773,1
4,14.553268227627765,12,33,Empleado,15.24582204373536,13.815511557963774,165786,95.227787,773.0,5,6,3,0,0,15.065959422413618,Creciente,0,0,0.03966172248803828,5,2,3,riesgo_bajo,0.96761405,1
4,14.305317427251099,12,26,Independiente,16.118095750958314,14.508658238524095,129011,95.227787,760.0,5,4,0,0,3,13.48779784445614,Decreciente,0,0,0.0129011,3,1,3,riesgo_bajo,0.956298,1
10,15.07936634445405,6,48,Empleado,15.424948670398354,13.815511557963774,528258,95.227787,743.0,9,6,0,0,8,13.768695641707609,Creciente,0,0,0.1056516,5,2,8,riesgo_bajo,0.95673126,1
4,15.64076298985133,24,26,Empleado,14.914123179965662,13.815511557963774,270580,95.227787,729.0,7,0,3,0,2,15.124727851217196,Creciente,0,0,0.09019333333333333,1,1,5,riesgo_bajo,0.95776063,1
4,14.469709508244108,8,41,Empleado,14.731801689838349,13.815511557963774,217883,95.227787,803.0,1,2,0,0,0,13.997832948091215,Estable,0,0,0.0871532,1,1,0,riesgo_bajo,0.9646532,1
4,15.250595321348806,6,39,Independiente,16.811242881518265,13.815511557963774,623365,95.227787,803.0,10,7,6,0,2,14.020305192832485,Decreciente,0,0,0.03116825,1,1,8,riesgo_bajo,0.9631632,1
4,15.84636815795936,6,58,Independiente,16.811242881518265,13.815511557963774,1131819,95.227787,845.0,5,6,4,0,0,13.988638314330407,Decreciente,0,0,0.05659095,1,1,4,riesgo_bajo,0.9605917,1
4,14.690979711984754,6,36,Independiente,15.068273812173887,13.815511557963774,355815,47.36642,827.0,9,5,6,0,0,14.001572610373936,Sin_dato,0,1,0.10166142857142857,7,3,6,riesgo_bajo,0.75230855,0
4,13.196656046786181,6,32,Independiente,13.768695641707609,11.751950239425476,80664,58.597591,793.0,1,3,0,0,0,13.584973491855154,Decreciente,0,0,0.0887855713540394,7,3,0,riesgo_bajo,0.75033146,0
4,14.852035009004293,12,59,Empleado,14.508658238524095,13.592368256649284,195792,95.227787,852.0,3,2,3,0,0,14.001572610373936,Sin_dato,0,1,0.097896,1,1,3,riesgo_muy_bajo,0.9681522,1
4,14.521317761180985,12,43,Empleado,14.285514812209815,13.45883704259595,159131,82.308401,845.0,3,0,2,0,1,13.707086465454529,Decreciente,0,0,0.099456875,2,1,3,riesgo_bajo,0.96763366,1
9,14.948155445276592,10,26,Empleado,14.914123179965662,14.220976332738882,263531,95.227787,499.0,5,12,2,0,2,15.413610437131444,Creciente,0,0,0.08784366666666667,2,1,4,alto_riesgo,0.8234728,1
4,14.576129921016202,24,40,Independiente,14.545954004963368,13.498057700804253,103700,95.227787,774.0,8,3,5,0,1,14.001572610373936,Sin_dato,0,1,0.04995183044315992,11,4,6,riesgo_bajo,0.9664211,1
4,14.540389421069033,18,46,Empleado,14.978661680269907,13.45883704259595,113748,95.227787,886.0,5,4,3,0,2,14.001572610373936,Sin_dato,0,1,0.03554625,1,1,5,riesgo_muy_bajo,0.9672268,1
4,13.022324233654905,6,36,Independiente,14.220976332738882,12.611541086966115,67255,95.227787,739.0,2,6,0,0,2,14.001572610373936,Sin_dato,0,1,0.044836666666666664,1,1,2,riesgo_bajo,0.9426001,1
4,14.488465745435017,12,35,Empleado,14.508658238524095,12.611541086966115,153796,95.227787,868.0,6,5,4,0,1,14.232941126902855,Decreciente,0,0,0.076898,12,4,5,riesgo_muy_bajo,0.96608794,1
4,14.823427966594757,12,58,Empleado,14.403297778421795,13.592368256649284,214722,95.227787,875.0,3,6,1,0,1,14.456334967038497,Creciente,0,0,0.11929,1,1,2,riesgo_muy_bajo,0.96421814,1
4,15.233885054654849,6,55,Independiente,15.687312888712007,0.0,613896,95.227787,764.0,3,1,0,0,1,14.001572610373936,Sin_dato,0,1,0.09444553846153846,3,1,1,riesgo_bajo,0.9430114,1
4,14.150553917083219,6,36,Independiente,14.508658238524095,13.304686600863562,208347,95.227787,761.0,7,2,2,0,1,14.001572610373936,Sin_dato,0,1,0.1041735,5,2,3,riesgo_bajo,0.96714664,1
4,14.88646418132004,12,43,Empleado,14.731801689838349,13.122365377402328,202650,91.99794,740.0,3,7,0,0,3,13.731973502161377,Creciente,0,0,0.08106,1,1,3,riesgo_bajo,0.96254617,1
9,14.983569739480481,9,59,Empleado,14.978661680269907,14.346139397261565,301330,95.227787,770.0,16,4,10,0,1,14.001572610373936,Sin_dato,0,1,0.094165625,5,2,11,riesgo_bajo,0.96054316,1
4,13.381647518543097,6,56,Independiente,14.914123179965662,14.220976332738882,96567,95.227787,754.0,1,7,1,0,0,13.752589927335745,Creciente,0,0,0.032189,5,2,1,riesgo_bajo,0.963482,1
4,13.544332869120458,10,39,Empleado,14.508658238524095,13.45883704259595,70367,95.227787,785.0,6,2,1,0,4,14.39776304864558,Creciente,0,0,0.0351835,1,1,5,riesgo_bajo,0.96731335,1
4,14.995936109025351,6,66,Independiente,15.997621610293598,15.311779996256877,492685,95.227787,798.0,14,4,11,2,1,14.095141809351343,Creciente,0,0,0.055576424139875916,8,3,14,riesgo_bajo,0.95079345,1
4,13.975485103260164,6,21,Empleado,13.815511557963774,12.206077645517674,175170,95.227787,730.0,3,4,0,0,3,13.904504468435054,Decreciente,0,0,0.17517,6,2,3,riesgo_bajo,0.9290971,1
4,15.005242744302663,24,28,Empleado,14.363632544508476,11.982935344196433,143108,95.227787,750.0,4,5,1,0,3,14.279826794610317,Sin_dato,0,0,0.082721387283237,12,4,4,riesgo_bajo,0.96182656,1
4,13.837312166357934,6,36,Empleado,13.996164892381724,13.122365377402328,151939,76.566452,728.0,8,15,1,3,3,13.908709419595057,Creciente,0,0,0.1268272120200334,4,2,7,riesgo_bajo,0.95940036,1
9,14.567931518953353,9,26,Empleado,14.508658238524095,14.220976332738882,198378,95.227787,820.0,4,6,3,0,1,13.935186911274217,Creciente,0,0,0.099189,3,1,4,riesgo_bajo,0.96620387,1
9,14.423641424617548,10,35,Empleado,14.978661680269907,14.508658238524095,155969,95.227787,850.0,4,10,4,0,0,13.979932026486377,Creciente,0,0,0.0487403125,2,1,4,riesgo_bajo,0.967454,1
4,15.254018027812771,12,58,Empleado,14.220976332738882,12.899222326086994,330277,95.227787,738.0,11,3,1,0,2,14.26119395840119,Creciente,0,0,0.22018466666666667,1,1,3,riesgo_bajo,0.96010345,1
4,14.04662307257814,12,68,Empleado,13.910821646859095,13.017005083966255,99278,95.227787,842.0,6,8,5,0,1,13.736220566928477,Creciente,0,0,0.09025272727272728,1,1,6,riesgo_bajo,0.9626244,1
4,13.997832948091215,12,25,Empleado,14.639686439527019,13.60725685067015,98682,95.227787,690.0,6,7,3,0,0,14.355775753563176,Creciente,0,0,0.04328157894736842,11,4,3,riesgo_medio,0.96154225,1
4,14.518036123669402,6,29,Empleado,14.220976332738882,13.017005083966255,300126,95.227787,785.0,3,5,0,0,1,13.452423672824471,Creciente,0,0,0.200084,5,2,1,riesgo_bajo,0.95918334,1
9,13.415332946376147,2,24,Independiente,15.424948670398354,14.508658238524095,264488,95.227787,695.0,24,11,2,0,15,14.083245757717007,Creciente,0,0,0.0528976,7,3,17,riesgo_medio,0.9505584,1
9,15.17340570176408,12,34,Empleado,16.28530365454459,15.723273851360617,270000,95.227787,848.0,7,3,5,0,0,16.01420305737551,Creciente,0,0,0.02284263959390863,12,4,5,riesgo_bajo,0.9657625,1
4,13.831778514292282,6,43,Empleado,14.403297778421795,13.592368256649284,150701,95.227787,768.0,0,3,0,0,0,14.001572610373936,Sin_dato,0,1,0.08372277777777777,7,3,0,riesgo_bajo,0.96420383,1
4,14.215428978268243,12,51,Independiente,13.910821646859095,12.706850963741102,117049,95.227787,805.0,1,0,0,0,1,14.001572610373936,Sin_dato,0,1,0.10640818181818182,12,4,1,riesgo_bajo,0.9671322,1
9,14.737685782202586,9,44,Empleado,15.072550367721883,12.441148720271016,239601,95.227787,761.0,22,5,2,1,18,15.039286283703994,Creciente,0,0,0.06816529160739687,9,3,21,riesgo_bajo,0.96199536,1
4,14.877459208042199,12,32,Empleado,15.607270193858982,14.914123179965662,226642,50.144469,798.0,12,2,7,0,2,15.53969293872574,Decreciente,0,0,0.037773666666666664,12,4,9,riesgo_bajo,0.76738536,0
4,15.872254062190578,12,25,Empleado,14.914123179965662,13.122365377402328,612369,95.227787,752.0,5,4,3,0,1,13.719579885694309,Estable,0,0,0.204123,12,4,4,riesgo_bajo,0.9526564,1
9,15.109012372380292,2,63,Empleado,15.068273812173887,14.220976332738882,1437616,47.613894,768.0,1,3,1,0,0,13.815511557963774,Estable,0,0,0.4107474285714286,3,1,1,riesgo_bajo,0.73723704,0
4,13.877468314291292,6,46,Independiente,15.607270193858982,0.0,158120,95.227787,768.0,1,6,0,0,1,13.729597486706941,Creciente,0,0,0.026353333333333333,4,2,1,riesgo_bajo,0.96269846,1
9,15.042820617774572,10,48,Independiente,15.068273812173887,14.397726736475999,290457,95.227787,816.0,12,4,6,3,1,15.82069584726665,Creciente,0,0,0.08298771428571429,6,2,10,riesgo_bajo,0.96543235,1
4,14.841294414492436,6,55,Independiente,13.815511557963774,15.777715930054217,419880,89.2295,837.0,7,7,7,0,0,13.77823539100803,Creciente,0,0,0.41988,8,3,7,riesgo_bajo,0.9642638,1
4,15.106700903026635,6,42,Independiente,15.424948670398354,14.45736497045232,542046,95.227787,767.0,15,9,12,0,1,13.739782196765958,Creciente,0,0,0.1084092,5,2,13,riesgo_bajo,0.96218306,1
4,13.898399365496656,6,69,Empleado,14.603968372873895,12.206077645517674,161083,95.227787,831.0,2,6,1,0,1,14.50182444465984,Estable,0,0,0.07321954545454545,1,1,2,riesgo_bajo,0.9636262,1
4,14.341669897121465,12,57,Empleado,15.201805169084134,13.815511557963774,132854,95.227787,795.0,4,2,0,0,3,15.288180990143045,Estable,0,0,0.0332135,12,4,3,riesgo_bajo,0.96839404,1
4,13.811041988763806,12,51,Empleado,13.997832948091215,13.122365377402328,78015,95.227787,737.0,4,4,0,0,4,13.71675705672712,Creciente,0,0,0.0650125,12,4,4,riesgo_bajo,0.9636741,1
9,14.479944531666106,11,58,Independiente,14.220976332738882,13.45883704259595,151892,95.227787,828.0,4,4,3,0,0,13.768695641707609,Creciente,0,0,0.10126133333333333,7,3,3,riesgo_bajo,0.96782506,1
9,14.604485148178483,10,35,Empleado,14.45736497045232,14.077875591662238,186984,95.227787,718.0,0,2,0,0,0,14.13516356965829,Decreciente,0,0,0.09841263157894736,3,1,0,riesgo_bajo,0.96436566,1
4,13.626769641096136,12,36,Empleado,14.927039400954486,13.942144089954521,69000,95.227787,793.0,8,7,3,0,3,14.001572610373936,Sin_dato,0,1,0.022704837117472853,1,1,6,riesgo_bajo,0.9652674,1
4,14.642786889955342,12,40,Empleado,14.403297778421795,13.592368256649284,158825,95.227787,852.0,1,4,1,0,0,14.462978654921137,Creciente,0,0,0.08823611111111111,1,1,1,riesgo_muy_bajo,0.966212,1
4,14.074701330690898,12,26,Empleado,14.25569974604562,12.861001210669146,105604,95.227787,713.0,4,3,2,1,1,13.934507967081753,Creciente,0,0,0.068,10,4,4,riesgo_bajo,0.9595014,1
9,15.264825867415405,11,50,Empleado,15.201805169084134,14.508658238524095,331833,95.227787,776.0,5,3,3,0,1,14.001572610373936,Sin_dato,0,1,0.08295825,2,1,4,riesgo_bajo,0.9651739,1
4,14.04660307239401,8,30,Empleado,14.978661680269907,13.122365377402328,144554,95.227787,745.0,13,10,5,0,6,13.755537598769623,Decreciente,0,0,0.045173125,5,2,11,riesgo_bajo,0.95807296,1
9,14.423460460516107,5,39,Empleado,15.319588176962746,14.845130332288226,298395,95.227787,819.0,10,1,3,5,0,13.840296824705543,Creciente,0,0,0.06631,6,2,8,riesgo_bajo,0.9660263,1
9,13.852493962515808,10,31,Empleado,15.088076433867828,14.295465136874867,91040,17.499912,787.0,7,0,5,0,1,13.967134047133587,Estable,0,0,0.02550140056022409,11,4,6,riesgo_bajo,0.75835204,0
4,15.494023125207645,6,53,Empleado,15.201805169084134,12.676079399771027,794294,85.897119,881.0,7,3,7,0,0,14.288634937599019,Estable,0,0,0.1985735,7,3,7,riesgo_muy_bajo,0.9607341,1
4,14.461566655099245,6,45,Independiente,16.012735246411598,15.319588176962746,284335,95.227787,810.0,10,3,6,2,0,15.922318451678507,Creciente,0,0,0.031592777777777775,5,2,8,riesgo_bajo,0.96646535,1
4,15.436612381738477,18,28,Empleado,14.88022163978423,13.304686600863562,278720,95.227787,723.0,6,4,5,0,1,13.719579885694309,Estable,0,0,0.09611034482758621,1,1,6,riesgo_bajo,0.94829565,1
4,14.083643535977703,6,57,Empleado,13.815511557963774,11.918397239722838,193866,95.227787,800.0,5,0,2,0,1,13.937729075643883,Decreciente,0,0,0.193866,1,1,3,riesgo_bajo,0.96325076,1
4,13.965361435447974,6,59,Independiente,13.997832948091215,13.304686600863562,172538,95.227787,842.0,3,2,3,0,0,13.752589927335745,Creciente,0,0,0.14378166666666667,4,2,3,riesgo_bajo,0.9659615,1
4,13.873855878263106,6,57,Independiente,14.914123179965662,14.508658238524095,159738,95.227787,822.0,6,12,4,2,0,13.776651219507292,Creciente,0,0,0.053246,7,3,6,riesgo_bajo,0.9642047,1
4,14.74863520112921,6,59,Independiente,15.201805169084134,13.815511557963774,377965,95.227787,827.0,6,1,3,0,0,14.001572610373936,Sin_dato,0,1,0.09449125,3,1,3,riesgo_bajo,0.9657421,1
4,14.489894912447333,6,44,Independiente,14.621986870259695,12.810391344620207,295441,95.227787,805.0,2,3,0,1,0,14.001572610373936,Sin_dato,0,1,0.13189330357142856,8,3,1,riesgo_bajo,0.95750225,1
4,13.76154232068381,6,28,Independiente,14.285514812209815,12.611541086966115,140717,95.227787,780.0,3,5,1,0,0,14.001572610373936,Sin_dato,0,1,0.087948125,2,1,1,riesgo_bajo,0.95618576,1
4,14.650157734825603,6,54,Independiente,14.859314962250004,12.84529412258351,347990,95.227787,832.0,5,2,2,1,1,13.79237702937058,Creciente,0,0,0.12253169014084507,9,3,4,riesgo_bajo,0.9676214,1
4,13.638941623067035,6,32,Empleado,14.508658238524095,13.122365377402328,124481,95.227787,760.0,3,2,1,0,0,14.001572610373936,Sin_dato,0,1,0.0622405,4,2,1,riesgo_bajo,0.9661972,1
4,14.343832976165388,12,62,Empleado,14.914123179965662,13.815511557963774,133405,95.227787,801.0,3,0,0,0,0,10.387373130123768,Creciente,0,0,0.04446833333333333,4,2,0,riesgo_bajo,0.9662938,1
4,14.305243895180974,6,41,Empleado,14.648420115681892,13.384729180332174,242599,95.227787,714.0,2,0,1,0,0,14.001572610373936,Sin_dato,0,1,0.10547782608695652,4,2,1,riesgo_bajo,0.9631487,1
9,14.273967909761295,5,49,Empleado,14.914123179965662,13.997832948091215,257260,95.227787,879.0,3,3,3,0,0,14.479096581279903,Creciente,0,0,0.08575333333333333,8,3,3,riesgo_muy_bajo,0.96752083,1
4,13.474344723626311,6,29,Empleado,14.731801689838349,0.0,106119,95.227787,743.0,6,4,2,0,3,14.001572610373936,Sin_dato,0,1,0.0424476,4,2,5,riesgo_bajo,0.9504464,1
9,14.557683208340439,9,60,Empleado,15.068273812173887,14.508658238524095,196450,95.227787,804.0,10,9,7,0,1,14.001572610373936,Sin_dato,0,1,0.05612857142857143,4,2,8,riesgo_bajo,0.9620641,1
9,14.708239887188768,9,38,Independiente,15.894952224644102,14.914123179965662,228587,86.830187,786.0,18,12,13,0,1,14.001990954782066,Estable,0,0,0.028573375,4,2,14,riesgo_bajo,0.96277326,1
9,14.620709090531134,10,69,Empleado,14.914123179965662,14.285514812209815,189744,95.227787,795.0,10,4,8,0,0,14.969171480896186,Estable,0,0,0.063248,1,1,8,riesgo_bajo,0.96712065,1
4,14.403297778421795,12,34,Empleado,14.978661680269907,13.592368256649284,140970,95.227787,729.0,7,4,3,0,2,14.001572610373936,Sin_dato,0,1,0.044053125,7,3,5,riesgo_bajo,0.9626608,1
9,14.364512619048055,11,64,Empleado,14.914123179965662,14.508658238524095,136726,95.227787,854.0,9,3,8,0,0,14.597389052240997,Creciente,0,0,0.045575333333333336,5,2,8,riesgo_muy_bajo,0.96829545,1
4,14.799385543021618,12,42,Empleado,16.395727463314174,15.201805169084134,209883,95.227787,833.0,9,5,3,0,3,15.666377263066664,Creciente,0,0,0.015900227272727274,2,1,6,riesgo_bajo,0.961231,1
4,14.755315061527353,6,38,Empleado,14.51860856442677,12.495007682693725,385249,85.897119,751.0,4,2,1,0,2,14.001572610373936,Sin_dato,0,1,0.19071732673267328,8,3,3,riesgo_bajo,0.9666305,1
9,14.052699805041367,9,63,Independiente,15.201805169084134,14.508658238524095,118504,91.99794,802.0,0,1,0,0,0,14.001572610373936,Sin_dato,0,1,0.029626,3,1,0,riesgo_bajo,0.9653849,1
9,15.691235522969611,10,100,Empleado,17.493166341166564,16.702881205920505,600963,95.227787,0.0,0,0,0,0,0,14.001572610373936,Sin_dato,1,1,0.0075120375,3,1,0,sin_clasificar,0.96339756,1
4,14.401696497945133,6,67,Empleado,14.508658238524095,13.963931425151141,267828,95.227787,844.0,2,4,2,0,0,14.650483636433542,Creciente,0,0,0.133914,5,2,2,riesgo_bajo,0.9643431,1
9,14.618260652471175,9,34,Empleado,15.940164561939964,15.461666246123185,214954,95.227787,747.0,7,10,6,0,1,15.330155916602589,Creciente,0,0,0.025681481481481482,11,4,7,riesgo_bajo,0.9608945,1
4,13.136504912875965,6,42,Empleado,14.659231027111028,12.873904582205107,76855,95.227787,685.0,8,4,2,0,5,14.184243906236784,Decreciente,0,0,0.033055913978494625,10,4,7,riesgo_medio,0.95350415,1
9,13.985810982942656,8,38,Independiente,15.424948670398354,14.508658238524095,123821,95.227787,759.0,14,9,10,0,3,13.755537598769623,Creciente,0,0,0.0247642,5,2,13,riesgo_bajo,0.96714306,1
9,15.039999911154318,9,42,Empleado,14.914123179965662,14.508658238524095,318518,95.227787,785.0,0,1,0,0,0,14.001572610373936,Sin_dato,0,1,0.10617266666666667,5,2,0,riesgo_bajo,0.9582866,1
4,14.78173403910407,24,51,Empleado,14.731801689838349,11.51293546492023,117104,47.613894,774.0,12,7,7,0,3,14.220976332738882,Estable,0,0,0.0468416,5,2,10,riesgo_bajo,0.72843736,0
4,14.492467887286429,12,30,Empleado,15.319588176962746,14.220976332738882,136658,95.227787,746.0,4,8,2,0,0,15.186879334656961,Creciente,0,0,0.030368444444444444,1,1,2,riesgo_bajo,0.96709466,1
4,14.159216709474832,6,34,Empleado,15.096444681204078,14.155548572493503,214073,95.227787,759.0,5,4,3,0,2,14.177445145694344,Creciente,0,0,0.059464722222222224,9,3,5,riesgo_bajo,0.9677472,1
4,15.356909900563577,24,36,Empleado,16.380459992348886,15.201805169084134,205299,95.227787,789.0,13,7,9,0,0,16.060789216987462,Creciente,0,0,0.01579223076923077,4,2,9,riesgo_bajo,0.9580592,1
4,15.789591722875162,12,60,Independiente,16.300417291085605,14.914123179965662,570791,95.227787,781.0,4,4,2,0,2,13.764328836299624,Creciente,0,0,0.047565916666666666,6,2,4,riesgo_bajo,0.9662398,1
4,13.381647518543097,6,39,Independiente,14.582725245573526,13.53314897324916,97872,95.227787,801.0,4,6,3,0,0,14.75085540177275,Creciente,0,0,0.04544243132236769,8,3,3,riesgo_bajo,0.9660416,1
4,14.47394258009824,24,40,Empleado,14.77102238760702,13.122365377402328,84902,95.227787,784.0,8,3,0,0,7,14.104335477117914,Creciente,0,0,0.032654615384615386,5,2,7,riesgo_bajo,0.96325696,1
9,13.647984998537984,10,61,Independiente,14.914123179965662,14.508658238524095,71733,95.227787,717.0,7,5,2,1,2,13.719579885694309,Estable,0,0,0.023911,12,4,5,riesgo_bajo,0.95922273,1
4,14.129737915991392,6,25,Independiente,15.150511887854474,14.038654909278163,203217,95.227787,739.0,1,5,0,0,1,14.001572610373936,Sin_dato,0,1,0.053478157894736846,1,1,1,riesgo_bajo,0.9430571,0
4,13.925047241282265,6,37,Empleado,14.403297778421795,13.304686600863562,154967,95.227787,840.0,1,1,1,0,0,14.001572610373936,Sin_dato,0,1,0.08609277777777778,1,1,1,riesgo_bajo,0.9610655,1
4,13.997832948091215,6,49,Independiente,15.150511887854474,14.403297778421795,179733,95.227787,871.0,5,3,1,1,1,13.760675208425667,Creciente,0,0,0.04729815789473684,5,2,3,riesgo_muy_bajo,0.9667167,1
9,14.96632882106743,9,29,Independiente,14.978661680269907,13.815511557963774,295896,95.227787,802.0,4,2,3,0,0,14.001572610373936,Sin_dato,0,1,0.0924675,4,2,3,riesgo_bajo,0.96544504,1
4,14.17353249430128,10,40,Independiente,14.436087583323648,13.144126826131089,134814,95.227787,720.0,6,5,1,0,4,14.001572610373936,Sin_dato,0,1,0.07248064516129032,9,3,5,riesgo_bajo,0.96105963,1
4,14.749673506069925,12,59,Independiente,15.607270193858982,14.914123179965662,176742,95.227787,880.0,8,3,5,0,0,13.719579885694309,Estable,0,0,0.029457,1,1,5,riesgo_muy_bajo,0.965988,1
9,14.41452056048425,8,54,Independiente,15.096444681204078,14.508658238524095,189771,95.227787,754.0,6,3,1,1,2,14.001572610373936,Sin_dato,0,1,0.052714166666666666,4,2,4,riesgo_bajo,0.9657657,1
4,13.820873949232952,6,27,Empleado,14.346139397261565,12.611541086966115,149833,95.227787,806.0,5,2,1,1,2,13.838547165989322,Creciente,0,0,0.08813705882352942,2,1,4,riesgo_bajo,0.96562916,1
4,14.779045497728253,8,60,Empleado,15.08527138372705,14.006131744018864,304458,95.227787,813.0,6,7,5,0,1,14.001572610373936,Sin_dato,0,1,0.08552191011235954,10,4,6,riesgo_bajo,0.96094966,1
4,15.096444681204078,12,57,Empleado,15.520258832020865,13.592368256649284,250000,95.227787,837.0,9,3,6,0,2,14.001572610373936,Sin_dato,0,1,0.045454545454545456,1,1,8,riesgo_bajo,0.9654928,1
4,13.710151153416941,12,44,Independiente,13.997832948091215,13.122365377402328,70649,95.227787,787.0,2,0,0,0,1,14.001572610373936,Sin_dato,0,1,0.058874166666666665,12,4,1,riesgo_bajo,0.96627575,1
4,14.571520888260554,12,67,Empleado,14.77102238760702,13.815511557963774,147900,71.297103,800.0,4,5,1,0,2,14.001572610373936,Sin_dato,0,1,0.05688461538461539,1,1,3,riesgo_bajo,0.96593904,1
4,13.957010988293153,6,62,Empleado,14.543059648333223,13.609716873485151,175456,95.227787,788.0,8,7,0,0,4,14.001572610373936,Sin_dato,0,1,0.08476135265700484,12,4,4,riesgo_bajo,0.95903814,1
4,14.445787478398435,6,50,Empleado,14.363632544508476,10.62135173563291,286065,95.227787,738.0,2,3,0,0,1,13.484269415282352,Creciente,0,0,0.16535549132947977,10,4,1,riesgo_bajo,0.95574445,1
4,14.26395916286263,6,28,Empleado,15.176487367510099,13.815511557963774,232417,95.227787,740.0,8,5,5,0,2,14.937940930592578,Estable,0,0,0.059594102564102566,12,4,7,riesgo_bajo,0.9630612,1
9,14.220304107293979,8,28,Independiente,15.424948670398354,14.508658238524095,156408,95.227787,704.0,20,9,4,2,9,13.910821646859095,Creciente,0,0,0.0312816,4,2,15,riesgo_bajo,0.9602264,1
9,14.833226769387032,9,56,Independiente,15.068273812173887,14.508658238524095,259392,95.227787,882.0,6,4,4,0,1,13.768695641707609,Creciente,0,0,0.074112,7,3,5,riesgo_muy_bajo,0.96655554,1
4,13.272163464254326,6,67,Empleado,14.914123179965662,14.508658238524095,86402,95.227787,869.0,6,0,3,1,0,14.001572610373936,Sin_dato,0,1,0.028800666666666665,1,1,4,riesgo_muy_bajo,0.96502763,1
4,13.836313665005802,6,66,Independiente,14.508658238524095,13.592368256649284,151649,95.227787,824.0,3,4,1,0,0,13.736220566928477,Creciente,0,0,0.0758245,4,2,1,riesgo_bajo,0.9645464,1
9,14.695557217291526,10,39,Independiente,14.403297778421795,13.592368256649284,205243,95.227787,796.0,4,3,0,1,1,14.001572610373936,Sin_dato,0,1,0.11402388888888888,5,2,2,riesgo_bajo,0.9674604,1
4,14.528460856016357,12,33,Empleado,14.508658238524095,12.899222326086994,160537,95.227787,791.0,3,4,3,0,0,14.508658238524095,Estable,0,0,0.0802685,1,1,3,riesgo_bajo,0.9668902,1
4,13.683122511470389,8,30,Empleado,14.782494784382012,12.919024904363686,103555,95.227787,776.0,5,7,0,0,2,13.760315979243098,Creciente,0,0,0.0393745247148289,11,4,2,riesgo_bajo,0.9620545,1
4,14.086759086379908,6,51,Independiente,15.150511887854474,14.403297778421795,197175,95.227787,760.0,5,4,1,0,3,14.001572610373936,Sin_dato,0,1,0.051888157894736844,6,2,4,riesgo_bajo,0.96602327,1
9,14.922864063964036,11,31,Empleado,15.201805169084134,13.815511557963774,236399,95.227787,750.0,9,21,4,1,4,14.001572610373936,Sin_dato,0,1,0.05909975,6,2,9,riesgo_bajo,0.9568467,1
4,15.815909027585032,6,21,Independiente,13.768695641707609,13.480039220276565,1112633,89.2295,727.0,4,3,2,0,0,11.060667446852031,Creciente,0,0,16.689411552942236,7,3,2,riesgo_bajo,0.93666995,1
10,14.191753493831325,12,67,Independiente,14.690979711984754,13.997832948091215,114302,95.227787,736.0,5,5,2,0,2,13.719579885694309,Estable,0,0,0.04762583333333333,1,1,4,riesgo_bajo,0.9626976,1
4,13.99623166805971,8,26,Empleado,15.319588176962746,14.731801689838349,135689,95.227787,807.0,4,7,3,1,0,15.116934158430617,Decreciente,0,0,0.03015311111111111,7,3,4,riesgo_bajo,0.96539015,1
4,14.056573395573386,6,31,Independiente,14.914123179965662,0.0,190606,95.227787,779.0,4,9,2,1,0,14.841051311551128,Creciente,0,0,0.06353533333333333,5,2,3,riesgo_bajo,0.9611298,1
9,14.705148355071467,11,38,Independiente,14.508658238524095,13.815511557963774,191668,95.227787,687.0,9,9,2,0,5,13.719579885694309,Estable,0,0,0.095834,3,1,7,riesgo_medio,0.9587328,1
4,14.086255757919252,6,33,Empleado,15.068273812173887,13.527829818844937,194577,95.227787,816.0,4,2,1,0,0,14.241984102036767,Creciente,0,0,0.05559342857142857,11,4,1,riesgo_bajo,0.9671368,1
9,15.025499568574032,11,51,Independiente,13.768695641707609,0.0,283109,95.227787,864.0,4,2,3,0,0,13.776651219507292,Creciente,0,0,0.0,7,3,3,riesgo_muy_bajo,0.96223736,1
9,13.591968177128143,9,57,Independiente,14.914123179965662,14.403297778421795,74862,95.227787,856.0,3,2,2,0,1,14.001572610373936,Sin_dato,0,1,0.024954,5,2,3,riesgo_muy_bajo,0.96854436,1
4,13.8924725250259,6,40,Independiente,15.35237799261728,14.316286451937186,160519,95.227787,830.0,12,7,5,2,3,14.001572610373936,Sin_dato,0,1,0.03452021505376344,3,1,10,riesgo_bajo,0.9607522,1
4,14.115615891155079,18,32,Empleado,14.420919370067592,12.889172015485954,83049,95.227787,759.0,2,1,0,2,0,13.426576555084383,Creciente,0,0,0.04533242358078603,2,1,2,riesgo_bajo,0.9626446,1
4,14.603186249268505,12,30,Empleado,14.88022163978423,13.122365377402328,173776,95.227787,866.0,4,6,2,1,0,14.985027312081042,Creciente,0,0,0.05992275862068965,5,2,3,riesgo_muy_bajo,0.96758515,1
9,13.519952484415665,9,37,Empleado,14.508658238524095,14.151983508870947,69727,95.227787,735.0,5,5,0,0,2,14.869438541874196,Creciente,0,0,0.0348635,6,2,2,riesgo_bajo,0.9616632,1
4,14.319916217791894,6,47,Empleado,15.607270193858982,14.220976332738882,246797,95.227787,791.0,3,3,0,0,0,14.001572610373936,Sin_dato,0,1,0.041132833333333334,5,2,0,riesgo_bajo,0.9651043,1
4,14.945544314329531,12,64,Empleado,14.603968372873895,12.847929163278053,214983,95.227787,764.0,8,1,2,0,2,13.034788205148375,Creciente,0,0,0.09771954545454545,1,1,4,riesgo_bajo,0.9639093,1
9,14.081729077546337,2,36,Empleado,15.201805169084134,14.220976332738882,514409,95.227787,741.0,7,5,1,3,1,14.001572610373936,Sin_dato,0,1,0.12860225,1,1,5,riesgo_bajo,0.9590749,1
4,14.913723100077709,18,50,Empleado,14.80876270134486,13.304686600863562,165384,95.227787,844.0,6,3,2,0,1,14.731801689838349,Estable,0,0,0.06125333333333333,1,1,3,riesgo_bajo,0.96757084,1
4,13.623866884949011,6,43,Independiente,15.139929781323488,14.173884757350363,125121,95.227787,754.0,9,11,8,0,1,13.79237702937058,Creciente,0,0,0.03327686170212766,9,3,9,riesgo_bajo,0.9644671,1
4,15.250595321348806,12,39,Empleado,15.809121979241578,14.95302331620547,351617,95.227787,763.0,7,11,5,0,2,16.015052337401716,Creciente,0,0,0.04789117406701171,1,1,7,riesgo_bajo,0.96065736,1
4,14.424406730027743,12,51,Empleado,14.33430494661736,11.156264806643742,147970,95.227787,809.0,1,3,0,0,1,14.001572610373936,Sin_dato,0,1,0.08807738095238095,7,3,1,riesgo_bajo,0.96724284,1
4,15.273195147945485,6,58,Independiente,16.811242881518265,16.118095750958314,638044,62.667613,888.0,6,7,4,0,0,14.001572610373936,Sin_dato,0,1,0.0319022,2,1,4,riesgo_muy_bajo,0.7336804,0
4,13.670578423148411,8,49,Independiente,14.220976332738882,12.611541086966115,98318,95.227787,793.0,0,0,0,0,0,13.784545036757393,Creciente,0,0,0.06554533333333333,4,2,0,riesgo_bajo,0.9676064,1
4,14.34078390887101,6,28,Empleado,15.201805169084134,14.285514812209815,251376,95.227787,759.0,6,8,3,0,1,15.07130293316999,Creciente,0,0,0.062844,4,2,4,riesgo_bajo,0.96677464,1
9,14.477786590533567,6,40,Empleado,14.914123179965662,14.220976332738882,264523,95.227787,759.0,10,7,8,0,1,14.34561219980391,Decreciente,0,0,0.08817433333333333,2,1,9,riesgo_bajo,0.96236527,1
9,14.981638992741381,10,42,Empleado,14.946912992035967,14.508658238524095,272218,95.227787,822.0,6,4,3,0,2,14.841932726531848,Creciente,0,0,0.08781225806451613,1,1,5,riesgo_bajo,0.9672939,1
4,13.623571783628751,6,32,Empleado,14.482314276531508,13.214032390746006,126539,95.227787,746.0,2,2,2,0,0,14.670347499356648,Creciente,0,0,0.06495841889117043,12,4,2,riesgo_bajo,0.9667972,1
9,14.084920252690551,10,31,Empleado,15.068273812173887,13.592368256649284,111039,95.227787,712.0,6,5,1,0,2,13.719579885694309,Estable,0,0,0.03172542857142857,1,1,3,riesgo_bajo,0.95659083,1
4,14.403297778421795,12,67,Empleado,14.508658238524095,12.611541086966115,125000,95.227787,779.0,3,6,2,0,0,13.719579885694309,Estable,0,0,0.0625,1,1,2,riesgo_bajo,0.9610374,1
4,14.312569737570046,12,30,Empleado,15.068273812173887,14.220976332738882,129299,35.432309,799.0,5,8,4,0,0,14.384040213360418,Creciente,0,0,0.03694257142857143,3,1,4,riesgo_bajo,0.759341,0
10,13.29342342746292,8,30,Empleado,14.220976332738882,12.899222326086994,67432,95.227787,805.0,2,6,2,0,0,14.349336631713394,Creciente,0,0,0.044954666666666664,3,1,2,riesgo_bajo,0.9604981,1
10,15.353715935594023,12,49,Independiente,15.424948670398354,13.997832948091215,365783,95.227787,776.0,8,6,5,0,1,14.001572610373936,Sin_dato,0,1,0.0731566,3,1,6,riesgo_bajo,0.9563995,1
4,15.145384662151125,12,47,Empleado,15.363073279446223,13.217675375388819,298823,34.005349,791.0,8,7,5,0,1,14.751212467979364,Creciente,0,0,0.06357936170212766,3,1,6,riesgo_bajo,0.7342171,0
4,15.103626494796572,12,67,Empleado,15.201805169084134,14.077875591662238,285373,95.227787,768.0,7,8,4,0,1,13.755537598769623,Creciente,0,0,0.07134325,5,2,5,riesgo_bajo,0.96472555,1
4,15.356524222928426,12,56,Independiente,16.300417291085605,14.914123179965662,365929,95.227787,786.0,18,9,14,1,1,14.001572610373936,Sin_dato,0,1,0.030494083333333335,1,1,16,riesgo_bajo,0.96423185,1
4,14.546479877975232,6,32,Independiente,14.318102981763655,12.59473402514672,315298,95.227787,767.0,4,2,1,0,2,14.001572610373936,Sin_dato,0,1,0.19074289171203873,9,3,3,riesgo_bajo,0.9642202,1
9,13.393618157701724,12,26,Empleado,14.45736497045232,13.710151153416941,45542,95.227787,706.0,7,4,2,0,2,13.719579885694309,Estable,0,0,0.023969473684210527,3,1,4,riesgo_bajo,0.94977343,1
9,13.329630848038517,10,67,Independiente,15.850216336521664,15.756695417546048,52917,95.227787,777.0,10,12,7,0,2,13.79237702937058,Creciente,0,0,0.006917254901960784,9,3,9,riesgo_bajo,0.96196806,1
4,14.423590470529456,6,28,Empleado,14.690979711984754,13.161586013632684,273202,95.227787,759.0,1,4,1,0,0,15.108689129842775,Creciente,0,0,0.11383416666666667,6,2,1,riesgo_bajo,0.9650161,1
4,13.77764772247769,10,37,Empleado,15.319588176962746,13.815511557963774,88909,95.227787,836.0,3,2,2,0,0,15.351925632350543,Creciente,0,0,0.019757555555555556,1,1,2,riesgo_bajo,0.96833503,1
4,13.139812256414922,6,35,Empleado,14.508658238524095,0.0,75467,95.227787,792.0,3,4,1,0,1,13.510229189099102,Decreciente,0,0,0.0377335,1,1,2,riesgo_bajo,0.9658867,1
4,14.585619242623203,8,50,Empleado,14.077875591662238,13.122365377402328,247840,95.227787,769.0,15,3,3,0,10,13.760675208425667,Creciente,0,0,0.19064615384615385,5,2,13,riesgo_bajo,0.95723605,1
9,15.457907891741948,10,41,Independiente,14.914123179965662,13.815511557963774,438287,95.227787,856.0,5,3,4,0,0,13.719579885694309,Estable,0,0,0.14609566666666668,1,1,4,riesgo_muy_bajo,0.966568,1
4,13.292614039872173,12,49,Independiente,15.201805169084134,14.220976332738882,46573,91.99794,704.0,9,4,6,0,3,14.001572610373936,Sin_dato,0,1,0.01164325,3,1,9,riesgo_bajo,0.9556678,1
9,13.984175114352183,9,45,Independiente,15.090873637706453,14.045709958127665,110655,95.227787,825.0,6,4,2,0,1,14.001572610373936,Sin_dato,0,1,0.030909217877094972,3,1,3,riesgo_bajo,0.9672279,1
4,14.758638333200013,24,22,Empleado,14.508658238524095,13.304686600863562,112377,95.227787,736.0,2,7,2,0,0,13.787178982371959,Creciente,0,0,0.0561885,12,4,2,riesgo_bajo,0.95069236,1
9,14.321505532910924,9,41,Empleado,14.508658238524095,13.815511557963774,156361,95.227787,820.0,2,9,0,1,0,14.407524386917093,Creciente,0,0,0.0781805,12,4,1,riesgo_bajo,0.9606633,1
9,14.245310621215074,9,34,Empleado,14.914123179965662,14.45736497045232,143675,95.227787,760.0,5,6,4,0,1,15.333933672219683,Decreciente,0,0,0.047891666666666666,3,1,5,riesgo_bajo,0.96609646,1
4,15.698937367786268,6,36,Independiente,16.52356082573315,15.607270193858982,977382,95.227787,773.0,7,3,3,0,3,13.737719812718867,Creciente,0,0,0.0651588,3,1,6,riesgo_bajo,0.9593908,1
4,15.027451829558391,10,52,Independiente,15.201805169084134,13.815511557963774,309710,95.227787,814.0,4,2,1,0,1,14.001572610373936,Sin_dato,0,1,0.0774275,12,4,2,riesgo_bajo,0.9638368,1
4,15.169075352779046,6,64,Independiente,14.914123179965662,13.122365377402328,574979,95.227787,873.0,6,2,5,0,1,14.001572610373936,Sin_dato,0,1,0.19165966666666667,2,1,6,riesgo_muy_bajo,0.96307606,1
9,14.379027640230676,11,43,Independiente,14.978661680269907,14.151983508870947,136843,95.227787,754.0,4,7,1,0,3,14.001572610373936,Sin_dato,0,1,0.0427634375,2,1,4,riesgo_bajo,0.9615818,1
4,14.222335407871078,6,40,Empleado,15.201805169084134,14.220976332738882,223838,95.227787,803.0,4,10,3,0,1,14.834752385172942,Creciente,0,0,0.0559595,5,2,4,riesgo_bajo,0.96739644,1
4,14.784014540936013,8,34,Empleado,15.32296336274709,14.38196065301499,305475,95.227787,788.0,6,6,4,0,1,15.536632410996909,Decreciente,0,0,0.06765460064572798,8,3,5,riesgo_bajo,0.9657568,1
4,14.444311732187819,12,51,Empleado,14.914123179965662,0.0,147234,95.227787,807.0,2,5,0,0,2,14.001572610373936,Sin_dato,0,1,0.049078,12,4,2,riesgo_bajo,0.9666259,1
9,15.869773794749324,9,57,Independiente,15.391805458544814,15.199302039492581,766352,95.227787,822.0,12,4,9,1,0,14.001572610373936,Sin_dato,0,1,0.1584353938391565,3,1,10,riesgo_bajo,0.95885193,1
10,13.512513135312492,6,42,Empleado,13.997832948091215,13.122365377402328,110625,95.227787,713.0,12,6,3,0,7,14.189107218652737,Creciente,0,0,0.0921875,8,3,10,riesgo_bajo,0.9589234,1
4,14.759945888682081,8,22,Empleado,14.403297778421795,0.0,291220,95.227787,778.0,1,5,1,0,0,14.210926003619385,Creciente,0,0,0.1617888888888889,7,3,1,riesgo_bajo,0.95993036,1
9,14.56759896775951,10,67,Empleado,14.648420115681892,13.997832948091215,180686,95.227787,811.0,3,4,3,0,0,14.001572610373936,Sin_dato,0,1,0.0785591304347826,6,2,3,riesgo_bajo,0.967838,1
4,14.837371743457739,12,64,Empleado,15.894952224644102,14.914123179965662,218280,95.227787,910.0,10,1,5,3,0,15.434278410829393,Creciente,0,0,0.027285,3,1,8,riesgo_muy_bajo,0.96604574,1
4,15.096444681204078,6,44,Independiente,15.424948670398354,14.508658238524095,536482,22.873995,740.0,6,18,1,0,4,14.001572610373936,Sin_dato,0,1,0.1072964,4,2,5,riesgo_bajo,0.64653504,0
4,14.666072086787073,24,34,Empleado,14.346139397261565,12.206077645517674,102325,95.227787,808.0,3,4,1,0,1,14.355288586557823,Creciente,0,0,0.060191176470588234,12,4,2,riesgo_bajo,0.96292204,1
4,14.836161665522967,6,50,Empleado,15.795131902483437,15.165659731649436,417689,95.227787,823.0,10,7,5,0,3,13.784545036757393,Creciente,0,0,0.05769185082872928,8,3,8,riesgo_bajo,0.9600819,1
9,13.618532923638218,5,27,Independiente,15.424948670398354,14.508658238524095,133186,95.227787,729.0,6,3,4,0,1,13.736220566928477,Creciente,0,0,0.0266372,3,1,5,riesgo_bajo,0.95594287,1
4,13.916189029941847,18,48,Independiente,14.508658238524095,12.899222326086994,60919,95.227787,730.0,6,2,0,1,5,14.001572610373936,Sin_dato,0,1,0.0304595,12,4,6,riesgo_bajo,0.9611112,1
4,14.180071029248513,6,41,Independiente,13.815511557963774,12.611541086966115,214056,95.227787,842.0,1,1,1,0,0,14.001572610373936,Sin_dato,0,1,0.214056,4,2,1,riesgo_bajo,0.9614876,1
9,14.236148638788803,9,46,Independiente,15.068273812173887,14.220976332738882,142365,95.227787,787.0,5,7,4,0,0,13.816794733058368,Decreciente,0,0,0.04067571428571429,3,1,4,riesgo_bajo,0.96446043,1
9,14.389250246653,10,63,Independiente,14.914123179965662,14.220976332738882,150301,95.227787,943.0,6,1,0,1,3,14.001572610373936,Sin_dato,0,1,0.05010033333333333,12,4,4,riesgo_muy_bajo,0.967314,1
4,13.901982706262908,12,31,Empleado,14.557448378884015,12.206077645517674,85554,95.227787,755.0,7,6,3,0,1,15.035479932200968,Decreciente,0,0,0.04074,1,1,4,riesgo_bajo,0.96778417,1
4,14.54416049092687,12,47,Empleado,14.077875591662238,13.304686600863562,143908,95.227787,845.0,3,4,1,0,0,14.112524453200853,Creciente,0,0,0.11069846153846154,1,1,1,riesgo_bajo,0.96656644,1
4,14.034550500983347,6,28,Independiente,14.220976332738882,13.527829818844937,184646,95.227787,759.0,5,3,1,0,0,14.001572610373936,Sin_dato,0,1,0.12309733333333334,12,4,1,riesgo_bajo,0.95825636,1
4,13.351188358786455,6,53,Independiente,15.607270193858982,14.914123179965662,93188,95.227787,716.0,29,8,6,0,21,14.001572610373936,Sin_dato,0,1,0.015531333333333333,6,2,27,riesgo_bajo,0.9611214,1
4,15.096444681204078,18,34,Empleado,14.914123179965662,14.285514812209815,206840,95.227787,833.0,2,2,1,0,1,14.001572610373936,Sin_dato,0,1,0.06894666666666667,7,3,2,riesgo_bajo,0.96753925,1
4,14.260197020251155,12,26,Independiente,14.731801689838349,13.710151153416941,122459,95.227787,771.0,3,4,1,0,2,13.059223344592613,Decreciente,0,0,0.0489836,12,4,3,riesgo_bajo,0.95777553,1
9,14.413931698077276,10,51,Independiente,15.46416937585933,14.508658238524095,154705,91.410695,855.0,6,1,5,0,0,13.672219696271315,Creciente,0,0,0.02975096153846154,4,2,5,riesgo_muy_bajo,0.9638826,1
4,14.336089067349832,10,25,Empleado,15.079637567595793,14.06627005452127,161092,95.227787,777.0,5,5,2,0,2,15.112087793948193,Creciente,0,0,0.04550621468926554,9,3,4,riesgo_bajo,0.96643203,1
9,14.112448215038444,9,48,Independiente,14.731801689838349,14.220976332738882,126402,95.227787,815.0,4,3,2,0,1,14.462137770508374,Creciente,0,0,0.0505608,7,3,3,riesgo_bajo,0.96809053,1
4,14.439650259787726,6,24,Empleado,14.220976332738882,13.45883704259595,281274,95.227787,719.0,5,3,0,0,3,13.815511557963774,Estable,0,0,0.187516,7,3,3,riesgo_bajo,0.9613662,1
4,13.901542372005403,12,47,Empleado,14.731801689838349,12.899222326086994,85764,95.227787,822.0,7,3,7,0,0,14.001572610373936,Sin_dato,0,1,0.0343056,5,2,7,riesgo_bajo,0.96766037,1
9,13.196878837951948,6,57,Independiente,14.272936037914342,12.00762780434872,73729,90.562453,784.0,4,1,0,2,0,14.58136065261744,Estable,0,0,0.04666392405063291,8,3,2,riesgo_bajo,0.965163,1
4,15.239100944675616,6,31,Independiente,16.52356082573315,15.607270193858982,618781,95.227787,791.0,7,2,2,0,4,14.71061891913393,Creciente,0,0,0.04125206666666666,4,2,6,riesgo_bajo,0.9609892,1
4,15.129234495066498,6,54,Independiente,15.894952224644102,14.508658238524095,552870,95.227787,877.0,6,4,4,0,0,13.744438741253175,Creciente,0,0,0.06910875,4,2,4,riesgo_muy_bajo,0.9615948,1
4,14.114726607629215,12,42,Independiente,15.150511887854474,12.899222326086994,105829,95.227787,755.0,5,4,0,0,3,10.387373130123768,Estable,0,0,0.027849736842105264,1,1,3,riesgo_bajo,0.9629223,1
4,14.690979711984754,12,37,Empleado,14.34731517565935,13.19375523568666,193173,95.227787,771.0,7,4,2,1,3,14.522431937186031,Decreciente,0,0,0.11349764982373678,8,3,6,riesgo_bajo,0.96723706,1
4,14.442518470207565,12,44,Independiente,15.607270193858982,15.201805169084134,146400,95.227787,735.0,4,3,2,0,2,13.727934294183411,Creciente,0,0,0.0244,1,1,4,riesgo_bajo,0.9664774,1
4,14.749248596523833,12,27,Empleado,14.557448378884015,13.815511557963774,199702,95.227787,805.0,4,3,1,1,0,13.640798773269433,Decreciente,0,0,0.09509619047619047,12,4,2,riesgo_bajo,0.9646117,1
4,14.489475428791312,18,25,Empleado,14.744520457190834,13.815511557963774,108075,95.227787,696.0,3,5,2,0,0,14.687849820281992,Creciente,0,0,0.042683649289099526,7,3,2,riesgo_medio,0.963887,1
4,14.027391726060934,12,36,Empleado,13.768695641707609,0.0,103000,95.227787,912.0,5,2,1,0,2,14.115780321958226,Sin_dato,0,0,0.0,1,1,3,riesgo_muy_bajo,0.9671943,1
10,13.957010988293153,12,61,Independiente,13.997832948091215,0.0,90221,95.227787,872.0,8,2,1,0,6,14.001572610373936,Sin_dato,0,1,0.07518416666666666,11,4,7,riesgo_muy_bajo,0.9646501,1
4,14.260120094264813,24,25,Empleado,14.077875591662238,11.918397239722838,68192,95.227787,790.0,4,4,2,0,2,13.947350771351003,Creciente,0,0,0.05245538461538461,12,4,4,riesgo_bajo,0.96046567,1
9,15.397138904151099,10,41,Independiente,15.378398435265282,15.194234838187144,412879,95.227787,829.0,8,3,2,2,2,14.001572610373936,Sin_dato,0,1,0.0865105960441128,3,1,6,riesgo_bajo,0.9656502,1
4,14.906131332710732,24,61,Empleado,15.205049898439155,14.080947788339607,143775,95.227787,800.0,10,3,2,1,5,14.001572610373936,Sin_dato,0,1,0.035827311238474956,1,1,8,riesgo_bajo,0.96327657,1
4,14.084010575524983,12,29,Independiente,14.845130332288226,14.077875591662238,102754,86.830187,707.0,9,11,4,0,3,14.077970202498326,Creciente,0,0,0.03669785714285714,2,1,7,riesgo_bajo,0.95990777,1
4,14.847897926545325,6,28,Empleado,15.24582204373536,13.632790121628451,424081,95.227787,844.0,2,1,2,0,0,15.054879077147918,Creciente,0,0,0.10145478468899521,9,3,2,riesgo_bajo,0.9650727,1
4,14.33430494661736,24,51,Independiente,14.508658238524095,13.122365377402328,74847,95.227787,849.0,3,3,2,0,0,14.001572610373936,Sin_dato,0,1,0.0374235,6,2,2,riesgo_bajo,0.94781446,1
9,13.591968177128143,11,35,Empleado,14.946912992035967,14.151983508870947,62288,95.227787,803.0,4,2,1,1,2,14.001572610373936,Sin_dato,0,1,0.020092903225806452,2,1,4,riesgo_bajo,0.9685119,1
4,15.398805912144653,6,44,Independiente,16.213405921671733,14.914123179965662,722464,95.227787,827.0,7,5,5,0,1,15.470269576719534,Creciente,0,0,0.06567854545454545,1,1,6,riesgo_bajo,0.9649042,1
9,15.80156311067027,12,36,Empleado,15.955576839107596,14.731801689838349,506022,95.227787,832.0,10,6,3,0,1,13.719579885694309,Creciente,0,0,0.059532,3,1,4,riesgo_bajo,0.9655706,1
4,15.055622698257894,12,28,Empleado,15.327335862038517,15.116519597058778,288939,95.227787,838.0,5,2,5,0,0,15.658054550511158,Creciente,0,0,0.06371312017640574,12,4,5,riesgo_bajo,0.9684806,1
4,14.103004262675967,12,32,Empleado,14.508658238524095,12.899222326086994,104602,95.227787,743.0,9,5,4,3,2,14.26451652113935,Creciente,0,0,0.052301,12,4,9,riesgo_bajo,0.96270776,1
4,13.51153784396851,6,23,Empleado,14.077875591662238,12.765691290604371,109405,95.227787,752.0,2,7,2,0,0,13.678757982897613,Decreciente,0,0,0.08415769230769231,11,4,2,riesgo_bajo,0.9469061,1
9,14.574674572668465,3,39,Empleado,14.488455541410652,0.0,573849,95.227787,842.0,2,2,0,0,1,15.742846556265583,Creciente,0,0,0.29278010204081634,10,4,1,riesgo_bajo,0.9583245,1
4,15.221607791478354,6,37,Empleado,16.811242881518265,16.454567959008102,605991,95.227787,834.0,10,7,8,0,1,14.001572610373936,Sin_dato,0,1,0.03029955,1,1,9,riesgo_bajo,0.9599047,1
9,15.017565624606217,10,29,Independiente,13.997832948091215,13.710151153416941,283214,95.227787,744.0,6,2,3,0,2,14.026426050371143,Decreciente,0,0,0.23601166666666668,6,2,5,riesgo_bajo,0.965749,1
4,15.215258561614109,36,37,Empleado,15.131919059716477,13.777809729201323,145691,95.227787,763.0,10,3,6,0,0,14.948934817084426,Decreciente,0,0,0.03905924932975871,8,3,6,riesgo_bajo,0.9570833,1
9,13.985810982942656,5,47,Independiente,15.424948670398354,14.508658238524095,192462,95.227787,767.0,17,4,12,0,5,15.035122333588456,Creciente,0,0,0.0384924,5,2,17,riesgo_bajo,0.9621581,1
4,15.278766191701747,6,52,Independiente,16.52356082573315,16.118095750958314,640026,95.227787,874.0,6,6,3,0,0,13.719579885694309,Estable,0,0,0.0426684,12,4,3,riesgo_muy_bajo,0.9567837,1
4,14.922726065917601,24,40,Empleado,15.520258832020865,14.508658238524095,132890,95.227787,796.0,6,7,5,0,0,15.554180383492913,Creciente,0,0,0.02416181818181818,3,1,5,riesgo_bajo,0.9640728,1
9,13.117875321129768,10,24,Empleado,13.997832948091215,13.710151153416941,42262,95.227787,719.0,3,5,2,0,0,14.398564373918449,Decreciente,0,0,0.03521833333333333,2,1,2,riesgo_bajo,0.94402266,1
9,14.758580854935037,10,36,Independiente,14.914123179965662,14.403297778421795,218365,95.227787,731.0,8,14,4,1,2,14.868405207420114,Decreciente,0,0,0.07278833333333333,4,2,7,riesgo_bajo,0.95898616,1
9,14.848519581077825,9,63,Empleado,14.914123179965662,14.151983508870947,263012,95.227787,827.0,3,7,2,0,0,15.046050412146842,Decreciente,0,0,0.08767066666666666,5,2,2,riesgo_bajo,0.96576905,1
4,13.399996629152975,6,33,Empleado,14.220976332738882,13.304686600863562,99213,27.215896,771.0,8,7,2,0,4,14.409039592745085,Decreciente,0,0,0.066142,6,2,6,riesgo_bajo,0.7623029,0
4,13.897902197044827,12,54,Empleado,14.508658238524095,13.122365377402328,75408,95.227787,881.0,2,5,2,0,0,13.770801853295737,Creciente,0,0,0.037704,1,1,2,riesgo_muy_bajo,0.96623135,1
9,14.321139381726194,8,37,Empleado,14.914123179965662,14.508658238524095,174656,95.227787,841.0,2,1,2,0,0,15.520452631387133,Decreciente,0,0,0.05821866666666667,2,1,2,riesgo_bajo,0.9676923,1
9,14.142525212311796,10,68,Empleado,14.845130332288226,14.220976332738882,117439,95.227787,768.0,5,3,1,0,4,14.001572610373936,Sin_dato,0,1,0.0419425,12,4,5,riesgo_bajo,0.9661244,1
4,14.541040220330606,6,26,Independiente,14.914123179965662,13.815511557963774,306271,95.227787,814.0,1,1,0,0,0,14.001572610373936,Sin_dato,0,1,0.10209033333333334,7,3,0,riesgo_bajo,0.9557961,1
4,14.957182655377581,12,43,Independiente,14.914123179965662,13.815511557963774,245757,95.227787,798.0,3,3,2,0,0,13.719579885694309,Estable,0,0,0.081919,12,4,2,riesgo_bajo,0.96774197,1
4,14.55262476623879,10,37,Independiente,14.403297778421795,13.122365377402328,193186,95.227787,794.0,4,3,2,0,2,14.001572610373936,Sin_dato,0,1,0.10732555555555555,2,1,4,riesgo_bajo,0.96568286,1
4,14.114726607629215,12,58,Independiente,15.150511887854474,12.899222326086994,105829,95.227787,799.0,6,8,1,2,2,13.719579885694309,Estable,0,0,0.027849736842105264,12,4,5,riesgo_bajo,0.9615904,1
4,14.914123179965662,36,58,Empleado,14.770252861124078,13.034626646500051,117611,95.227787,853.0,6,6,2,3,0,14.072366603083852,Creciente,0,0,0.04526982294072363,1,1,5,riesgo_muy_bajo,0.9528493,1
4,13.708549873830593,6,51,Independiente,14.845130332288226,13.710151153416941,124800,95.227787,783.0,5,6,3,0,0,14.001572610373936,Sin_dato,0,1,0.044571428571428574,1,1,3,riesgo_bajo,0.9647307,1
9,14.053740534718278,3,46,Empleado,15.424948670398354,14.508658238524095,337095,95.227787,811.0,5,6,1,0,2,10.39900662648473,Creciente,0,0,0.067419,6,2,3,riesgo_bajo,0.95082825,1
4,13.878993209367536,12,34,Empleado,14.346139397261565,13.122365377402328,83604,95.227787,828.0,5,1,1,0,0,13.523835189575477,Decreciente,0,0,0.04917882352941177,3,1,1,riesgo_bajo,0.9668432,1
9,14.134222146743756,10,52,Empleado,14.914123179965662,13.710151153416941,116835,95.227787,892.0,5,3,4,0,0,13.987413024054327,Decreciente,0,0,0.038945,3,1,4,riesgo_muy_bajo,0.96873784,1
4,14.85987818369434,24,42,Empleado,14.436087583323648,13.184400648021263,98667,95.227787,729.0,7,11,0,0,4,14.082919002216363,Creciente,0,0,0.05304677419354839,8,3,4,riesgo_bajo,0.9544722,1
4,15.607270193858982,36,34,Empleado,15.068273812173887,13.122365377402328,193966,95.227787,821.0,10,6,5,0,3,15.308841529310387,Creciente,0,0,0.055418857142857145,1,1,8,riesgo_bajo,0.96210283,1
9,14.981587769177434,10,42,Independiente,15.607270193858982,14.220976332738882,272919,95.227787,742.0,4,6,2,0,2,13.570969708541984,Creciente,0,0,0.0454865,5,2,4,riesgo_bajo,0.95732105,1
4,13.130333531178522,6,35,Empleado,15.894952224644102,13.815511557963774,75481,89.2295,735.0,7,5,4,1,0,15.82090154891867,Creciente,0,0,0.009435125,5,2,5,riesgo_bajo,0.9602121,1
9,14.653204649438782,11,42,Independiente,13.768695641707609,14.508658238524095,195440,95.227787,686.0,7,6,4,0,2,13.694262275268443,Estable,0,0,0.0,12,4,6,riesgo_medio,0.9582596,1
4,14.376269121254566,6,58,Independiente,15.607270193858982,14.508658238524095,262410,95.227787,775.0,6,2,0,5,1,14.001572610373936,Sin_dato,0,1,0.043735,7,3,6,riesgo_bajo,0.9618364,1
4,14.94251663393791,6,46,Independiente,15.201805169084134,13.815511557963774,458415,95.227787,869.0,8,10,5,0,0,14.115615891155079,Estable,0,0,0.11460375,3,1,5,riesgo_muy_bajo,0.9589475,1
4,13.710151153416941,8,40,Independiente,14.731801689838349,13.122365377402328,102603,95.227787,789.0,8,3,3,0,2,13.81142622843446,Creciente,0,0,0.0410412,5,2,5,riesgo_bajo,0.9685042,1
4,14.319916217791894,24,68,Empleado,14.220976332738882,12.611541086966115,72227,95.227787,801.0,0,3,0,0,0,14.001572610373936,Sin_dato,0,1,0.04815133333333333,11,4,0,riesgo_bajo,0.95471597,0
4,14.362475807049675,6,31,Independiente,14.914123179965662,14.220976332738882,257931,95.227787,790.0,3,8,3,0,0,14.001572610373936,Sin_dato,0,1,0.085977,6,2,3,riesgo_bajo,0.9638781,1
4,14.162117691149344,6,38,Empleado,15.830413711839864,15.068273812173887,209913,95.227787,783.0,11,5,9,0,0,15.921061512976195,Sin_dato,0,0,0.0279884,2,1,9,riesgo_bajo,0.9593448,1
4,13.997832948091215,12,37,Empleado,14.845130332288226,13.429849547739444,93964,95.227787,823.0,2,6,2,0,0,15.234594903197465,Decreciente,0,0,0.03355857142857143,11,4,2,riesgo_bajo,0.9651618,1
4,14.745420525585732,12,50,Independiente,15.201805169084134,13.122365377402328,175992,95.227787,850.0,2,2,1,0,0,10.387373130123768,Estable,0,0,0.043998,1,1,1,riesgo_bajo,0.96265197,1
9,14.053740534718278,2,34,Independiente,15.424948670398354,14.508658238524095,500578,95.227787,777.0,7,8,2,4,0,13.880444001109883,Creciente,0,0,0.1001156,5,2,6,riesgo_bajo,0.96282977,1
9,15.829093160471544,10,100,Empleado,17.493166341166564,16.702881205920505,636944,42.888527,0.0,0,0,0,0,0,14.001572610373936,Sin_dato,1,1,0.00015660734570238546,4,2,0,sin_clasificar,0.76128054,0
4,15.705983651128728,6,32,Empleado,15.76142084987672,15.201805169084134,984293,95.227787,863.0,4,1,2,0,0,14.001572610373936,Sin_dato,0,1,0.14061328571428572,2,1,2,riesgo_muy_bajo,0.9498722,1
4,15.075368469152123,6,43,Empleado,15.903664164161862,12.962196972666593,534183,95.227787,870.0,4,7,3,0,1,13.99262859992663,Creciente,0,0,0.06619368029739776,10,4,4,riesgo_muy_bajo,0.95789975,1
4,13.551546314212295,6,65,Independiente,14.077875591662238,0.0,114250,15.638617,781.0,3,4,0,0,3,14.001572610373936,Sin_dato,0,1,0.08788461538461538,2,1,3,riesgo_bajo,0.73182815,0
9,13.896341693208631,2,50,Independiente,15.201805169084134,14.220976332738882,427173,95.227787,725.0,9,5,4,0,1,14.001572610373936,Sin_dato,0,1,0.10679325,11,4,5,riesgo_bajo,0.9574851,1
4,14.478930737137992,12,63,Empleado,15.424948670398354,14.914123179965662,152337,95.227787,821.0,7,3,4,0,0,14.206304569920293,Decreciente,0,0,0.0304674,1,1,4,riesgo_bajo,0.9668037,1
9,15.134592693448845,10,41,Independiente,14.357835430184815,0.0,321719,95.227787,831.0,1,2,0,0,0,14.001572610373936,Sin_dato,0,1,0.18704593023255814,9,3,0,riesgo_bajo,0.9558893,1
4,13.823459481396497,6,51,Independiente,14.346139397261565,11.51293546492023,149857,95.227787,775.0,4,1,2,0,1,13.727934294183411,Creciente,0,0,0.08815117647058823,2,1,3,riesgo_bajo,0.96625024,1
4,15.802836947797699,6,54,Independiente,13.815511557963774,14.59253968227493,1092677,95.227787,810.0,4,1,4,0,0,13.776651219507292,Creciente,0,0,1.092677,7,3,4,riesgo_bajo,0.96477413,1
4,14.058833920333885,12,48,Empleado,15.150511887854474,14.403297778421795,88575,95.227787,887.0,2,6,1,0,0,13.65158475693374,Creciente,0,0,0.02330921052631579,1,1,1,riesgo_muy_bajo,0.9655898,1
4,13.917706973131551,10,43,Independiente,14.508658238524095,12.611541086966115,103284,95.227787,763.0,3,2,1,0,2,13.747817198888054,Creciente,0,0,0.051642,4,2,3,riesgo_bajo,0.9667214,1
4,14.631335884664914,24,37,Empleado,14.731801689838349,13.652992804936396,98944,95.227787,755.0,11,7,1,2,7,15.056386295311299,Creciente,0,0,0.0395776,12,4,10,riesgo_bajo,0.9627534,1
9,15.90664899841856,10,26,Empleado,15.382041178155344,16.35332594244656,696269,95.227787,724.0,11,8,3,0,5,13.798704117613765,Estable,0,0,0.145358872651357,9,3,8,riesgo_bajo,0.9208735,1
4,14.362475807049675,6,45,Empleado,14.648420115681892,14.227620871042543,260096,95.227787,811.0,3,5,3,0,0,14.648420115681892,Estable,0,0,0.11308521739130435,8,3,3,riesgo_bajo,0.9664573,1
9,14.483126266689794,9,39,Empleado,14.77102238760702,14.403297778421795,182685,95.227787,741.0,8,9,2,0,6,15.002102587939241,Creciente,0,0,0.07026346153846154,6,2,8,riesgo_bajo,0.9624988,1
9,14.438866941636592,10,28,Empleado,15.068273812173887,13.815511557963774,158777,95.227787,791.0,4,4,2,0,1,14.220976332738882,Estable,0,0,0.045364857142857144,6,2,3,riesgo_bajo,0.9638885,1
9,14.156268881890547,9,33,Empleado,15.068273812173887,13.384729180332174,131750,95.227787,738.0,9,3,6,0,1,14.167249238577218,Creciente,0,0,0.037642857142857145,6,2,7,riesgo_bajo,0.9614815,1
4,15.971913256520972,36,58,Empleado,15.201805169084134,12.206077645517674,299965,95.227787,824.0,3,6,2,0,1,14.280768569558035,Creciente,0,0,0.07499125,7,3,3,riesgo_bajo,0.8993662,1
4,13.519797657900346,6,61,Empleado,14.346139397261565,13.76421831620775,110227,95.227787,780.0,4,4,0,2,2,13.719579885694309,Estable,0,0,0.06483941176470588,12,4,4,riesgo_bajo,0.9677055,1
4,14.727118743811538,6,46,Independiente,15.424948670398354,14.914123179965662,369835,95.227787,865.0,6,2,5,0,0,14.969873176995337,Creciente,0,0,0.073967,3,1,5,riesgo_muy_bajo,0.9648679,1
4,13.989464033154924,12,26,Independiente,15.201805169084134,14.508658238524095,93064,95.227787,719.0,3,7,2,0,1,13.922287470058908,Decreciente,0,0,0.023266,12,4,3,riesgo_bajo,0.95560235,1
4,13.997832948091215,6,30,Empleado,14.508658238524095,13.122365377402328,178354,95.227787,810.0,1,2,1,0,0,13.723992678291328,Creciente,0,0,0.089177,3,1,1,riesgo_bajo,0.96611905,1
9,15.418452014047713,10,51,Empleado,15.34503930380783,14.537245681284663,440343,95.227787,751.0,9,2,3,3,2,15.411033707559081,Creciente,0,0,0.09539493067590987,12,4,8,riesgo_bajo,0.9608866,1
9,14.053740534718278,5,47,Independiente,15.424948670398354,14.508658238524095,205691,90.562453,735.0,7,2,4,0,2,14.001572610373936,Sin_dato,0,1,0.0411382,1,1,6,riesgo_bajo,0.9627819,1
4,13.805521836374192,12,35,Empleado,15.201805169084134,14.220976332738882,77538,95.227787,730.0,6,3,4,0,1,15.28153157681918,Creciente,0,0,0.0193845,1,1,5,riesgo_bajo,0.96573955,1
4,14.403297778421795,12,64,Independiente,14.914123179965662,12.948012371209098,141404,95.227787,880.0,5,4,4,0,0,14.001572610373936,Sin_dato,0,1,0.047134666666666665,2,1,4,riesgo_muy_bajo,0.965739,1
4,14.597492909723004,24,43,Empleado,14.914123179965662,0.0,98471,95.227787,841.0,6,5,4,1,0,14.435810125630134,Creciente,0,0,0.03282366666666667,7,3,5,riesgo_bajo,0.9607497,1
4,13.584588079093473,6,53,Empleado,14.508658238524095,13.304686600863562,118008,95.227787,735.0,6,8,3,1,0,13.815511557963774,Creciente,0,0,0.059004,5,2,4,riesgo_bajo,0.9642966,1
4,14.815760380003097,12,30,Empleado,15.319588176962746,13.122365377402328,188817,95.227787,833.0,4,3,2,1,0,13.779601475304663,Creciente,0,0,0.041959333333333335,1,1,3,riesgo_bajo,0.9608484,1
4,14.66852959260717,24,32,Empleado,15.687312888712007,13.815511557963774,105720,95.227787,810.0,6,7,3,0,2,14.001572610373936,Sin_dato,0,1,0.016264615384615384,7,3,5,riesgo_bajo,0.9585759,1
9,13.618532923638218,5,48,Independiente,15.424948670398354,14.508658238524095,133380,95.227787,788.0,13,3,5,0,4,14.001572610373936,Sin_dato,0,1,0.026676,6,2,9,riesgo_bajo,0.9637273,1
9,13.984152811588446,11,36,Independiente,15.039286283703994,14.077875591662238,92095,95.227787,767.0,13,1,3,0,9,14.001572610373936,Sin_dato,0,1,0.027086764705882352,1,1,12,riesgo_bajo,0.9624088,1
9,14.69397870924216,10,47,Independiente,14.914123179965662,14.220976332738882,204704,95.227787,778.0,3,2,0,0,0,13.752589927335745,Creciente,0,0,0.06823466666666667,4,2,0,riesgo_bajo,0.9661221,1
4,13.433607179336716,10,28,Empleado,14.220976332738882,13.122365377402328,63094,95.227787,784.0,5,8,3,0,0,14.001572610373936,Sin_dato,0,1,0.042062666666666665,2,1,3,riesgo_bajo,0.95562816,1
9,14.691269669822084,9,38,Empleado,14.914123179965662,14.508658238524095,227184,95.227787,823.0,8,3,6,0,1,14.001572610373936,Sin_dato,0,1,0.075728,5,2,7,riesgo_bajo,0.9679827,1
4,15.240232673698138,8,41,Empleado,15.424948670398354,14.508658238524095,474899,95.227787,789.0,11,5,4,0,2,13.384729180332174,Creciente,0,0,0.0949798,6,2,6,riesgo_bajo,0.95511305,1
9,14.060399162568721,10,57,Independiente,15.201805169084134,14.731801689838349,108464,95.227787,855.0,1,2,1,0,0,13.732086556822338,Creciente,0,0,0.027116,2,1,1,riesgo_muy_bajo,0.966663,1
4,13.144518138225083,6,22,Empleado,13.768695641707609,13.242811303528269,76559,95.227787,707.0,6,8,3,0,2,13.604338807806192,Decreciente,0,0,0.08426726367764929,8,3,5,riesgo_bajo,0.93688273,1
4,13.343907249914384,6,30,Empleado,14.508658238524095,13.122365377402328,92765,95.227787,715.0,3,4,1,0,2,14.001572610373936,Sin_dato,0,1,0.0463825,3,1,3,riesgo_bajo,0.95514286,1
9,14.528352026618586,9,45,Independiente,14.403297778421795,13.45883704259595,193029,95.227787,823.0,2,2,2,0,0,14.001572610373936,Sin_dato,0,1,0.10723833333333334,5,2,2,riesgo_bajo,0.96802616,1
4,14.399690615759718,6,50,Independiente,15.46031580728584,15.610099520398254,269958,95.227787,825.0,9,8,8,0,1,14.409192036484802,Decreciente,0,0,0.05211544401544402,8,3,9,riesgo_bajo,0.9642896,1
4,14.624305607444702,6,62,Empleado,14.657078174676883,0.0,337431,95.227787,808.0,0,1,0,0,0,14.001572610373936,Sin_dato,0,1,0.14544439655172414,9,3,0,riesgo_bajo,0.9524133,1
9,14.053740534718278,5,62,Independiente,15.201805169084134,14.508658238524095,205870,95.227787,841.0,14,4,5,0,5,13.74666838940678,Decreciente,0,0,0.0514675,4,2,10,riesgo_bajo,0.9637818,1
4,14.93821072356147,24,27,Empleado,14.508658238524095,13.45883704259595,134346,95.227787,707.0,3,6,0,2,1,14.07634673241977,Creciente,0,0,0.067173,12,4,3,riesgo_bajo,0.9511106,1
4,14.650782539323346,12,50,Empleado,14.914123179965662,13.815511557963774,180900,95.227787,795.0,7,3,3,2,1,15.412568149509422,Creciente,0,0,0.0603,2,1,6,riesgo_bajo,0.96695733,1
4,15.022331602201128,12,31,Empleado,14.508658238524095,13.017005083966255,262301,95.227787,795.0,2,7,0,1,1,13.387582025777753,Creciente,0,0,0.1311505,12,4,2,riesgo_bajo,0.9586661,1
4,14.219375052440284,12,32,Independiente,14.508658238524095,13.592368256649284,117804,91.99794,814.0,3,3,1,0,0,13.868798212293292,Creciente,0,0,0.058902,3,1,1,riesgo_bajo,0.9647393,1
4,14.705523431409565,18,41,Independiente,15.150511887854474,13.815511557963774,134300,95.227787,769.0,6,10,4,0,2,13.727934294183411,Creciente,0,0,0.0353421052631579,1,1,6,riesgo_bajo,0.9601562,1
4,14.027294634047566,8,37,Empleado,14.220976332738882,13.304686600863562,140168,95.227787,756.0,2,2,0,0,0,13.496436884721325,Creciente,0,0,0.09344533333333334,1,1,0,riesgo_bajo,0.964058,1
9,14.344171109669327,11,100,Empleado,17.493166341166564,16.702881205920505,131779,95.227787,0.0,0,0,0,0,0,14.001572610373936,Sin_dato,1,1,0.000263558,12,4,0,sin_clasificar,0.9610616,1
4,15.12024257818605,36,35,Empleado,14.536613800753216,13.256896018612155,128639,95.227787,782.0,5,5,3,1,0,14.533823409936328,Creciente,0,0,0.06254631205328925,8,3,4,riesgo_bajo,0.9485841,1
4,15.139536086919424,6,42,Empleado,14.731801689838349,13.171155446333852,572442,95.227787,844.0,4,4,2,0,0,14.699085104304146,Creciente,0,0,0.2289768,11,4,2,riesgo_bajo,0.9621958,1
4,15.434154167645096,36,27,Independiente,14.45736497045232,13.304686600863562,163396,92.228643,731.0,6,3,1,1,2,13.71675705672712,Creciente,0,0,0.0859978947368421,12,4,4,riesgo_bajo,0.9562368,1
4,14.199956979676019,6,45,Empleado,14.914123179965662,13.592368256649284,218516,95.227787,828.0,7,3,2,0,0,13.815511557963774,Estable,0,0,0.07283866666666666,3,1,2,riesgo_bajo,0.9685249,1
4,14.19668365656327,24,31,Empleado,15.607270193858982,13.815511557963774,65954,95.227787,726.0,18,7,10,4,3,15.765737519022114,Decreciente,0,0,0.010992333333333333,4,2,17,riesgo_bajo,0.9587115,1
4,14.29860376862424,8,35,Empleado,14.648420115681892,12.899222326086994,183864,95.227787,814.0,3,2,1,0,0,14.023018101554488,Creciente,0,0,0.07994086956521738,12,4,1,riesgo_bajo,0.96593773,1
9,14.533902491340045,11,49,Empleado,14.946912992035967,14.220976332738882,159310,95.227787,834.0,7,1,2,0,1,14.001572610373936,Sin_dato,0,1,0.05139032258064516,12,4,3,riesgo_bajo,0.968726,1
4,14.878081420851442,12,42,Empleado,15.424948670398354,13.815511557963774,226594,90.562453,863.0,7,1,4,0,0,14.001572610373936,Sin_dato,0,1,0.0453188,7,3,4,riesgo_muy_bajo,0.9663608,1
9,14.63216135817201,10,50,Empleado,14.914123179965662,14.220976332738882,208290,95.227787,771.0,9,2,4,0,3,14.001572610373936,Sin_dato,0,1,0.06943,8,3,7,riesgo_bajo,0.9676588,1
4,13.5972065272563,8,21,Empleado,14.077875591662238,12.899222326086994,91203,95.227787,733.0,5,5,0,3,2,13.934775162222344,Creciente,0,0,0.07015615384615384,12,4,5,riesgo_bajo,0.9293824,1
4,14.769328646996453,6,28,Empleado,14.603968372873895,13.592368256649284,384814,95.227787,767.0,6,6,2,0,0,14.001572610373936,Sin_dato,0,1,0.17491545454545454,6,2,2,riesgo_bajo,0.9611011,1
4,14.130920388386695,6,45,Independiente,14.699278511355924,13.12834743715147,203233,95.227787,819.0,4,4,2,0,0,14.001572610373936,Sin_dato,0,1,0.0839805785123967,7,3,2,riesgo_bajo,0.9659463,1
4,14.180154365996387,6,50,Independiente,14.866332532446323,14.342013251782552,219332,95.227787,843.0,3,3,1,2,0,13.77823539100803,Creciente,0,0,0.07668951048951049,10,4,3,riesgo_bajo,0.9675839,1
4,14.952497368533477,12,43,Empleado,15.520258832020865,13.815511557963774,244913,95.227787,768.0,8,10,5,0,1,15.51016644019425,Decreciente,0,0,0.04452963636363636,3,1,6,riesgo_bajo,0.9633036,1
4,14.698848171016706,12,29,Empleado,14.272936037914342,13.45883704259595,167983,95.227787,793.0,2,3,0,0,0,14.29349847776099,Creciente,0,0,0.10631835443037975,1,1,0,riesgo_bajo,0.9648422,1
4,13.304686600863562,6,34,Independiente,13.768695641707609,13.784020922864116,90506,95.227787,786.0,7,4,2,2,1,13.594322593243527,Decreciente,0,0,0.11291161664992858,8,3,5,riesgo_bajo,0.96672785,1
4,13.242811303528269,6,30,Independiente,14.508658238524095,13.815511557963774,83766,86.830187,770.0,4,7,1,0,1,14.001572610373936,Sin_dato,0,1,0.041883,2,1,2,riesgo_bajo,0.9572556,1
4,13.81415544020681,24,31,Empleado,13.997832948091215,13.592368256649284,43690,95.227787,808.0,2,3,0,1,0,13.827230609067097,Creciente,0,0,0.036408333333333334,11,4,1,riesgo_bajo,0.9649033,1
9,14.346037980414,10,30,Empleado,14.690979711984754,13.815511557963774,145081,95.227787,805.0,3,8,1,1,0,14.756950773657001,Creciente,0,0,0.060450416666666666,7,3,2,riesgo_bajo,0.96598303,1
9,15.079841275601916,10,38,Empleado,15.424948670398354,14.508658238524095,301412,95.227787,751.0,1,1,0,0,0,14.001572610373936,Sin_dato,0,1,0.0602824,5,2,0,riesgo_bajo,0.9602836,1
4,15.012987368937537,12,34,Empleado,14.731801689838349,13.592368256649284,229983,95.227787,772.0,1,6,0,0,0,13.719579885694309,Decreciente,0,0,0.0919932,1,1,0,riesgo_bajo,0.9565123,1
4,13.710017811342096,10,43,Empleado,15.607270193858982,14.731801689838349,83271,91.99794,775.0,10,2,5,1,2,14.06673142631303,Creciente,0,0,0.0138785,2,1,8,riesgo_bajo,0.9666901,1
4,15.270397943976453,8,66,Independiente,15.894952224644102,14.690979711984754,486710,95.227787,809.0,5,4,3,0,1,13.727934294183411,Creciente,0,0,0.06083875,3,1,4,riesgo_bajo,0.9476432,1
4,15.2832560959376,6,31,Empleado,14.914123179965662,14.122995993006082,656301,95.227787,768.0,6,12,1,0,3,13.815511557963774,Estable,0,0,0.218767,11,4,4,riesgo_bajo,0.9565099,1
4,14.870255316394903,12,39,Empleado,14.346139397261565,13.122365377402328,199392,95.227787,855.0,6,2,2,0,0,14.375126917328105,Estable,0,0,0.11728941176470588,1,1,2,riesgo_muy_bajo,0.96903205,1
4,14.707295869726453,6,47,Independiente,16.705882371415992,15.424948670398354,338817,95.227787,815.0,10,1,8,0,1,13.504734527725645,Estable,0,0,0.018823166666666665,1,1,9,riesgo_bajo,0.960693,1
4,14.926999913514614,24,34,Empleado,15.894952224644102,13.815511557963774,133561,95.227787,799.0,7,9,5,0,0,15.795909638534903,Creciente,0,0,0.016695125,5,2,5,riesgo_bajo,0.96037513,1
4,13.822083508716325,24,27,Independiente,14.508658238524095,13.122365377402328,44611,95.227787,763.0,2,7,1,0,1,13.708201478421659,Decreciente,0,0,0.0223055,5,2,2,riesgo_bajo,0.92766136,1
4,14.475246239167078,12,29,Empleado,14.690979711984754,13.815511557963774,151776,95.227787,837.0,3,2,2,0,0,14.667989970891906,Creciente,0,0,0.06324,12,4,2,riesgo_bajo,0.96960944,1
4,15.081669399756638,12,40,Empleado,14.731801689838349,13.795308871054397,277804,36.619474,765.0,9,6,4,0,3,10.595358919592021,Decreciente,0,0,0.1111216,8,3,7,riesgo_bajo,0.7458275,0
9,13.706631637751695,10,38,Independiente,13.997832948091215,12.899222326086994,76066,95.227787,757.0,4,3,2,0,1,14.001572610373936,Sin_dato,0,1,0.06338833333333334,1,1,3,riesgo_bajo,0.9641164,1
9,14.457891989170841,10,42,Independiente,14.914123179965662,14.403297778421795,161403,95.227787,890.0,6,3,5,0,1,14.001572610373936,Sin_dato,0,1,0.053801,3,1,6,riesgo_muy_bajo,0.966901,1
9,14.637404892407794,10,65,Empleado,15.76142084987672,15.319588176962746,193445,95.227787,759.0,7,5,5,0,0,14.001572610373936,Sin_dato,0,1,0.027635,4,2,5,riesgo_bajo,0.9637019,1
4,15.166124320325013,6,31,Independiente,15.607270193858982,14.403297778421795,573646,95.227787,837.0,5,3,3,0,0,15.832962327684097,Creciente,0,0,0.09560766666666666,3,1,3,riesgo_bajo,0.95790493,1
4,13.304686600863562,6,29,Empleado,13.815511557963774,12.206077645517674,89173,95.227787,791.0,0,2,0,0,0,14.13382537034314,Creciente,0,0,0.089173,3,1,0,riesgo_bajo,0.96054524,1
9,14.251268050309589,10,51,Independiente,15.201805169084134,14.508658238524095,131136,95.227787,753.0,8,0,3,0,3,14.001572610373936,Sin_dato,0,1,0.032784,1,1,6,riesgo_bajo,0.9633018,1
4,13.916189029941847,6,24,Independiente,14.508658238524095,13.304686600863562,163975,95.227787,720.0,6,7,2,0,1,13.988079714315544,Creciente,0,0,0.0819875,1,1,3,riesgo_bajo,0.9603346,1
4,13.920627944068505,6,55,Independiente,17.034386422832473,15.201805169084134,165551,95.227787,839.0,7,4,3,1,1,14.80876270134486,Estable,0,0,0.00662204,5,2,5,riesgo_bajo,0.96715206,1
4,14.695917498962038,6,43,Independiente,14.88022163978423,14.508658238524095,359447,58.597591,830.0,0,2,0,0,0,14.001572610373936,Sin_dato,0,1,0.12394724137931035,5,2,0,riesgo_bajo,0.7419866,0
4,13.72980865051778,6,21,Empleado,14.220976332738882,13.304686600863562,136545,95.227787,738.0,1,6,1,0,0,13.692550519725236,Creciente,0,0,0.09103,2,1,1,riesgo_bajo,0.9275233,1
9,14.311332385603134,10,30,Empleado,14.603968372873895,16.702881205920505,139254,95.227787,708.0,4,4,2,0,2,14.704810287973844,Creciente,0,0,0.06329727272727273,1,1,4,riesgo_bajo,0.9610919,1
4,14.260197020251155,12,45,Empleado,15.607270193858982,13.815511557963774,123671,95.227787,744.0,5,5,3,0,1,14.17304093591498,Creciente,0,0,0.020611833333333333,4,2,4,riesgo_bajo,0.96498424,1
4,15.378850289588184,12,57,Empleado,14.690979711984754,14.151983508870947,374658,95.227787,842.0,8,1,5,1,1,14.001572610373936,Sin_dato,0,1,0.1561075,2,1,7,riesgo_bajo,0.96686256,1
4,14.799834073922264,24,34,Empleado,14.557448378884015,12.563750586299374,127457,95.227787,790.0,8,8,4,0,4,13.592368256649284,Decreciente,0,0,0.060693809523809525,11,4,8,riesgo_bajo,0.96008956,1
9,15.467870900658209,10,22,Empleado,13.768695641707609,0.0,462651,84.730786,684.0,6,1,2,0,1,14.001572610373936,Sin_dato,0,1,0.0,1,1,3,riesgo_medio,0.9410029,1
9,15.191754835755884,12,100,Empleado,17.493166341166564,16.702881205920505,275000,95.227787,0.0,0,0,0,0,0,14.001572610373936,Sin_dato,1,1,0.003968196707118224,6,2,0,sin_clasificar,0.959728,0
4,13.495306671216452,8,38,Empleado,15.274125813221904,14.914123179965662,82588,95.227787,735.0,9,9,5,1,0,15.409093441074274,Decreciente,0,0,0.019206511627906975,3,1,6,riesgo_bajo,0.96269935,1
4,13.976813598568649,8,38,Empleado,14.508658238524095,13.122365377402328,133152,95.227787,765.0,4,5,3,0,0,14.498187112340908,Creciente,0,0,0.066576,2,1,3,riesgo_bajo,0.96552527,1
4,14.914123179965662,6,38,Empleado,14.914123179965662,13.997832948091215,445411,95.227787,820.0,10,2,8,1,0,13.742940940397677,Estable,0,0,0.14847033333333334,1,1,9,riesgo_bajo,0.9651842,1
4,14.082311887161664,12,32,Empleado,14.914123179965662,13.815511557963774,102579,95.227787,775.0,9,9,2,0,3,14.875183800473897,Creciente,0,0,0.034193,3,1,5,riesgo_bajo,0.9675688,1
4,14.660726681611775,6,58,Empleado,13.910821646859095,12.611541086966115,345212,95.227787,780.0,1,4,0,0,0,13.719579885694309,Decreciente,0,0,0.3138290909090909,12,4,0,riesgo_bajo,0.95920575,1
4,14.560814135331693,12,44,Empleado,14.220976332738882,13.122365377402328,165815,95.227787,751.0,3,2,1,0,2,14.001572610373936,Sin_dato,0,1,0.11054333333333333,4,2,3,riesgo_bajo,0.96690774,1
4,15.07624197955549,12,31,Independiente,15.573368647930426,14.220976332738882,281431,95.227787,754.0,11,5,1,1,5,15.102675781333982,Creciente,0,0,0.048522586206896555,5,2,7,riesgo_bajo,0.9649101,1
9,14.137595651335015,10,51,Empleado,14.077875591662238,13.304686600863562,117230,95.227787,827.0,2,4,0,0,2,13.744438741253175,Creciente,0,0,0.09017692307692307,4,2,2,riesgo_bajo,0.96834177,1
9,15.083528630548578,9,54,Empleado,15.150511887854474,14.88022163978423,333166,95.227787,815.0,4,5,2,0,0,13.764328836299624,Creciente,0,0,0.08767526315789474,6,2,2,riesgo_bajo,0.96588635,1
9,14.704071632091644,10,52,Independiente,14.914123179965662,13.815511557963774,206564,95.227787,808.0,2,1,0,0,2,13.744438741253175,Creciente,0,0,0.06885466666666666,3,1,2,riesgo_bajo,0.96774286,1
4,12.90719047589495,6,45,Independiente,13.815511557963774,14.291745358078465,60755,95.227787,724.0,6,4,5,0,1,13.815511557963774,Estable,0,0,0.060755,7,3,6,riesgo_bajo,0.95600355,1
9,14.314541659000138,10,54,Independiente,14.77102238760702,13.997832948091215,140068,95.227787,809.0,2,2,0,1,0,13.752589927335745,Creciente,0,0,0.05387230769230769,5,2,1,riesgo_bajo,0.9676142,1
4,13.774689605110144,6,29,Empleado,14.585619242623203,13.782988399316032,145735,95.227787,748.0,5,6,3,0,1,14.291154500693684,Creciente,0,0,0.06746990740740741,9,3,4,riesgo_bajo,0.96589726,1
4,15.140053177932312,36,50,Empleado,13.997832948091215,11.51293546492023,126875,95.227787,834.0,4,2,1,0,2,14.259932241780394,Creciente,0,0,0.10572916666666667,5,2,3,riesgo_bajo,0.9131437,1
4,13.343714924036824,6,26,Empleado,15.096444681204078,14.80876270134486,86650,95.227787,820.0,2,3,1,0,0,14.143078266689724,Creciente,0,0,0.024069444444444445,1,1,1,riesgo_bajo,0.96496534,1
9,14.880227157008486,11,41,Empleado,14.946912992035967,14.375126917328105,227177,95.227787,808.0,6,6,3,1,1,14.632208994851396,Creciente,0,0,0.07328290322580645,7,3,5,riesgo_bajo,0.9677632,1
4,13.153863982446317,6,28,Empleado,14.508658238524095,13.45883704259595,76533,95.227787,729.0,2,7,0,1,1,14.219606729506193,Creciente,0,0,0.0382665,11,4,2,riesgo_bajo,0.9490498,1
4,15.08975569491756,6,35,Independiente,15.78262305453032,15.077091958116375,548279,47.613894,784.0,12,6,7,0,3,13.639834868391421,Creciente,0,0,0.07668237762237762,1,1,10,riesgo_bajo,0.73490363,0
4,14.92999652387261,6,60,Independiente,15.201805169084134,14.508658238524095,452691,95.227787,831.0,8,5,6,0,2,13.728690435411622,Creciente,0,0,0.11317275,2,1,8,riesgo_bajo,0.9610768,1
4,14.518410525114328,6,31,Empleado,13.815511557963774,13.943904652239762,302463,95.227787,759.0,9,7,1,0,3,13.815511557963774,Estable,0,0,0.302463,8,3,4,riesgo_bajo,0.96230674,1
4,13.736468432874318,6,48,Empleado,14.914123179965662,13.815511557963774,137457,95.227787,806.0,4,3,2,2,0,14.309514487036463,Decreciente,0,0,0.045819,1,1,4,riesgo_bajo,0.9683034,1
9,14.304521522855408,10,33,Empleado,13.815511557963774,0.0,138091,95.227787,845.0,3,0,0,0,0,14.001572610373936,Sin_dato,0,1,0.138091,11,4,0,riesgo_bajo,0.9606438,1
4,15.789591722875162,6,68,Independiente,15.687312888712007,14.731801689838349,1000000,95.227787,863.0,4,2,4,0,0,14.808527859043718,Creciente,0,0,0.15384615384615385,1,1,4,riesgo_muy_bajo,0.9613527,1
4,14.90285999146257,6,53,Empleado,15.145234832146,13.867154740783278,445820,95.227787,811.0,9,5,2,1,3,14.975182824647947,Creciente,0,0,0.11794179894179894,9,3,6,riesgo_bajo,0.964856,1
4,14.163177753679225,18,52,Independiente,14.077875591662238,12.429220196836383,80086,95.227787,765.0,7,6,2,0,1,14.001572610373936,Sin_dato,0,1,0.06160461538461538,7,3,3,riesgo_bajo,0.9642935,1
9,14.97724743113251,9,39,Independiente,14.85861048906288,13.910821646859095,299431,95.227787,827.0,3,2,1,0,0,14.328419809469521,Creciente,0,0,0.10550775193798449,6,2,1,riesgo_bajo,0.96568334,1
9,15.18143786152719,5,100,Empleado,16.328967977828224,13.917585080655913,637502,95.227787,0.0,0,0,0,0,0,14.001572610373936,Sin_dato,1,1,0.05162985422366517,7,3,0,sin_clasificar,0.9599841,1
4,14.547398047840515,12,59,Empleado,14.786289853910306,12.694655727828803,170948,95.227787,759.0,3,2,0,0,2,14.001572610373936,Sin_dato,0,1,0.0647530303030303,11,4,2,riesgo_bajo,0.96771127,1
4,14.365942013023727,6,28,Independiente,14.513645777547573,0.0,260999,95.227787,788.0,0,0,0,0,0,14.001572610373936,Sin_dato,0,1,0.1298502487562189,8,3,0,riesgo_bajo,0.95675033,1
4,14.715672314412528,12,36,Empleado,14.914123179965662,14.731801689838349,193588,95.227787,824.0,8,3,2,0,3,14.505337733401241,Creciente,0,0,0.06452933333333333,1,1,5,riesgo_bajo,0.96827793,1
4,13.351453691621645,6,46,Empleado,14.151983508870947,12.899222326086994,93700,95.227787,783.0,2,4,1,1,0,14.047658250060719,Creciente,0,0,0.06692857142857143,3,1,2,riesgo_bajo,0.9656282,1
4,14.973146501310051,6,49,Independiente,14.869822936167798,12.624786269856633,482298,95.227787,772.0,2,2,1,0,0,14.001572610373936,Sin_dato,0,1,0.1680480836236934,10,4,1,riesgo_bajo,0.9560713,1
4,13.7696770685211,6,46,Empleado,14.077875591662238,13.910821646859095,142579,95.227787,764.0,2,3,2,0,0,14.82412629115505,Decreciente,0,0,0.10967615384615384,6,2,2,riesgo_bajo,0.9680715,1
4,15.800696501073471,36,61,Empleado,14.731801689838349,12.429220196836383,235738,46.898942,840.0,8,3,6,0,0,14.32561432125167,Decreciente,0,0,0.0942952,12,4,6,riesgo_bajo,0.78038716,0
9,13.591968177128143,8,51,Independiente,15.009433329466965,14.48334044336031,83332,95.227787,828.0,0,1,0,0,0,13.736220566928477,Creciente,0,0,0.025252121212121212,2,1,0,riesgo_bajo,0.9653797,1
9,14.684146924405338,9,45,Independiente,14.914123179965662,13.815511557963774,222826,95.227787,756.0,7,16,4,0,2,13.736220566928477,Creciente,0,0,0.07427533333333333,3,1,6,riesgo_bajo,0.96494305,1
9,14.433121254225005,10,37,Empleado,14.77102238760702,13.122365377402328,157289,95.227787,785.0,7,7,3,1,2,14.001572610373936,Sin_dato,0,1,0.06049576923076923,1,1,6,riesgo_bajo,0.96319914,1
4,14.36912034593587,12,32,Empleado,14.220976332738882,13.122365377402328,136324,95.227787,790.0,1,4,1,0,0,13.920417270669114,Creciente,0,0,0.09088266666666667,1,1,1,riesgo_bajo,0.9671893,1
9,14.252681159287025,9,68,Empleado,14.285514812209815,13.997832948091215,145154,95.227787,851.0,5,3,3,0,0,14.001572610373936,Sin_dato,0,1,0.09072125,7,3,3,riesgo_muy_bajo,0.96807736,1
4,15.513508830427444,24,62,Independiente,15.424948670398354,14.220976332738882,239371,95.227787,854.0,5,5,5,0,0,14.001572610373936,Sin_dato,0,1,0.0478742,4,2,5,riesgo_muy_bajo,0.96284634,1
4,14.38152855083688,12,41,Empleado,14.648420115681892,13.122365377402328,122308,95.227787,771.0,9,7,2,0,4,14.114707331063885,Decreciente,0,0,0.05317739130434783,1,1,6,riesgo_bajo,0.9627736,1
4,15.04202441315027,12,56,Independiente,14.914123179965662,13.592368256649284,267851,95.227787,763.0,2,1,1,0,1,14.001572610373936,Sin_dato,0,1,0.08928366666666666,1,1,2,riesgo_bajo,0.9641175,1
4,14.110179813102441,12,41,Independiente,15.607270193858982,12.899222326086994,93242,95.227787,781.0,6,7,3,1,2,13.719579885694309,Decreciente,0,0,0.015540333333333333,1,1,6,riesgo_bajo,0.96416783,1
4,13.527429739357144,6,37,Empleado,14.557448378884015,13.297997623898429,112278,95.227787,761.0,6,4,3,0,0,13.997832948091215,Estable,0,0,0.05346571428571428,8,3,3,riesgo_bajo,0.9677632,1
4,13.883363393190098,6,26,Empleado,14.493544608328255,11.884495917930655,164086,95.227787,724.0,4,1,2,0,0,13.986167682338657,Creciente,0,0,0.08329238578680204,11,4,2,riesgo_bajo,0.9577097,1
10,14.679261323941938,18,28,Empleado,14.914123179965662,13.304686600863562,131618,95.227787,760.0,6,6,3,1,2,14.009446077509784,Creciente,0,0,0.043872666666666664,4,2,6,riesgo_bajo,0.9595644,1
4,14.679918769259638,24,31,Empleado,14.508658238524095,13.592368256649284,103765,95.227787,813.0,4,3,2,0,0,14.077875591662238,Estable,0,0,0.0518825,2,1,2,riesgo_bajo,0.9639515,1
4,15.41265047914579,18,30,Empleado,14.978661680269907,12.206077645517674,274046,95.227787,708.0,6,6,4,0,1,14.972194250977042,Creciente,0,0,0.085639375,5,2,5,riesgo_bajo,0.9552068,1
4,14.643206550901692,12,38,Empleado,15.607270193858982,14.731801689838349,181388,95.227787,772.0,6,5,3,0,1,13.997832948091215,Creciente,0,0,0.030231333333333332,6,2,4,riesgo_bajo,0.96445334,1
9,14.601483288736736,4,52,Empleado,14.731801689838349,14.220976332738882,441430,95.227787,792.0,5,5,3,1,1,14.897561799732863,Decreciente,0,0,0.176572,6,2,5,riesgo_bajo,0.96678257,1
4,14.820691267818392,18,57,Empleado,14.603968372873895,13.304686600863562,151770,95.227787,840.0,9,3,5,0,3,13.768695641707609,Creciente,0,0,0.06898636363636364,6,2,8,riesgo_bajo,0.9683639,1
9,13.999431668123709,11,45,Independiente,15.424948670398354,14.285514812209815,93513,92.228643,808.0,7,4,3,0,2,13.059223344592613,Estable,0,0,0.0187026,1,1,5,riesgo_bajo,0.96503496,1
9,13.512220647771594,9,36,Independiente,15.607270193858982,14.978661680269907,69355,95.227787,768.0,5,3,1,2,1,14.001572610373936,Sin_dato,0,1,0.011559166666666667,7,3,4,riesgo_bajo,0.9673585,1
4,15.250595321348806,6,53,Independiente,15.894952224644102,15.201805169084134,623365,95.227787,819.0,7,5,5,0,1,13.719579885694309,Estable,0,0,0.077920625,12,4,6,riesgo_bajo,0.9595478,1
9,15.469389725087913,9,53,Empleado,15.607270193858982,15.201805169084134,488177,64.770554,893.0,11,7,8,0,0,15.894952224644102,Creciente,0,0,0.08136283333333333,1,1,8,riesgo_muy_bajo,0.957699,1
9,13.875760333063868,10,32,Empleado,14.508658238524095,14.151983508870947,89941,95.227787,781.0,4,0,1,0,1,14.001572610373936,Sin_dato,0,1,0.0449705,12,4,2,riesgo_bajo,0.9637956,1
4,14.319916217791894,24,22,Empleado,13.997832948091215,12.611541086966115,72782,25.419455,715.0,2,6,0,0,1,14.01796230277962,Creciente,0,0,0.060651666666666666,12,4,1,riesgo_bajo,0.69388586,0
9,14.695015555317,10,26,Empleado,14.508658238524095,13.345508528717259,205132,95.227787,730.0,4,3,1,0,1,13.734542338803745,Creciente,0,0,0.102566,5,2,2,riesgo_bajo,0.9600596,1
9,14.612763577404221,10,54,Empleado,15.424948670398354,14.648420115681892,188934,95.227787,817.0,13,3,4,0,7,15.395446124563136,Creciente,0,0,0.0377868,5,2,11,riesgo_bajo,0.9645178,1
4,14.835036276158402,6,31,Empleado,14.503645699213111,13.807479394331018,417261,95.227787,778.0,7,3,2,1,3,14.309476655260939,Creciente,0,0,0.20967889447236182,8,3,6,riesgo_bajo,0.9639803,1
4,14.297122178038867,12,51,Empleado,13.815511557963774,12.206077645517674,127381,95.227787,836.0,2,1,2,0,0,13.929881557016381,Creciente,0,0,0.127381,4,2,2,riesgo_bajo,0.96827793,1
9,15.00550234171029,10,49,Independiente,14.508658238524095,13.592368256649284,278793,95.227787,766.0,3,5,2,0,0,14.001572610373936,Sin_dato,0,1,0.1393965,1,1,2,riesgo_bajo,0.9591085,1
4,13.94411571157372,6,40,Empleado,14.403297778421795,12.899222326086994,168796,95.227787,806.0,3,0,0,1,1,14.627853553515518,Decreciente,0,0,0.09377555555555556,12,4,2,riesgo_bajo,0.9680886,1
4,14.604822553024253,18,29,Empleado,15.009433329466965,13.997832948091215,121854,95.227787,740.0,4,6,3,0,0,14.175048300182812,Creciente,0,0,0.036925454545454546,2,1,3,riesgo_bajo,0.9642138,1
4,15.38412668421143,12,35,Empleado,14.777181073838053,13.362955414648066,387103,95.227787,843.0,2,3,2,0,0,15.26477995298731,Creciente,0,0,0.14797164593193893,7,3,2,riesgo_bajo,0.9681898,1
4,15.949440403299384,8,27,Independiente,17.370858648025116,16.118095750958314,965108,91.028987,838.0,8,6,6,0,0,14.077875591662238,Estable,0,0,0.027574514285714287,6,2,6,riesgo_bajo,0.9541682,1
9,15.718364581782053,10,33,Independiente,15.894952224644102,15.201805169084134,568687,95.227787,682.0,5,6,3,0,1,14.001572610373936,Sin_dato,0,1,0.071085875,2,1,4,riesgo_medio,0.91856444,1
4,13.36084186524022,6,53,Independiente,15.201805169084134,13.815511557963774,94733,95.227787,753.0,9,3,5,0,2,13.845404255578414,Estable,0,0,0.02368325,4,2,7,riesgo_bajo,0.9645362,1
9,14.150306676398161,10,40,Empleado,15.176487367510099,14.80876270134486,118729,95.227787,848.0,1,2,1,0,0,15.363073279446223,Creciente,0,0,0.030443333333333333,4,2,1,riesgo_bajo,0.96813005,1
4,15.309403154179284,18,31,Empleado,15.068273812173887,13.122365377402328,245808,95.227787,756.0,5,8,4,0,1,13.719579885694309,Estable,0,0,0.07023085714285714,12,4,5,riesgo_bajo,0.9513045,1
4,14.16993567293475,12,48,Independiente,15.068273812173887,14.220976332738882,111982,95.227787,820.0,6,8,0,0,3,14.001572610373936,Sin_dato,0,1,0.031994857142857144,1,1,3,riesgo_bajo,0.96061283,1
4,14.02829132057627,6,58,Empleado,15.003049360797766,14.099938090140547,186852,95.227787,819.0,6,3,3,1,0,14.448685841136838,Creciente,0,0,0.05698444647758463,9,3,4,riesgo_bajo,0.9681238,1
4,15.36901304957397,6,37,Independiente,16.811242881518265,16.52356082573315,704623,95.227787,834.0,7,4,4,0,1,13.543902601915265,Creciente,0,0,0.03523115,5,2,5,riesgo_bajo,0.96089935,1
4,16.48273883399067,12,46,Empleado,15.86963441986494,0.0,1126369,95.227787,889.0,11,6,6,0,2,15.88253165933089,Decreciente,0,0,0.14440628205128206,1,1,8,riesgo_muy_bajo,0.95683306,1
4,14.557448378884015,12,28,Independiente,15.894952224644102,14.978661680269907,165175,91.728786,707.0,5,6,2,0,1,13.396353643404217,Decreciente,0,0,0.020646875,4,2,3,riesgo_bajo,0.95815647,1
4,14.694971731594265,12,48,Independiente,14.151983508870947,13.304686600863562,189309,95.227787,763.0,14,13,4,0,10,14.001572610373936,Sin_dato,0,1,0.13522071428571428,3,1,14,riesgo_bajo,0.94114786,1
4,13.942743028969607,6,45,Empleado,14.978661680269907,13.997832948091215,168387,95.227787,717.0,13,15,6,0,3,14.45736497045232,Estable,0,0,0.0526209375,1,1,9,riesgo_bajo,0.9572107,1
4,13.901432258138376,6,42,Empleado,15.424948670398354,14.508658238524095,161558,95.227787,738.0,10,1,7,0,0,14.001572610373936,Sin_dato,0,1,0.0323116,6,2,7,riesgo_bajo,0.9637678,1
4,14.292837679853582,12,57,Empleado,14.639686439527019,12.464587201678082,131732,95.227787,803.0,2,2,0,1,1,14.657383300403547,Creciente,0,0,0.05777719298245614,9,3,2,riesgo_bajo,0.9681989,1
9,14.44273767683216,10,41,Empleado,14.648420115681892,14.220976332738882,159059,42.871538,741.0,10,12,9,0,0,14.001572610373936,Sin_dato,0,1,0.06915608695652174,4,2,9,riesgo_bajo,0.66447175,0
9,14.476883956024066,10,59,Empleado,15.068273812173887,14.220976332738882,164930,95.227787,808.0,0,1,0,0,0,14.001572610373936,Sin_dato,0,1,0.04712285714285714,5,2,0,riesgo_bajo,0.96595764,1
9,14.30291528117126,10,31,Empleado,15.201805169084134,14.731801689838349,138087,95.227787,910.0,9,0,5,0,4,14.001572610373936,Sin_dato,0,1,0.03452175,12,4,9,riesgo_muy_bajo,0.9636984,1
4,14.654782439031354,6,49,Independiente,15.894952224644102,14.731801689838349,321483,95.227787,872.0,6,3,4,0,0,14.001572610373936,Sin_dato,0,1,0.040185375,1,1,4,riesgo_muy_bajo,0.96255904,1
4,15.300745093388318,24,28,Empleado,15.150511887854474,13.815511557963774,193050,95.227787,777.0,3,5,2,1,0,14.138376359750538,Creciente,0,0,0.05080263157894737,1,1,3,riesgo_bajo,0.9608921,1
4,13.869999690217593,6,52,Independiente,16.811242881518265,13.815511557963774,157378,95.227787,777.0,8,4,4,0,1,13.755537598769623,Creciente,0,0,0.0078689,5,2,5,riesgo_bajo,0.96533436,1
4,15.187199020373106,36,48,Empleado,15.321807933208326,13.358227280903897,146432,95.227787,849.0,6,4,6,0,0,13.815511557963774,Creciente,0,0,0.03246829268292683,11,4,6,riesgo_bajo,0.96612406,1
9,14.975979963516602,10,37,Empleado,15.424948670398354,14.077875591662238,270966,50.365563,802.0,6,10,5,0,1,14.160868202173459,Decreciente,0,0,0.0541932,3,1,6,riesgo_bajo,0.7522365,0
4,14.739769856312924,8,60,Independiente,15.424948670398354,14.508658238524095,286424,95.227787,842.0,8,2,3,2,0,13.727934294183411,Creciente,0,0,0.0572848,1,1,5,riesgo_bajo,0.9635761,1
4,14.080978462692245,8,63,Empleado,15.068273812173887,13.592368256649284,148206,95.227787,863.0,3,1,1,0,0,13.752589927335745,Creciente,0,0,0.042344571428571426,4,2,1,riesgo_muy_bajo,0.96461374,1
4,15.040170245575625,36,32,Empleado,14.80876270134486,13.304686600863562,110901,95.227787,790.0,8,7,6,1,0,14.616310075951107,Decreciente,0,0,0.04107444444444444,2,1,7,riesgo_bajo,0.94951165,1
4,13.892140247913364,6,56,Empleado,14.914123179965662,13.815511557963774,149950,95.227787,840.0,5,4,4,0,0,14.001572610373936,Sin_dato,0,1,0.04998333333333333,1,1,4,riesgo_bajo,0.96802795,1
4,14.403297778421795,6,36,Empleado,14.508658238524095,13.815511557963774,267592,95.227787,785.0,7,4,5,1,0,13.951923420165054,Creciente,0,0,0.133796,5,2,6,riesgo_bajo,0.9645898,1
4,14.574333581416147,6,25,Independiente,14.914123179965662,15.76142084987672,317507,95.227787,773.0,3,2,2,0,0,13.752589927335745,Creciente,0,0,0.10583566666666666,4,2,2,riesgo_bajo,0.96268874,1
9,13.68640478638756,2,33,Independiente,15.424948670398354,14.508658238524095,346536,95.227787,735.0,9,14,1,0,4,14.001572610373936,Sin_dato,0,1,0.0693072,3,1,5,riesgo_bajo,0.93840617,1
9,14.587522984030404,9,49,Independiente,15.068273812173887,14.403297778421795,202884,95.227787,841.0,3,3,0,0,1,13.719890230069002,Creciente,0,0,0.05796685714285714,7,3,1,riesgo_bajo,0.9654309,1
4,15.160983184980543,36,38,Empleado,14.285514812209815,13.592368256649284,124138,95.227787,747.0,7,7,3,0,1,13.719579885694309,Decreciente,0,0,0.07758625,1,1,4,riesgo_bajo,0.944575,1
4,14.644935793116847,10,59,Empleado,14.346139397261565,10.727684925086583,213211,95.227787,814.0,8,2,2,0,5,13.652286674162239,Creciente,0,0,0.12541823529411764,2,1,7,riesgo_bajo,0.96429336,1
4,13.745389550371012,6,40,Independiente,15.894952224644102,15.201805169084134,138595,95.227787,884.0,4,4,3,0,0,14.690979711984754,Estable,0,0,0.017324375,5,2,3,riesgo_muy_bajo,0.9663889,1
4,13.935851209021099,8,61,Empleado,15.216693777883304,13.821493623677112,130232,95.227787,823.0,9,3,4,2,1,15.00953423343632,Creciente,0,0,0.03207684729064039,8,3,7,riesgo_bajo,0.9680972,1
4,15.190511942785863,12,38,Empleado,15.607270193858982,13.592368256649284,274658,95.227787,792.0,11,3,6,2,1,15.689681926114561,Creciente,0,0,0.045776333333333336,1,1,9,riesgo_bajo,0.96566385,1
4,15.039309812832025,12,61,Independiente,14.285514812209815,12.899222326086994,266238,95.227787,815.0,6,3,3,0,2,14.001572610373936,Sin_dato,0,1,0.16639875,7,3,5,riesgo_bajo,0.96533495,1
9,14.923445587853097,8,100,Empleado,17.493166341166564,16.702881205920505,328351,95.227787,0.0,0,0,0,0,0,14.001572610373936,Sin_dato,1,1,0.0008779438502673797,2,1,0,sin_clasificar,0.9557358,1
4,15.303458798646231,6,59,Independiente,15.424948670398354,14.731801689838349,657679,95.227787,799.0,9,7,5,0,2,13.719579885694309,Estable,0,0,0.1315358,2,1,7,riesgo_bajo,0.95538557,1
9,14.432298480280439,9,32,Empleado,14.914123179965662,14.151983508870947,173465,95.227787,779.0,7,7,5,0,0,14.84144856420294,Creciente,0,0,0.05782166666666667,4,2,5,riesgo_bajo,0.96771514,1
4,14.948601887084875,6,43,Independiente,16.118095750958314,15.424948670398354,460102,89.979287,769.0,10,5,4,0,1,14.232135166575343,Creciente,0,0,0.0460102,1,1,5,riesgo_bajo,0.96081656,1
4,14.490086862311108,6,37,Empleado,14.45736497045232,13.592368256649284,291057,95.227787,763.0,3,4,0,0,2,13.776651219507292,Creciente,0,0,0.1531878947368421,7,3,2,riesgo_bajo,0.9670382,1
4,14.276524526015944,12,33,Empleado,14.508658238524095,11.326607934898927,126491,95.227787,776.0,9,4,2,0,4,13.79237702937058,Creciente,0,0,0.0632455,10,4,6,riesgo_bajo,0.96423864,1
4,13.758941264676379,6,37,Empleado,14.508658238524095,13.592368256649284,140494,85.897119,804.0,6,7,4,0,1,14.450061526842278,Estable,0,0,0.070247,2,1,5,riesgo_bajo,0.9658441,1
4,14.799295812694838,12,42,Empleado,15.068273812173887,13.815511557963774,185733,95.227787,853.0,5,2,2,0,1,14.001572610373936,Sin_dato,0,1,0.05306657142857143,1,1,3,riesgo_muy_bajo,0.96827984,1
9,15.180473258412023,9,44,Empleado,16.39474212962209,15.843658936835498,366206,95.227787,876.0,9,3,5,1,0,16.060789216987462,Creciente,0,0,0.02777022825509972,4,2,6,riesgo_muy_bajo,0.966338,1
4,14.32064059261267,6,40,Independiente,15.607270193858982,14.731801689838349,246363,95.227787,788.0,7,4,4,0,3,14.095271087679826,Creciente,0,0,0.0410605,1,1,7,riesgo_bajo,0.96685654,1
4,13.56804997976855,18,59,Empleado,14.220976332738882,12.206077645517674,43317,95.227787,745.0,5,7,4,0,1,14.224715331465726,Creciente,0,0,0.028878,5,2,5,riesgo_bajo,0.96201617,1
4,14.163347259450243,12,55,Independiente,14.403297778421795,12.611541086966115,111155,95.227787,765.0,4,7,0,1,3,13.719579885694309,Decreciente,0,0,0.061752777777777774,12,4,4,riesgo_bajo,0.9606546,1
4,13.328774112726418,24,47,Independiente,13.997832948091215,12.948012371209098,26931,95.227787,727.0,4,4,0,0,3,14.001572610373936,Sin_dato,0,1,0.0224425,7,3,3,riesgo_bajo,0.9122535,1
4,14.285714792087505,24,42,Independiente,14.151983508870947,12.765691290604371,70335,95.227787,744.0,2,9,2,0,0,14.001572610373936,Sin_dato,0,1,0.050239285714285715,5,2,2,riesgo_bajo,0.92762023,1
4,14.009354311892286,12,41,Independiente,15.201805169084134,13.997832948091215,96818,91.728786,713.0,11,2,7,0,3,14.001572610373936,Sin_dato,0,1,0.0242045,5,2,10,riesgo_bajo,0.96160847,1
10,14.07154792669385,6,68,Empleado,14.956543882005104,14.209578295428676,195774,95.227787,808.0,8,3,4,0,3,13.864301674514206,Estable,0,0,0.06254760383386582,9,3,7,riesgo_bajo,0.9678123,1
9,13.591968177128143,11,51,Empleado,14.946912992035967,14.346139397261565,62288,95.227787,759.0,6,6,4,0,0,13.590798276836617,Decreciente,0,0,0.020092903225806452,2,1,4,riesgo_bajo,0.96660846,1
4,14.873301199334291,12,46,Independiente,16.52356082573315,15.607270193858982,225231,95.227787,811.0,6,1,4,0,2,14.001572610373936,Sin_dato,0,1,0.0150154,1,1,6,riesgo_bajo,0.96678066,1
4,14.059774299579741,6,58,Independiente,15.123843647884687,14.220976332738882,189492,95.227787,772.0,6,2,1,0,2,14.001572610373936,Sin_dato,0,1,0.051214054054054055,12,4,3,riesgo_bajo,0.9668217,1
4,14.59974127135473,18,37,Independiente,15.894952224644102,13.815511557963774,121035,95.227787,719.0,7,10,4,0,0,13.719579885694309,Estable,0,0,0.015129375,12,4,4,riesgo_bajo,0.9570152,1
4,14.865058995013959,6,36,Empleado,14.576316854287645,12.165255859329688,427779,95.227787,838.0,7,0,3,0,1,14.279594198605269,Creciente,0,0,0.19989672897196262,8,3,4,riesgo_bajo,0.96602964,1
9,14.671338589911938,9,40,Empleado,14.914123179965662,14.220976332738882,220517,95.227787,787.0,8,4,5,0,2,14.252522135606824,Creciente,0,0,0.07350566666666666,6,2,7,riesgo_bajo,0.9679031,1
9,14.93820994260123,10,20,Empleado,14.508658238524095,13.304686600863562,260239,95.227787,758.0,3,1,0,0,1,14.001572610373936,Sin_dato,0,1,0.1301195,12,4,1,riesgo_bajo,0.953765,1
9,14.487779190633002,9,53,Empleado,15.424948670398354,14.731801689838349,183098,95.227787,810.0,3,10,1,0,0,13.997832948091215,Estable,0,0,0.0366196,2,1,1,riesgo_bajo,0.94861126,1
9,14.290462051316995,10,38,Empleado,16.300417291085605,15.76142084987672,136521,95.227787,753.0,3,1,0,0,1,15.655931452916592,Creciente,0,0,0.01137675,2,1,1,riesgo_bajo,0.9602928,1
4,15.885522909223674,6,68,Empleado,14.508658238524095,13.122365377402328,1175027,95.227787,903.0,5,2,3,0,0,13.719579885694309,Estable,0,0,0.5875135,1,1,3,riesgo_muy_bajo,0.9614215,1
4,14.28041508385118,6,43,Independiente,14.508658238524095,12.899222326086994,236025,95.227787,818.0,4,3,2,0,2,14.001572610373936,Sin_dato,0,1,0.1180125,8,3,4,riesgo_bajo,0.96500576,1
4,13.851650569085855,10,58,Empleado,14.77102238760702,12.611541086966115,95840,95.227787,827.0,5,1,2,0,2,14.397693775057338,Creciente,0,0,0.03686153846153846,2,1,4,riesgo_bajo,0.9687881,1
9,14.897849484148095,9,54,Independiente,14.220976332738882,13.45883704259595,275915,95.227787,812.0,15,2,6,1,7,14.001572610373936,Sin_dato,0,1,0.18394333333333332,3,1,14,riesgo_bajo,0.96158963,1
4,15.087067522008498,12,42,Empleado,15.201805169084134,12.899222326086994,279261,95.227787,722.0,9,3,5,0,0,15.589414732612449,Creciente,0,0,0.06981525,11,4,5,riesgo_bajo,0.96697336,1
4,14.180154365996387,12,49,Independiente,13.815511557963774,13.122365377402328,112776,92.428587,793.0,6,3,4,0,1,14.001572610373936,Sin_dato,0,1,0.112776,1,1,5,riesgo_bajo,0.9674047,1
9,15.52535665146539,5,29,Empleado,15.44278858499034,13.548938754204904,907017,95.227787,814.0,7,5,5,0,1,16.060789216987462,Creciente,0,0,0.1781958742632613,10,4,6,riesgo_bajo,0.9604397,1
4,14.704340058156802,18,31,Empleado,14.603968372873895,13.017005083966255,134381,95.227787,765.0,5,3,2,0,1,14.328386877615404,Creciente,0,0,0.06108227272727273,12,4,3,riesgo_bajo,0.96630216,1
4,15.00819656536398,24,37,Empleado,15.068273812173887,14.220976332738882,146070,95.227787,843.0,6,2,3,0,1,12.228181435118152,Decreciente,0,0,0.04173428571428572,4,2,4,riesgo_bajo,0.96111745,1
4,14.665702939466186,12,55,Empleado,15.068273812173887,14.508658238524095,183237,95.227787,870.0,8,0,4,3,1,14.001572610373936,Sin_dato,0,1,0.05235342857142857,12,4,8,riesgo_muy_bajo,0.9676201,1
4,14.33430494661736,6,25,Empleado,13.926157973306085,12.793862088206213,249753,95.227787,732.0,1,5,0,0,0,14.051355503968127,Creciente,0,0,0.22359265890778873,12,4,0,riesgo_bajo,0.95662826,1
4,13.609077849498778,12,61,Empleado,14.914123179965662,13.45883704259595,63831,95.227787,869.0,8,0,6,0,0,15.081055488024179,Creciente,0,0,0.021277,12,4,6,riesgo_muy_bajo,0.9684411,1
4,13.531853706762114,6,44,Empleado,14.859314962250004,13.008076473152153,113735,95.227787,849.0,4,4,0,3,1,13.7845460682068,Creciente,0,0,0.0400475352112676,8,3,4,riesgo_bajo,0.9682911,1
4,15.221607791478354,6,58,Independiente,15.201805169084134,14.220976332738882,603919,95.227787,759.0,3,3,0,0,1,14.001572610373936,Sin_dato,0,1,0.15097975,12,4,1,riesgo_bajo,0.95829207,1
4,14.531808186980772,12,53,Independiente,14.403297778421795,13.710151153416941,161075,95.227787,820.0,5,1,1,0,0,14.001572610373936,Sin_dato,0,1,0.08948611111111111,1,1,1,riesgo_bajo,0.9636302,1
9,13.68640478638756,8,56,Independiente,15.424948670398354,14.508658238524095,91783,95.227787,803.0,4,2,1,0,2,13.830131154249322,Creciente,0,0,0.0183566,5,2,3,riesgo_bajo,0.9666363,1
9,14.369445899814291,11,100,Empleado,17.493166341166564,16.702881205920505,135383,95.227787,0.0,0,0,0,0,0,14.001572610373936,Sin_dato,1,1,0.00037923365014804297,2,1,0,sin_clasificar,0.958224,1
9,14.765112654054416,10,100,Empleado,17.493166341166564,0.0,219796,95.227787,0.0,0,0,0,0,0,14.001572610373936,Sin_dato,1,1,0.00054949,5,2,0,sin_clasificar,0.96141917,1
4,15.760849258059443,36,41,Empleado,15.009433329466965,12.206077645517674,232417,95.227787,487.0,7,5,4,0,1,14.00624248159736,Decreciente,0,0,0.07042939393939394,4,2,5,alto_riesgo,0.76202536,0
4,12.942281710183714,8,62,Independiente,14.187074804051692,10.985309671896763,48953,95.227787,791.0,1,6,0,0,1,14.001572610373936,Sin_dato,0,1,0.03376068965517241,10,4,1,riesgo_bajo,0.96233803,1
9,13.618532923638218,5,44,Independiente,15.424948670398354,14.508658238524095,133418,95.227787,758.0,7,4,0,0,4,14.001572610373936,Sin_dato,0,1,0.0266836,6,2,4,riesgo_bajo,0.96365976,1
9,15.707365436471552,9,40,Independiente,15.46416937585933,14.978661680269907,622902,95.227787,702.0,12,12,4,0,5,13.677316885211207,Decreciente,0,0,0.11978884615384615,8,3,9,riesgo_bajo,0.916241,1
9,14.053740534718278,5,47,Independiente,15.201805169084134,14.508658238524095,205511,95.227787,722.0,7,0,2,0,3,14.001572610373936,Sin_dato,0,1,0.05137775,12,4,5,riesgo_bajo,0.9612901,1
4,13.641158361294979,6,57,Empleado,15.201805169084134,14.690979711984754,124592,95.227787,778.0,3,5,2,0,0,14.001572610373936,Sin_dato,0,1,0.031148,1,1,2,riesgo_bajo,0.9623826,1
4,14.679918769259638,12,33,Empleado,14.508658238524095,13.122365377402328,185892,95.227787,763.0,4,2,0,0,0,13.765901108272095,Creciente,0,0,0.092946,1,1,0,riesgo_bajo,0.96677,1
4,13.86532971634705,12,42,Empleado,14.346139397261565,13.304686600863562,72992,95.227787,806.0,3,0,2,0,1,14.684601081019832,Creciente,0,0,0.04293647058823529,1,1,3,riesgo_bajo,0.9688372,1
9,14.075512187452654,10,34,Empleado,14.220976332738882,13.592368256649284,110694,95.227787,790.0,2,5,0,1,0,14.107703939143276,Creciente,0,0,0.073796,8,3,1,riesgo_bajo,0.96545005,1
4,14.68687078359722,6,58,Independiente,14.603968372873895,13.122365377402328,356769,95.227787,851.0,1,2,1,0,0,14.001572610373936,Sin_dato,0,1,0.16216772727272727,5,2,1,riesgo_muy_bajo,0.957055,1
4,15.209773336749183,6,30,Independiente,13.815511557963774,13.660026823347495,606891,89.2295,773.0,6,3,1,2,1,13.784707992569912,Creciente,0,0,0.606891,8,3,4,riesgo_bajo,0.9631855,1
9,15.086581872607523,9,53,Empleado,14.403297778421795,13.45883704259595,332909,95.227787,771.0,2,6,2,0,0,13.727934294183411,Creciente,0,0,0.18494944444444444,1,1,2,riesgo_bajo,0.962177,1
4,14.628758530551385,6,34,Empleado,15.090873637706453,14.572571533310914,337750,95.227787,787.0,3,8,2,0,1,13.797047153508732,Creciente,0,0,0.09434357541899441,8,3,3,riesgo_bajo,0.9670691,1
4,14.784378939089054,18,45,Empleado,14.45736497045232,13.217675375388819,145579,95.227787,821.0,2,0,0,1,0,13.926406823048673,Estable,0,0,0.07662052631578947,12,4,1,riesgo_bajo,0.96601313,1
4,13.478471560764623,6,38,Empleado,15.201805169084134,13.815511557963774,105958,95.227787,760.0,10,10,5,0,2,15.162474519915593,Creciente,0,0,0.0264895,11,4,7,riesgo_bajo,0.9665436,1
4,14.909954504485901,12,35,Independiente,15.894952224644102,14.914123179965662,235004,95.227787,740.0,8,6,6,0,2,13.43189744634821,Decreciente,0,0,0.0293755,3,1,8,riesgo_bajo,0.95669425,1
4,15.176487367510099,12,38,Independiente,15.943742382861155,14.914123179965662,306782,95.227787,793.0,8,5,4,0,0,14.125914521922827,Decreciente,0,0,0.03652166666666667,3,1,4,riesgo_bajo,0.95598906,0
9,13.857310442194494,10,35,Empleado,15.348067642045114,14.055315336953344,90396,95.227787,793.0,5,10,4,0,1,14.001572610373936,Sin_dato,0,1,0.019523974082073434,10,4,5,riesgo_bajo,0.9656591,1
4,14.07233721042892,6,39,Empleado,16.648723960844016,15.607270193858982,192194,95.227787,752.0,6,7,2,0,0,16.060789216987462,Creciente,0,0,0.011305529411764706,5,2,2,riesgo_bajo,0.96405226,1
4,13.852460425467388,12,62,Empleado,14.346139397261565,12.899222326086994,82269,95.227787,798.0,3,3,1,0,2,14.071163892894155,Creciente,0,0,0.0483935294117647,6,2,3,riesgo_bajo,0.9680273,1
4,16.107317878870052,6,34,Independiente,15.575091300945118,15.19854987717861,1494184,95.227787,717.0,7,7,2,1,1,13.79237702937058,Creciente,0,0,0.2571745266781411,9,3,4,riesgo_bajo,0.9365954,1
4,15.394052260225404,12,34,Empleado,16.380459992348886,14.508658238524095,336658,95.227787,837.0,8,3,6,0,0,15.927853125961182,Estable,0,0,0.02589676923076923,12,4,6,riesgo_bajo,0.9655467,1
4,14.917637795289536,24,51,Empleado,15.123843647884687,14.508658238524095,132316,95.227787,772.0,7,15,3,0,1,14.346139397261565,Creciente,0,0,0.03576108108108108,4,2,4,riesgo_bajo,0.9594454,1
4,14.620327638092268,6,51,Empleado,15.123843647884687,13.592368256649284,336185,95.227787,795.0,10,5,8,0,1,14.001572610373936,Sin_dato,0,1,0.09086081081081081,6,2,9,riesgo_bajo,0.9623268,1
4,13.997832948091215,8,31,Empleado,14.731801689838349,14.403297778421795,136105,95.227787,813.0,2,5,1,0,0,14.492186326564017,Creciente,0,0,0.054442,12,4,1,riesgo_bajo,0.963209,1
4,13.78698864796412,6,24,Empleado,15.027451829558391,13.82347971967645,146286,95.227787,769.0,5,11,2,0,1,14.001572610373936,Sin_dato,0,1,0.0435375,8,3,3,riesgo_bajo,0.95439,1
4,14.25537850985801,6,34,Independiente,14.903736090559581,16.11268111879975,236859,95.227787,801.0,4,1,2,0,1,14.001572610373936,Sin_dato,0,1,0.07977736611653756,12,4,3,riesgo_bajo,0.96689665,1
9,14.516007760810469,11,38,Empleado,14.513645777547573,13.390864159490155,159178,95.227787,801.0,1,2,1,0,0,15.481868733660503,Creciente,0,0,0.07919303482587065,9,3,1,riesgo_bajo,0.9660907,1
4,14.511344625608011,8,38,Empleado,14.285514812209815,12.899222326086994,227252,95.227787,741.0,7,7,2,0,1,13.719579885694309,Estable,0,0,0.1420325,1,1,3,riesgo_bajo,0.96118474,1
4,14.074793927498998,6,45,Empleado,14.508658238524095,12.899222326086994,192491,95.227787,705.0,5,6,3,0,0,14.636348419854345,Creciente,0,0,0.0962455,2,1,3,riesgo_bajo,0.96405137,1
4,14.025788501130869,6,39,Empleado,14.731801689838349,13.45883704259595,183286,95.227787,798.0,7,1,1,0,3,14.339751394031923,Creciente,0,0,0.0733144,4,2,4,riesgo_bajo,0.9685722,1
4,14.574334143276609,12,35,Empleado,14.77102238760702,13.304686600863562,148317,95.227787,880.0,4,0,2,0,0,14.721634987665134,Decreciente,0,0,0.057045,12,4,2,riesgo_muy_bajo,0.9689191,1
4,15.291899567071454,24,35,Empleado,15.123843647884687,13.122365377402328,192416,95.227787,784.0,8,4,6,0,0,15.18210183183371,Decreciente,0,0,0.05200432432432432,5,2,6,riesgo_bajo,0.9552945,1
4,14.557602081283711,8,42,Empleado,14.59023818634603,13.31957518872681,243585,95.227787,706.0,5,8,0,0,5,14.001572610373936,Sin_dato,0,1,0.11225115207373272,8,3,5,riesgo_bajo,0.95736957,0
4,12.793862088206213,6,63,Empleado,15.252973443188226,14.079412869799512,54651,95.227787,846.0,7,4,4,0,2,13.79237702937058,Creciente,0,0,0.0129812351543943,9,3,6,riesgo_bajo,0.96722955,1
4,15.004914043316857,12,39,Empleado,15.76142084987672,14.508658238524095,228133,95.227787,815.0,6,4,4,0,2,15.80159783079825,Creciente,0,0,0.03259042857142857,1,1,6,riesgo_bajo,0.96002936,1
9,15.815809022598229,3,20,Independiente,14.978661680269907,11.599112335481124,1995759,95.227787,713.0,2,5,1,0,0,13.672411252783956,Creciente,0,0,0.6236746875,10,4,1,riesgo_bajo,0.8944125,1
9,15.177150839501387,9,36,Independiente,14.914123179965662,13.815511557963774,365341,95.227787,806.0,8,5,5,0,1,13.910821646859095,Estable,0,0,0.12178033333333334,4,2,6,riesgo_bajo,0.9622669,1
4,14.909970972853781,6,41,Empleado,16.118095750958314,15.424948670398354,444315,95.227787,763.0,21,6,17,0,2,13.764328836299624,Creciente,0,0,0.0444315,6,2,19,riesgo_bajo,0.96171993,1
4,13.240572633327059,6,69,Empleado,14.914123179965662,13.815511557963774,83525,95.227787,836.0,8,4,7,0,1,15.064293617116755,Creciente,0,0,0.027841666666666667,2,1,8,riesgo_bajo,0.96726245,1
4,15.38412668421143,10,33,Empleado,14.220976332738882,13.592368256649284,452517,95.227787,812.0,2,2,0,1,1,14.058793934618974,Estable,0,0,0.301678,5,2,2,riesgo_bajo,0.96296483,1
9,13.68640478638756,8,30,Independiente,15.424948670398354,14.508658238524095,91625,47.613894,745.0,6,7,3,0,1,13.563575222674787,Decreciente,0,0,0.018325,4,2,4,riesgo_bajo,0.72442734,0
9,13.749884512352942,9,43,Empleado,15.424948670398354,14.914123179965662,88653,95.227787,767.0,11,5,7,1,0,15.271330748523793,Creciente,0,0,0.0177306,7,3,8,riesgo_bajo,0.96725756,1
4,14.238423234812213,12,30,Empleado,14.508658238524095,13.997832948091215,119921,95.227787,733.0,3,2,2,0,0,12.462527174165356,Decreciente,0,0,0.0599605,1,1,2,riesgo_bajo,0.9632046,1
4,15.055205944882164,6,43,Empleado,14.508658238524095,13.122365377402328,479800,95.227787,783.0,9,4,2,0,3,13.760844212810678,Estable,0,0,0.2399,1,1,5,riesgo_bajo,0.9644976,1
4,14.472977398846231,6,57,Empleado,16.012735246411598,14.914123179965662,287616,95.227787,791.0,3,9,2,0,0,13.592368256649284,Creciente,0,0,0.03195733333333333,5,2,2,riesgo_bajo,0.95655143,1
9,14.683521471420448,10,54,Empleado,14.187074804051692,13.017005083966255,202575,95.227787,813.0,4,2,2,0,1,13.719579885694309,Creciente,0,0,0.13970689655172414,5,2,3,riesgo_bajo,0.96856445,1
4,14.408143350288274,12,34,Empleado,14.403297778421795,13.122365377402328,142983,95.227787,819.0,5,4,2,1,1,13.409933443583641,Decreciente,0,0,0.079435,3,1,4,riesgo_bajo,0.9670687,1
4,13.78698864796412,6,31,Independiente,13.997832948091215,11.918397239722838,134983,95.227787,755.0,2,2,1,0,0,13.695277774123573,Creciente,0,0,0.11248583333333333,1,1,1,riesgo_bajo,0.9533399,0
4,14.900794754226878,12,35,Empleado,15.150511887854474,13.997832948091215,205575,95.227787,736.0,7,11,3,0,0,13.736445705367919,Decreciente,0,0,0.05409868421052631,1,1,3,riesgo_bajo,0.9576491,0
4,13.836313665005802,6,47,Independiente,14.508658238524095,13.815511557963774,151787,95.227787,741.0,4,8,0,1,0,14.001572610373936,Sin_dato,0,1,0.0758935,4,2,1,riesgo_bajo,0.9594261,1
4,13.810715278969614,6,29,Empleado,14.914123179965662,13.815511557963774,147760,95.227787,770.0,6,7,3,1,1,13.660280295597438,Estable,0,0,0.049253333333333336,1,1,5,riesgo_bajo,0.95600617,1
4,13.143827760474164,6,35,Independiente,14.131051687938788,0.0,77809,95.227787,758.0,3,1,0,0,1,14.001572610373936,Sin_dato,0,1,0.05675346462436178,11,4,1,riesgo_bajo,0.963153,1
4,14.383639831689605,8,50,Empleado,14.093143052138025,12.765691290604371,200591,40.764359,802.0,5,3,3,0,1,13.872769522304408,Creciente,0,0,0.15196287878787879,4,2,4,riesgo_bajo,0.7560825,0
9,13.869230076687762,9,49,Independiente,14.914123179965662,14.220976332738882,98687,95.227787,875.0,2,2,1,0,1,13.686149884358457,Decreciente,0,0,0.03289566666666666,3,1,2,riesgo_muy_bajo,0.964924,1
9,14.967332879569058,10,53,Empleado,14.690979711984754,14.45736497045232,269338,95.227787,792.0,0,0,0,0,0,14.001572610373936,Sin_dato,0,1,0.11222416666666667,6,2,0,riesgo_bajo,0.96363896,1
4,15.096444681204078,12,46,Empleado,16.118095750958314,15.068273812173887,250000,95.227787,761.0,5,6,2,0,0,14.029752204634436,Decreciente,0,0,0.025,1,1,2,riesgo_bajo,0.9557334,1
4,15.266636819056956,36,40,Empleado,15.319588176962746,13.652992804936396,139088,95.227787,809.0,8,11,4,0,2,14.00185069610001,Creciente,0,0,0.030908444444444443,4,2,6,riesgo_bajo,0.96520907,1
4,14.323244005878374,6,42,Empleado,14.403297778421795,13.592368256649284,246353,95.227787,812.0,5,6,1,0,3,14.252240455655405,Creciente,0,0,0.13686277777777778,1,1,4,riesgo_bajo,0.96538645,1
9,14.036088741534678,10,23,Empleado,14.648420115681892,13.815511557963774,105858,88.229786,743.0,0,5,0,0,0,14.39580757870563,Creciente,0,0,0.04602521739130435,2,1,0,riesgo_bajo,0.9502465,1
4,14.687874898326958,18,28,Empleado,14.508658238524095,13.579789490265188,132186,95.227787,843.0,1,1,1,0,0,14.59861360956662,Creciente,0,0,0.066093,2,1,1,riesgo_bajo,0.96622545,1
10,15.943742382861155,36,39,Empleado,13.997832948091215,12.206077645517674,271600,95.227787,750.0,7,4,2,0,3,13.719579885694309,Estable,0,0,0.22633333333333333,12,4,5,riesgo_bajo,0.94195855,1
4,13.811503540582295,6,48,Empleado,14.508658238524095,12.765691290604371,148669,85.897119,821.0,2,4,1,0,0,14.001572610373936,Sin_dato,0,1,0.0743345,4,2,1,riesgo_bajo,0.9660618,1
4,14.731978634112004,12,26,Independiente,14.508658238524095,13.304686600863562,173642,95.227787,825.0,3,2,2,0,0,13.997832948091215,Estable,0,0,0.086821,1,1,2,riesgo_bajo,0.96296835,1
4,13.908214617512625,6,66,Empleado,14.151983508870947,12.899222326086994,163214,89.979287,787.0,2,2,2,0,0,13.737719812718867,Creciente,0,0,0.11658142857142857,1,1,2,riesgo_bajo,0.96762633,1
4,15.212834123189777,36,27,Empleado,14.914123179965662,12.611541086966115,130483,95.227787,755.0,5,12,5,0,0,14.487117913172888,Creciente,0,0,0.043494333333333336,12,4,5,riesgo_bajo,0.92746913,1
4,15.191754835755884,12,43,Empleado,15.852436092970136,14.74570458948466,331129,95.227787,823.0,3,4,2,0,1,15.151181400346818,Creciente,0,0,0.04318886135385418,12,4,3,riesgo_bajo,0.9626837,1
4,15.354569138218835,24,33,Empleado,14.557448378884015,13.592368256649284,203006,95.227787,714.0,6,4,3,0,2,14.533187898895553,Creciente,0,0,0.09666952380952382,1,1,5,riesgo_bajo,0.9553248,1
9,14.038332617605574,10,44,Empleado,15.201805169084134,14.508658238524095,106654,95.227787,862.0,8,0,5,1,1,15.32337543982174,Creciente,0,0,0.0266635,7,3,7,riesgo_muy_bajo,0.9689534,1
4,15.002390406516025,8,69,Independiente,15.424948670398354,13.815511557963774,371986,86.830187,898.0,3,3,3,0,0,14.001572610373936,Sin_dato,0,1,0.0743972,4,2,3,riesgo_muy_bajo,0.95692146,1
4,14.495147383297416,18,54,Empleado,14.45736497045232,12.429220196836383,110645,95.227787,818.0,3,4,3,0,0,13.038983942375959,Decreciente,0,0,0.05823421052631579,4,2,3,riesgo_bajo,0.9654447,1
4,13.613493512134632,12,37,Empleado,15.150511887854474,13.815511557963774,56742,86.830187,787.0,9,8,5,0,1,14.001572610373936,Sin_dato,0,1,0.014932105263157894,1,1,6,riesgo_bajo,0.9658856,1
4,13.965361435447974,10,33,Empleado,14.603968372873895,13.304686600863562,107647,95.227787,718.0,10,6,3,0,5,14.001572610373936,Sin_dato,0,1,0.04893045454545455,5,2,8,riesgo_bajo,0.95709723,1
9,13.619239923575398,9,47,Independiente,15.424948670398354,14.731801689838349,76932,95.227787,810.0,1,2,0,0,0,14.001572610373936,Sin_dato,0,1,0.0153864,5,2,0,riesgo_bajo,0.9668998,1
4,14.961006750597342,8,33,Independiente,14.220976332738882,14.914123179965662,363526,95.227787,762.0,4,7,2,2,0,13.773042417622467,Creciente,0,0,0.24235066666666666,7,3,4,riesgo_bajo,0.9634582,1
4,14.933925800725897,6,59,Empleado,15.0112498598434,13.30967413408274,470370,95.227787,855.0,4,2,1,0,3,15.26964392512435,Creciente,0,0,0.1422776769509982,12,4,4,riesgo_muy_bajo,0.96822417,1
9,15.26727542766149,9,100,Empleado,17.493166341166564,16.702881205920505,400179,95.227787,0.0,0,0,0,0,0,14.001572610373936,Sin_dato,1,1,0.0002280982341716655,5,2,0,sin_clasificar,0.96181345,1
4,13.8924725250259,6,53,Empleado,13.815511557963774,13.340696979437066,162348,95.227787,813.0,5,7,2,0,1,13.773042417622467,Creciente,0,0,0.162348,7,3,3,riesgo_bajo,0.96342975,1
4,13.418372186164959,6,37,Empleado,13.997832948091215,12.611541086966115,99709,95.227787,798.0,0,2,0,0,0,14.001572610373936,Sin_dato,0,1,0.08309083333333334,1,1,0,riesgo_bajo,0.96426564,1
4,14.360494680392241,24,35,Empleado,14.403297778421795,13.384729180332174,75126,95.227787,788.0,4,2,2,0,1,14.001572610373936,Sin_dato,0,1,0.041736666666666665,8,3,3,riesgo_bajo,0.95961314,1
4,14.690979711984754,6,56,Independiente,16.213405921671733,15.068273812173887,356811,95.227787,760.0,4,7,0,0,1,13.746945809105465,Creciente,0,0,0.03243736363636364,4,2,1,riesgo_bajo,0.9595541,1
9,14.983199119085823,11,41,Independiente,14.914123179965662,13.815511557963774,248676,25.419455,821.0,5,1,2,1,1,14.001572610373936,Sin_dato,0,1,0.082892,12,4,4,riesgo_bajo,0.77305466,0
4,13.86658477835687,8,67,Empleado,15.607270193858982,13.815511557963774,119468,95.227787,826.0,4,2,1,0,3,15.657246947205852,Creciente,0,0,0.019911333333333333,3,1,4,riesgo_bajo,0.96708995,1
4,14.373525636876881,12,40,Empleado,14.220976332738882,12.899222326086994,137268,89.2295,720.0,10,6,4,0,1,13.736220566928477,Creciente,0,0,0.091512,2,1,5,riesgo_bajo,0.96456337,1
4,14.830698120821785,10,54,Independiente,15.068273812173887,12.429220196836383,255772,95.227787,859.0,6,1,4,0,1,14.001572610373936,Sin_dato,0,1,0.07307771428571429,1,1,5,riesgo_muy_bajo,0.9681133,1
4,13.661926884025458,6,64,Empleado,13.815511557963774,12.688501881189456,127584,95.227787,868.0,6,0,4,0,1,13.719579885694309,Estable,0,0,0.127584,1,1,5,riesgo_muy_bajo,0.96314967,1
4,13.765650131268174,10,27,Empleado,14.731801689838349,13.304686600863562,88035,95.227787,741.0,11,6,6,1,2,14.16522896118469,Decreciente,0,0,0.035214,2,1,9,riesgo_bajo,0.96024907,1
4,15.094676452633038,6,31,Empleado,15.068273812173887,13.384729180332174,534239,95.227787,784.0,2,3,0,0,0,14.122995993006082,Estable,0,0,0.1526397142857143,3,1,0,riesgo_bajo,0.95830566,1
4,16.181633765606147,6,61,Independiente,15.894952224644102,15.068273812173887,1583786,95.227787,860.0,6,5,4,0,1,13.832040187784283,Creciente,0,0,0.19797325,3,1,5,riesgo_muy_bajo,0.96101516,1
9,14.910844612422908,10,32,Empleado,15.479436845076366,15.1243840422398,263698,88.229786,773.0,12,8,10,0,0,15.521421428459417,Creciente,0,0,0.04994280303030303,11,4,10,riesgo_bajo,0.9634011,1
4,14.198157978045327,6,46,Empleado,14.285514812209815,0.0,217616,95.227787,764.0,7,4,5,0,0,13.719579885694309,Estable,0,0,0.13601,11,4,5,riesgo_bajo,0.9646072,1
9,14.740756511873624,9,43,Empleado,14.914123179965662,13.997832948091215,236481,95.227787,822.0,9,2,8,0,0,15.116828016601628,Decreciente,0,0,0.078827,7,3,8,riesgo_bajo,0.9665836,1
4,14.09305213898351,12,24,Empleado,14.403297778421795,12.611541086966115,103623,95.227787,736.0,2,5,0,0,1,13.618239410817457,Creciente,0,0,0.05756833333333333,12,4,1,riesgo_bajo,0.95778996,1
9,15.494266563661657,9,32,Empleado,15.894952224644102,14.731801689838349,500473,95.227787,802.0,4,1,1,0,2,14.001572610373936,Sin_dato,0,1,0.062559125,12,4,3,riesgo_bajo,0.9488781,1
4,15.096444681204078,36,35,Empleado,14.55267510240978,13.83531416565213,129370,95.227787,720.0,10,16,6,1,2,14.566565260601406,Creciente,0,0,0.061899521531100475,9,3,9,riesgo_bajo,0.957169,1
9,13.93855634325073,9,31,Empleado,14.508658238524095,14.220976332738882,105974,95.227787,795.0,0,2,0,0,0,14.830950273814775,Estable,0,0,0.052987,6,2,0,riesgo_bajo,0.9650745,1
4,14.563146397293025,10,37,Independiente,15.424948670398354,14.220976332738882,194911,91.99794,762.0,4,4,2,0,1,13.716500943682721,Creciente,0,0,0.0389822,12,4,3,riesgo_bajo,0.94591606,1
4,14.430782571702489,6,57,Empleado,14.914123179965662,13.45883704259595,274799,95.227787,854.0,3,6,3,0,0,14.001572610373936,Sin_dato,0,1,0.09159966666666666,2,1,3,riesgo_muy_bajo,0.9658752,1
9,14.702999676856729,9,41,Independiente,15.894952224644102,14.914123179965662,226524,95.227787,844.0,4,3,3,1,0,13.815511557963774,Estable,0,0,0.0283155,11,4,4,riesgo_bajo,0.9676157,1
9,13.661158424513264,9,39,Empleado,14.252119619065422,0.0,80494,95.227787,773.0,3,4,2,0,0,14.151268968443645,Creciente,0,0,0.05201718956993764,8,3,2,riesgo_bajo,0.9655875,1
9,13.499639414094565,5,50,Empleado,15.07397183166515,10.968215530759236,119117,95.227787,904.0,3,0,2,0,0,14.901192272596228,Creciente,0,0,0.03384005681818182,9,3,2,riesgo_muy_bajo,0.9679069,1
9,14.440502980008166,10,46,Empleado,14.508658238524095,14.220976332738882,158704,95.227787,877.0,5,0,3,0,0,14.37904608225737,Creciente,0,0,0.079352,4,2,3,riesgo_muy_bajo,0.9687367,1
4,14.926999913514614,10,54,Independiente,15.068273812173887,13.122365377402328,281186,91.99794,833.0,4,3,1,1,1,14.001572610373936,Sin_dato,0,1,0.08033885714285714,4,2,3,riesgo_bajo,0.96370214,1
9,14.940989809057063,3,41,Empleado,14.603058868904654,13.032440858057756,827725,95.227787,744.0,6,2,2,0,4,13.800148158251082,Creciente,0,0,0.37658098271155593,11,4,6,riesgo_bajo,0.9642147,1
4,14.514779462477767,12,27,Empleado,14.578650576544613,12.611541086966115,158080,95.227787,755.0,6,3,1,1,0,14.310466522167168,Creciente,0,0,0.07369696969696969,1,1,2,riesgo_bajo,0.9677939,1
9,13.791432391563173,9,25,Empleado,14.508658238524095,12.36308066783498,92351,95.227787,756.0,4,10,4,0,0,13.794974121495988,Creciente,0,0,0.0461755,8,3,4,riesgo_bajo,0.96410775,1
4,14.03963970342097,12,38,Empleado,15.635209557956111,11.082157933374816,102895,95.227787,821.0,8,5,5,0,0,14.473012944145584,Decreciente,0,0,0.016676661264181523,10,4,5,riesgo_bajo,0.9677338,1
9,14.948343709545028,10,44,Independiente,15.201805169084134,13.997832948091215,263304,95.227787,801.0,4,1,1,1,0,13.838651723780805,Creciente,0,0,0.065826,12,4,2,riesgo_bajo,0.96368885,1
4,13.441304262571332,6,35,Independiente,15.76142084987672,14.403297778421795,102255,89.979287,775.0,6,3,1,0,3,14.001572610373936,Sin_dato,0,1,0.014607857142857143,4,2,4,riesgo_bajo,0.96674,1
4,14.528931333329162,6,36,Independiente,14.403297778421795,13.997832948091215,304149,4.018321,805.0,0,6,0,0,0,13.543902601915265,Creciente,0,0,0.16897166666666666,3,1,0,riesgo_bajo,0.72763103,0
4,14.197339178918545,6,47,Independiente,14.919442339674916,13.049794835104816,223503,95.227787,837.0,4,4,3,0,0,13.766721493794238,Creciente,0,0,0.07410576923076923,11,4,3,riesgo_bajo,0.9677567,1
4,13.965361435447974,6,35,Independiente,14.508658238524095,12.206077645517674,172530,95.227787,816.0,6,2,3,0,0,13.29552982040953,Creciente,0,0,0.086265,4,2,3,riesgo_bajo,0.9646923,1
4,14.849264629953193,36,43,Empleado,15.687312888712007,15.319588176962746,91602,95.227787,755.0,8,2,7,0,1,15.527692225322228,Creciente,0,0,0.014092615384615384,1,1,8,riesgo_bajo,0.9669931,1
9,14.146147660397812,2,43,Empleado,13.815511557963774,13.304686600863562,549603,95.227787,688.0,4,7,2,0,2,14.001572610373936,Sin_dato,0,1,0.549603,7,3,4,riesgo_medio,0.96082926,1
9,14.948006587038334,5,47,Independiente,15.201805169084134,14.508658238524095,503464,95.227787,803.0,12,4,9,0,1,14.27981673752378,Creciente,0,0,0.125866,3,1,10,riesgo_bajo,0.95842266,1
4,13.081543466215237,6,32,Empleado,14.508658238524095,11.918397239722838,71196,95.227787,747.0,9,9,3,0,1,14.471395546216291,Decreciente,0,0,0.035598,1,1,4,riesgo_bajo,0.95488584,1
4,14.354107562242211,10,64,Empleado,14.731801689838349,13.304686600863562,158570,95.227787,793.0,9,1,5,1,2,14.231275770731115,Creciente,0,0,0.063428,3,1,8,riesgo_bajo,0.9686955,1
4,13.261361549920663,6,55,Independiente,15.000300848683787,13.719000758904409,86346,95.227787,753.0,9,5,4,0,3,14.001572610373936,Sin_dato,0,1,0.026405504587155963,9,3,7,riesgo_bajo,0.96356696,1
9,15.732898797019432,10,52,Independiente,13.768695641707609,15.406988348645877,585219,95.227787,812.0,12,8,7,0,1,13.781681762262503,Creciente,0,0,0.6441411693226171,8,3,8,riesgo_bajo,0.9643068,1
4,14.791594394275384,8,65,Independiente,15.137266664613225,11.719947764402807,306451,95.227787,902.0,5,3,1,0,2,14.001572610373936,Sin_dato,0,1,0.08172026666666667,8,3,3,riesgo_muy_bajo,0.9655722,1
4,15.42094064980403,8,23,Empleado,15.656060350091908,13.815511557963774,564077,95.227787,770.0,10,8,3,3,1,15.36939009346345,Creciente,0,0,0.08953603174603175,12,4,7,riesgo_bajo,0.96021366,1
4,15.116083891054311,6,36,Empleado,14.503645699213111,11.407576060361786,551774,95.227787,796.0,1,6,0,0,0,12.812212085457514,Estable,0,0,0.27727336683417086,9,3,0,riesgo_bajo,0.9552647,1
4,14.807384864184113,12,26,Empleado,14.508658238524095,13.592368256649284,187242,95.227787,754.0,3,6,1,1,0,14.216466180274557,Creciente,0,0,0.093621,1,1,2,riesgo_bajo,0.9662017,1
4,13.903522351037484,8,33,Independiente,14.914123179965662,13.997832948091215,124107,44.963158,696.0,1,9,1,0,0,14.001572610373936,Sin_dato,0,1,0.041369,3,1,1,riesgo_medio,0.705743,0
4,14.579601173092184,6,32,Empleado,15.319588176962746,14.508658238524095,319329,95.227787,828.0,9,6,7,1,0,13.760675208425667,Creciente,0,0,0.070962,5,2,8,riesgo_bajo,0.9615477,1
4,13.811383051517035,8,45,Empleado,14.220976332738882,13.122365377402328,113183,95.227787,837.0,12,8,7,0,2,13.629367709325685,Creciente,0,0,0.07545533333333333,4,2,9,riesgo_bajo,0.9652804,1
4,15.31173179801769,6,61,Independiente,16.52356082573315,15.830413711839864,661545,95.227787,855.0,5,3,3,0,2,14.375126917328105,Estable,0,0,0.044103,1,1,5,riesgo_muy_bajo,0.96127164,1
4,14.034186062406736,6,35,Empleado,14.648420115681892,13.122365377402328,185010,95.227787,758.0,4,3,0,1,2,14.898086956266987,Creciente,0,0,0.08043913043478261,2,1,3,riesgo_bajo,0.9670907,1
4,15.361727693987064,12,40,Independiente,14.914123179965662,13.122365377402328,368297,95.227787,841.0,3,3,2,0,0,13.737719812718867,Creciente,0,0,0.12276566666666666,2,1,2,riesgo_bajo,0.9662252,1
9,15.028289335645734,9,41,Empleado,15.311911902420949,15.009433329466965,314058,95.227787,881.0,7,2,5,0,0,15.311911902420949,Estable,0,0,0.07032846059052904,1,1,5,riesgo_muy_bajo,0.9677654,1
4,14.180154365996387,12,35,Empleado,14.648420115681892,12.429220196836383,114851,95.227787,736.0,4,3,0,1,0,14.291413004925024,Creciente,0,0,0.04993521739130435,5,2,1,riesgo_bajo,0.9666158,1
4,14.249296291085596,10,26,Empleado,14.731801689838349,13.592368256649284,142706,95.227787,766.0,6,2,2,0,2,14.001572610373936,Sin_dato,0,1,0.0570824,12,4,4,riesgo_bajo,0.9654589,1
4,14.210803976054471,12,33,Empleado,14.731801689838349,11.918397239722838,116363,95.227787,737.0,6,2,3,0,0,14.001572610373936,Sin_dato,0,1,0.0465452,12,4,3,riesgo_bajo,0.9621029,1
4,14.163347259450243,12,39,Empleado,14.452087916136215,0.0,110739,91.728786,735.0,10,4,6,0,1,14.001572610373936,Sin_dato,0,1,0.058592063492063494,12,4,7,riesgo_bajo,0.95960987,1
4,14.132277194010634,12,23,Empleado,14.077875591662238,13.270785106659046,108022,95.227787,760.0,7,2,2,0,5,13.505357902385125,Estable,0,0,0.08309384615384616,4,2,7,riesgo_bajo,0.9641891,1
4,13.225643530608007,6,46,Empleado,15.319588176962746,13.304686600863562,82312,95.227787,796.0,13,2,9,0,1,14.001572610373936,Sin_dato,0,1,0.018291555555555554,12,4,10,riesgo_bajo,0.9668424,1
4,15.248564690066356,6,54,Independiente,14.731801689838349,13.710151153416941,621697,95.227787,779.0,2,0,1,0,0,13.807337247275113,Creciente,0,0,0.2486788,1,1,1,riesgo_bajo,0.9606921,1
4,14.932454130595731,6,54,Empleado,15.201805169084134,14.220976332738882,453515,95.227787,815.0,4,7,1,0,2,14.411615860195127,Estable,0,0,0.11337875,1,1,3,riesgo_bajo,0.96176416,1
4,15.096444681204078,6,50,Empleado,15.580241526037272,14.594835893480763,548330,95.227787,831.0,5,4,2,1,0,13.807859362073607,Creciente,0,0,0.09389212328767123,11,4,3,riesgo_bajo,0.9638884,1
4,15.05891622601489,12,33,Empleado,14.279245203127035,14.279245203127035,240792,95.227787,797.0,5,2,3,0,1,14.333098267209387,Decreciente,0,0,0.15144150943396226,1,1,4,riesgo_bajo,0.9670921,1
4,14.115438097704669,6,51,Empleado,14.603968372873895,13.997832948091215,200476,95.227787,797.0,6,2,2,1,3,14.458355005999813,Creciente,0,0,0.09112545454545455,2,1,6,riesgo_bajo,0.96786803,1
4,13.982719322971512,6,29,Empleado,14.782494784382012,14.185694542535295,177021,95.227787,772.0,5,10,3,0,1,14.001572610373936,Sin_dato,0,1,0.06730836501901141,7,3,4,riesgo_bajo,0.96250576,1
4,15.64362294625479,10,50,Independiente,14.914123179965662,0.0,577240,95.227787,794.0,5,5,1,0,3,14.001572610373936,Sin_dato,0,1,0.19241333333333333,2,1,4,riesgo_bajo,0.9565257,1
9,14.943330066040328,5,59,Empleado,14.59023818634603,0.0,504616,95.227787,859.0,1,1,0,0,1,14.001572610373936,Sin_dato,0,1,0.23254193548387098,8,3,1,riesgo_muy_bajo,0.9556432,1
9,14.784541964265951,10,34,Empleado,15.608602638870835,14.940765102148697,236256,95.227787,856.0,9,5,7,0,0,14.001572610373936,Sin_dato,0,1,0.039323568575233024,3,1,7,riesgo_muy_bajo,0.96306586,1
9,13.549791652976973,10,37,Independiente,16.118095750958314,14.508658238524095,65297,95.227787,840.0,4,7,2,0,0,14.15301297804995,Creciente,0,0,0.0065297,6,2,2,riesgo_bajo,0.96267915,1
4,14.705029543346335,6,38,Empleado,14.508658238524095,13.304686600863562,360882,95.227787,775.0,9,6,3,1,0,14.539080730353149,Decreciente,0,0,0.180441,8,3,4,riesgo_bajo,0.9655875,1
4,14.397883819022194,12,27,Independiente,14.914123179965662,13.122365377402328,140468,95.227787,722.0,5,9,1,0,0,13.861800456215102,Creciente,0,0,0.046822666666666665,12,4,1,riesgo_bajo,0.9541416,1
9,13.896341693208631,8,28,Independiente,14.914123179965662,13.815511557963774,112736,86.830187,665.0,2,1,1,0,0,14.001572610373936,Sin_dato,0,1,0.03757866666666667,12,4,1,riesgo_medio,0.9536404,1
4,15.985706577067818,36,23,Independiente,14.715265727867624,13.056225711649638,333238,95.227787,734.0,6,3,3,2,0,14.039473773262161,Decreciente,0,0,0.13551769011793413,12,4,5,riesgo_bajo,0.96145,1
4,13.362766717897337,6,34,Independiente,15.424948670398354,13.815511557963774,94381,95.227787,768.0,5,4,5,0,0,14.329432981691623,Creciente,0,0,0.0188762,12,4,5,riesgo_bajo,0.9668154,1
4,14.722321377121297,6,49,Independiente,15.424948670398354,11.695255355062795,369064,95.227787,757.0,13,5,6,0,1,13.755537598769623,Creciente,0,0,0.0738128,5,2,7,riesgo_bajo,0.962373,1
9,14.775572633150485,11,30,Empleado,14.272936037914342,14.285514812209815,210821,95.227787,618.0,7,2,1,1,4,13.906555290030543,Creciente,0,0,0.13343101265822785,11,4,6,riesgo_medio,0.9612517,1
4,15.344462881334017,18,31,Empleado,15.319588176962746,13.815511557963774,254882,95.227787,766.0,11,13,1,0,7,14.001572610373936,Sin_dato,0,1,0.056640444444444445,11,4,8,riesgo_bajo,0.9454013,1
4,14.690979711984754,24,52,Independiente,15.201805169084134,13.815511557963774,105401,95.227787,757.0,6,5,5,0,0,14.001572610373936,Sin_dato,0,1,0.02635025,3,1,5,riesgo_bajo,0.96615535,1
4,14.92999652387261,6,51,Independiente,15.607270193858982,15.201805169084134,453123,90.562453,792.0,5,4,0,0,0,10.387373130123768,Creciente,0,0,0.0755205,3,1,0,riesgo_bajo,0.94253135,1
9,15.458478290323702,9,45,Empleado,14.508658238524095,13.815511557963774,484730,95.227787,713.0,2,1,0,0,1,13.768695641707609,Creciente,0,0,0.242365,7,3,1,riesgo_bajo,0.95976007,1
9,13.949719895732047,8,54,Empleado,15.424948670398354,14.508658238524095,119174,53.340597,770.0,5,4,4,0,1,14.001572610373936,Sin_dato,0,1,0.0238348,2,1,5,riesgo_bajo,0.7599481,0
4,14.724897916292619,6,29,Empleado,14.056689686064018,12.491255347155265,374996,95.227787,781.0,11,3,9,0,1,13.98221242676056,Creciente,0,0,0.2946349159456546,8,3,10,riesgo_bajo,0.96090794,1
4,14.260197020251155,12,45,Empleado,15.424948670398354,13.304686600863562,123319,95.227787,804.0,14,5,10,1,1,14.527653667978152,Creciente,0,0,0.0246638,5,2,12,riesgo_bajo,0.9670319,1
4,15.124837747929249,12,32,Empleado,14.914123179965662,13.45883704259595,290059,95.227787,758.0,2,2,1,0,0,14.100690252077353,Decreciente,0,0,0.09668633333333333,1,1,1,riesgo_bajo,0.96377313,1
4,13.753063714409794,8,51,Empleado,14.498607907721096,12.59473402514672,110120,95.227787,800.0,7,8,3,0,1,13.470051056592824,Creciente,0,0,0.05561616161616162,10,4,4,riesgo_bajo,0.9649403,1
4,14.961006750597342,6,35,Independiente,17.493166341166564,16.702881205920505,468556,89.979287,787.0,18,11,13,0,4,15.75653880992798,Creciente,0,0,0.0039046333333333334,5,2,17,riesgo_bajo,0.95983046,1
4,14.759105513591917,12,60,Independiente,14.508658238524095,13.122365377402328,201596,95.227787,804.0,4,1,3,0,1,14.001572610373936,Sin_dato,0,1,0.100798,1,1,4,riesgo_bajo,0.96772665,1
9,16.023104498259436,9,100,Empleado,16.333836590425385,16.702881205920505,880048,95.227787,0.0,0,0,0,0,0,14.001572610373936,Sin_dato,1,1,0.07092695180325163,12,4,0,sin_clasificar,0.9523397,1
4,15.060368362825544,12,42,Independiente,14.220976332738882,13.304686600863562,272788,95.227787,808.0,7,1,5,0,0,14.001572610373936,Sin_dato,0,1,0.18185866666666667,2,1,5,riesgo_bajo,0.9629444,1
9,14.559967487776388,10,39,Empleado,14.914123179965662,13.815511557963774,179030,95.227787,834.0,6,4,5,0,0,14.001572610373936,Sin_dato,0,1,0.05967666666666667,4,2,5,riesgo_bajo,0.96758884,1
4,14.563146397293025,12,38,Independiente,15.424948670398354,14.508658238524095,165170,95.227787,745.0,1,6,0,0,1,14.001572610373936,Sin_dato,0,1,0.033034,11,4,1,riesgo_bajo,0.9586048,1
4,14.109374234869511,12,51,Independiente,15.424948670398354,13.304686600863562,105707,95.227787,808.0,10,6,6,3,0,14.001572610373936,Sin_dato,0,1,0.0211414,2,1,9,riesgo_bajo,0.96695375,1
4,13.487007879880162,6,33,Empleado,15.068273812173887,14.220976332738882,107037,95.227787,787.0,1,2,0,0,1,14.004541224928799,Decreciente,0,0,0.030582,1,1,1,riesgo_bajo,0.96344835,1
4,13.87679472693754,6,46,Independiente,15.068273812173887,14.914123179965662,158441,95.227787,842.0,6,1,4,0,0,14.001572610373936,Sin_dato,0,1,0.045268857142857145,4,2,4,riesgo_bajo,0.96818405,1
9,14.91270337298952,9,23,Empleado,15.687312888712007,14.914123179965662,279375,95.227787,766.0,4,3,2,0,1,15.3620661769582,Creciente,0,0,0.04298076923076923,12,4,3,riesgo_bajo,0.96369255,1
4,13.997832948091215,6,40,Independiente,15.180326142834849,14.546435584321783,177907,95.227787,825.0,3,2,1,0,0,15.143138191840656,Creciente,0,0,0.04544240102171137,7,3,1,riesgo_bajo,0.96641266,1
4,14.873259531814012,12,65,Empleado,14.914123179965662,13.815511557963774,199992,95.227787,812.0,5,3,3,0,0,14.001572610373936,Sin_dato,0,1,0.066664,12,4,3,riesgo_bajo,0.96792597,1
9,13.864610198050618,10,25,Empleado,14.151983508870947,10.915106645867503,91058,95.227787,741.0,1,10,0,0,1,13.801323394397691,Creciente,0,0,0.06504142857142857,10,4,1,riesgo_bajo,0.95089346,1
4,15.154021510466253,12,41,Independiente,17.216707972959764,13.122365377402328,264817,95.227787,917.0,13,3,8,1,1,14.114906751411128,Decreciente,0,0,0.008827233333333333,1,1,10,riesgo_muy_bajo,0.96131605,1
4,14.954573892359642,12,48,Empleado,14.403297778421795,13.45883704259595,244811,95.227787,788.0,0,0,0,0,0,13.948736403914165,Creciente,0,0,0.1360061111111111,1,1,0,riesgo_bajo,0.9602562,1
9,13.68640478638756,8,40,Independiente,15.424948670398354,14.508658238524095,91704,91.410695,826.0,8,4,6,0,1,10.414363175052161,Creciente,0,0,0.0183408,4,2,7,riesgo_bajo,0.96458334,1
4,14.623770991257423,18,25,Empleado,15.424948670398354,14.508658238524095,124495,95.227787,725.0,5,5,2,1,1,14.414278924863765,Creciente,0,0,0.024899,3,1,4,riesgo_bajo,0.96527404,1
9,14.556578286591913,9,67,Empleado,15.602257652872959,11.87757552297847,198492,95.227787,840.0,3,3,1,0,0,15.397919866503603,Estable,0,0,0.03324824120603015,9,3,1,riesgo_bajo,0.9661053,1
4,13.997832948091215,12,25,Empleado,15.039286283703994,14.220976332738882,93980,95.227787,738.0,5,8,1,0,1,14.333347941784606,Creciente,0,0,0.027641176470588235,1,1,2,riesgo_bajo,0.95907915,1
4,14.763300344494624,6,37,Independiente,14.99108419641044,13.947416505268018,388758,95.227787,813.0,5,3,4,0,0,14.001572610373936,Sin_dato,0,1,0.11998703703703703,7,3,4,riesgo_bajo,0.9670532,1
4,13.993824930040393,6,31,Independiente,14.914123179965662,13.815511557963774,177681,74.233787,752.0,5,14,3,0,0,12.957441563290244,Estable,0,0,0.059227,4,2,3,riesgo_bajo,0.9518603,1
4,15.149859043390691,12,52,Empleado,15.250595321348806,13.997832948091215,263717,95.227787,824.0,6,10,3,0,2,15.41738776012635,Creciente,0,0,0.0627897619047619,12,4,5,riesgo_bajo,0.9665189,1
4,14.98353727369674,12,52,Independiente,15.201805169084134,13.710151153416941,223308,95.227787,805.0,5,4,3,0,2,14.001572610373936,Sin_dato,0,1,0.055827,1,1,5,riesgo_bajo,0.9654336,1
9,15.374878049049343,11,62,Empleado,14.946912992035967,14.285514812209815,370015,95.227787,808.0,6,1,1,0,3,14.001572610373936,Sin_dato,0,1,0.11935967741935484,1,1,4,riesgo_bajo,0.96238226,1
9,13.609225352820943,12,48,Independiente,14.75551820708067,13.594865133730668,56500,95.227787,779.0,2,4,0,1,0,14.001572610373936,Sin_dato,0,1,0.0220703125,11,4,1,riesgo_bajo,0.96535736,1
4,14.218380969423311,12,49,Empleado,13.997832948091215,13.122365377402328,117541,95.227787,862.0,4,2,4,0,0,13.815511557963774,Creciente,0,0,0.09795083333333333,2,1,4,riesgo_muy_bajo,0.969011,1
4,14.38289098009771,24,27,Independiente,14.508658238524095,13.122365377402328,77090,95.227787,859.0,3,3,1,0,0,14.001572610373936,Sin_dato,0,1,0.038545,12,4,1,riesgo_muy_bajo,0.9509131,1
4,14.807517482397907,12,37,Empleado,14.690979711984754,13.795308871054397,211191,95.227787,731.0,11,5,2,0,7,13.719579885694309,Estable,0,0,0.08799625,12,4,9,riesgo_bajo,0.9609133,1
4,14.093143052138025,8,51,Empleado,14.220976332738882,13.45883704259595,150161,45.764593,848.0,3,3,2,1,0,14.311937009441113,Creciente,0,0,0.10010733333333334,2,1,3,riesgo_bajo,0.76440424,0
9,14.692515531369747,10,51,Empleado,14.914123179965662,0.0,203870,95.227787,734.0,0,2,0,0,0,13.71675705672712,Creciente,0,0,0.06795666666666667,12,4,0,riesgo_bajo,0.9606277,1
4,15.020225786625048,6,46,Independiente,16.118095750958314,14.508658238524095,495458,95.227787,811.0,7,3,3,0,3,13.736220566928477,Creciente,0,0,0.0495458,2,1,6,riesgo_bajo,0.9577564,1
9,14.137634780941843,4,36,Empleado,14.914123179965662,14.508658238524095,277597,95.227787,865.0,1,7,0,0,1,14.161462010238033,Decreciente,0,0,0.09253233333333333,7,3,1,riesgo_muy_bajo,0.95104414,1
4,13.869999690217593,6,35,Independiente,13.997832948091215,13.304686600863562,156952,95.227787,856.0,0,4,0,0,0,14.001572610373936,Sin_dato,0,1,0.13079333333333334,3,1,0,riesgo_muy_bajo,0.9579386,1
4,15.095961231161862,12,32,Independiente,14.731801689838349,13.815511557963774,282695,95.227787,759.0,6,4,3,0,2,14.001572610373936,Sin_dato,0,1,0.113078,3,1,5,riesgo_bajo,0.9635872,1
4,15.242560271383876,36,52,Empleado,16.118095750958314,14.914123179965662,135741,95.227787,804.0,26,2,19,2,2,13.74666838940678,Creciente,0,0,0.0135741,3,1,23,riesgo_bajo,0.9623899,1
4,14.125346168624995,12,56,Empleado,15.607270193858982,15.607270193858982,107232,95.227787,834.0,12,6,7,0,2,14.852142472866127,Decreciente,0,0,0.017872,2,1,9,riesgo_bajo,0.9665383,1
4,15.096444681204078,36,36,Empleado,15.424948670398354,13.997832948091215,116527,95.227787,752.0,6,6,2,1,1,14.356443765402565,Creciente,0,0,0.0233054,12,4,4,riesgo_bajo,0.9604541,1
4,14.060807696391924,6,52,Independiente,16.118095750958314,15.424948670398354,189947,95.227787,722.0,5,3,2,0,1,14.001572610373936,Sin_dato,0,1,0.0189947,3,1,3,riesgo_bajo,0.96298206,1
9,14.444652088718831,10,37,Empleado,14.253766134056512,0.0,164589,95.227787,694.0,0,2,0,0,0,14.001572610373936,Sin_dato,0,1,0.10618645161290323,11,4,0,riesgo_medio,0.95956916,1
9,14.880685532009592,9,44,Independiente,14.124465499905716,13.78711211224863,282098,95.227787,838.0,5,2,1,0,2,14.001572610373936,Sin_dato,0,1,0.20712041116005875,1,1,3,riesgo_bajo,0.96235,1
4,15.702580358511794,36,31,Empleado,15.955576839107596,14.508658238524095,213362,95.227787,747.0,31,3,30,0,0,14.350052903660062,Creciente,0,0,0.025101411764705883,1,1,30,riesgo_bajo,0.95475054,1
4,14.136376649726948,6,29,Independiente,14.914123179965662,13.304686600863562,204578,8.748034,755.0,6,6,3,0,1,13.434837081934134,Creciente,0,0,0.06819266666666667,12,4,4,riesgo_bajo,0.7154969,0
4,13.969983757205126,12,43,Empleado,13.768695641707609,12.611541086966115,91840,95.227787,789.0,1,2,0,0,0,14.001572610373936,Sin_dato,0,1,0.10204444444444444,1,1,0,riesgo_bajo,0.96514267,1
4,14.518410525114328,8,64,Independiente,14.848695397181752,0.0,228730,95.227787,888.0,2,3,2,0,0,14.001572610373936,Sin_dato,0,1,0.08139857651245552,7,3,2,riesgo_muy_bajo,0.9658531,1
4,13.683122511470389,6,53,Independiente,15.76142084987672,15.068273812173887,130757,95.227787,733.0,4,1,2,2,2,14.001572610373936,Sin_dato,0,1,0.018679571428571427,3,1,6,riesgo_bajo,0.9653677,1
4,14.809540176522404,12,28,Empleado,13.997832948091215,13.304686600863562,212289,95.227787,777.0,1,2,1,0,0,13.886727354695262,Creciente,0,0,0.1769075,4,2,1,riesgo_bajo,0.9637832,1
4,14.500908288954061,12,44,Empleado,14.80876270134486,12.765691290604371,137817,95.227787,758.0,6,0,3,0,0,14.473345019205887,Creciente,0,0,0.051043333333333336,1,1,3,riesgo_bajo,0.967924,1
4,14.679918769259638,12,33,Empleado,14.731801689838349,13.815511557963774,186480,95.227787,836.0,2,4,1,0,0,14.6090992758205,Decreciente,0,0,0.074592,3,1,1,riesgo_bajo,0.96794575,1
4,15.309403154179284,36,35,Empleado,15.894952224644102,12.899222326086994,147943,95.227787,781.0,8,6,3,1,1,15.098083060094847,Creciente,0,0,0.018492875,5,2,5,riesgo_bajo,0.93369704,1
4,14.223852191569863,12,49,Independiente,14.316286451937186,13.45883704259595,118333,95.227787,897.0,3,0,3,0,0,14.001572610373936,Sin_dato,0,1,0.0717169696969697,3,1,3,riesgo_muy_bajo,0.9685572,1
4,14.33430494661736,6,27,Empleado,13.997832948091215,12.611541086966115,249093,95.227787,806.0,5,6,1,0,3,13.668286996821376,Creciente,0,0,0.2075775,12,4,4,riesgo_bajo,0.9591939,1
10,15.118010453192278,24,58,Empleado,13.997832948091215,12.206077645517674,160809,95.227787,747.0,4,3,0,1,3,13.93062425632998,Estable,0,0,0.1340075,12,4,4,riesgo_bajo,0.95424366,1
9,13.486709502451061,8,50,Independiente,15.424948670398354,14.508658238524095,75201,91.410695,794.0,9,8,5,1,2,13.768695641707609,Creciente,0,0,0.0150402,7,3,8,riesgo_bajo,0.96699566,1
4,15.058327369883475,6,26,Empleado,15.424948670398354,14.446782866720884,514700,89.2295,767.0,20,10,9,0,3,14.046556403742064,Decreciente,0,0,0.10294,3,1,12,riesgo_bajo,0.95269585,1
4,14.690979711984754,12,34,Empleado,14.914123179965662,13.815511557963774,188789,95.227787,796.0,4,5,2,0,2,14.001572610373936,Sin_dato,0,1,0.06292966666666666,3,1,4,riesgo_bajo,0.96595275,1
4,13.086530997361455,6,55,Independiente,16.300417291085605,14.914123179965662,71715,95.227787,772.0,3,9,0,0,1,14.001572610373936,Sin_dato,0,1,0.00597625,4,2,1,riesgo_bajo,0.9600257,1
4,14.666533329391347,12,63,Empleado,15.068273812173887,13.815511557963774,162642,95.227787,865.0,4,0,4,0,0,14.001572610373936,Sin_dato,0,1,0.046469142857142855,1,1,4,riesgo_muy_bajo,0.9665011,1
4,15.323746186189325,10,42,Empleado,15.919644834185693,14.914123179965662,418737,95.227787,793.0,4,5,2,0,0,14.556939201898768,Decreciente,0,0,0.051065487804878046,3,1,2,riesgo_bajo,0.9591568,1
9,14.9903231663946,9,34,Empleado,16.012735246411598,14.914123179965662,302647,95.227787,769.0,8,7,4,0,1,15.232440326044834,Creciente,0,0,0.033627444444444446,3,1,5,riesgo_bajo,0.9614371,1
4,14.188453163071875,18,42,Empleado,14.346139397261565,13.304686600863562,80269,95.227787,797.0,7,6,3,0,3,13.719579885694309,Estable,0,0,0.04721705882352941,12,4,6,riesgo_bajo,0.9670041,1
4,15.59296841154888,36,37,Empleado,15.424948670398354,12.611541086966115,191871,95.227787,795.0,4,7,2,0,2,15.424948670398354,Creciente,0,0,0.0383742,3,1,4,riesgo_bajo,0.94686216,1
4,15.349664637961068,36,34,Empleado,13.815511557963774,13.19189130572284,160193,95.227787,764.0,3,9,3,0,0,13.781681762262503,Creciente,0,0,0.160193,7,3,3,riesgo_bajo,0.9521394,1
9,15.053650616663804,3,100,Empleado,17.493166341166564,16.702881205920505,928226,95.227787,0.0,0,0,0,0,0,14.001572610373936,Sin_dato,1,1,0.0008672915339282713,12,4,0,sin_clasificar,0.95212805,1
4,14.643127877888112,6,52,Empleado,16.118095750958314,14.557448378884015,339345,95.227787,704.0,12,5,8,0,1,13.727934294183411,Creciente,0,0,0.0339345,12,4,9,riesgo_bajo,0.9598693,1
4,13.8924725250259,6,62,Empleado,15.375758436291614,14.220976332738882,161759,95.227787,744.0,32,4,28,0,4,13.760675208425667,Creciente,0,0,0.03398298319327731,5,2,32,riesgo_bajo,0.95558816,1
4,14.898968937283868,12,39,Independiente,14.403297778421795,12.899222326086994,231859,95.227787,795.0,5,3,2,0,3,14.001572610373936,Sin_dato,0,1,0.12881055555555557,2,1,5,riesgo_bajo,0.9656153,1
4,15.259286016967128,6,46,Independiente,15.520258832020865,13.122365377402328,630117,95.227787,747.0,11,6,5,0,2,13.764328836299624,Creciente,0,0,0.11456672727272728,6,2,7,riesgo_bajo,0.959671,1
4,14.113747481480353,12,27,Empleado,14.151983508870947,12.611541086966115,105732,63.809656,773.0,4,6,1,0,3,14.083690952829969,Decreciente,0,0,0.07552285714285714,12,4,4,riesgo_bajo,0.96166337,1
4,14.551717706911754,6,29,Empleado,15.176487367510099,14.508658238524095,309984,95.227787,816.0,2,2,0,1,0,14.001572610373936,Sin_dato,0,1,0.07948307692307692,12,4,1,riesgo_bajo,0.9635329,1
4,15.371624104254005,12,40,Empleado,15.76142084987672,14.914123179965662,329192,95.227787,860.0,3,3,3,0,0,15.750247518781006,Creciente,0,0,0.047027428571428574,1,1,3,riesgo_muy_bajo,0.9626746,1
9,14.429539095438129,10,60,Empleado,14.914123179965662,14.220976332738882,157303,95.227787,710.0,10,4,8,0,2,14.001572610373936,Sin_dato,0,1,0.05243433333333333,6,2,10,riesgo_bajo,0.95263463,1
4,13.368768664434148,12,47,Independiente,15.150511887854474,13.122365377402328,50409,95.227787,817.0,10,3,5,0,5,13.733860058485904,Creciente,0,0,0.013265526315789474,3,1,10,riesgo_bajo,0.967172,1
4,13.726024485075438,6,33,Empleado,14.80876270134486,13.815511557963774,135813,95.227787,745.0,13,6,5,0,6,14.669805453336691,Creciente,0,0,0.05030111111111111,2,1,11,riesgo_bajo,0.9643102,1
4,16.069732900434662,12,51,Empleado,16.380459992348886,14.508658238524095,661658,95.227787,862.0,10,4,6,0,0,16.060789216987462,Decreciente,0,0,0.05089676923076923,1,1,6,riesgo_muy_bajo,0.963377,1
4,13.898399365496656,8,54,Empleado,15.319588176962746,12.206077645517674,122898,95.227787,749.0,6,4,2,0,0,13.71675705672712,Creciente,0,0,0.027310666666666667,12,4,2,riesgo_bajo,0.96352136,1
4,14.083918828267205,6,48,Empleado,15.201805169084134,13.592368256649284,194432,95.227787,844.0,15,6,3,3,7,13.719579885694309,Estable,0,0,0.048608,1,1,13,riesgo_bajo,0.96405303,1
4,14.738292575780765,12,26,Empleado,14.731801689838349,13.235693848424024,197690,95.227787,864.0,4,4,2,0,1,14.953295161178573,Creciente,0,0,0.079076,2,1,3,riesgo_muy_bajo,0.9684876,1
4,14.615178031380395,10,41,Empleado,16.118095750958314,14.914123179965662,205292,95.227787,758.0,8,7,5,0,1,14.001572610373936,Sin_dato,0,1,0.0205292,7,3,6,riesgo_bajo,0.96490675,1
4,12.995440954491118,12,35,Empleado,13.815511557963774,12.611541086966115,34442,92.228643,771.0,3,3,0,0,1,14.001572610373936,Sin_dato,0,1,0.034442,1,1,1,riesgo_bajo,0.96270066,1
9,13.618532923638218,6,64,Independiente,15.424948670398354,14.508658238524095,112133,95.227787,796.0,12,3,5,0,3,14.001572610373936,Sin_dato,0,1,0.0224266,5,2,8,riesgo_bajo,0.9643284,1
4,14.759105513591917,12,38,Empleado,14.403297778421795,13.592368256649284,201345,95.227787,779.0,2,3,0,1,1,13.719579885694309,Estable,0,0,0.11185833333333334,1,1,2,riesgo_bajo,0.9670632,1
4,13.728645715692453,6,60,Independiente,14.508658238524095,13.652992804936396,136263,95.227787,770.0,5,5,1,0,3,10.387373130123768,Estable,0,0,0.0681315,3,1,4,riesgo_bajo,0.9626244,1
4,13.496132775041344,6,47,Independiente,14.508658238524095,13.710151153416941,108457,95.227787,838.0,3,2,2,0,0,14.024623336734809,Creciente,0,0,0.0542285,6,2,2,riesgo_bajo,0.968114,1
4,15.00673879418973,24,42,Empleado,15.663177816735026,14.814671135849169,158992,95.227787,813.0,10,8,9,0,0,13.815511557963774,Estable,0,0,0.02505784081954295,1,1,9,riesgo_bajo,0.96148914,1
9,15.222082678585199,5,33,Independiente,14.137594781770806,13.277657974137664,676135,95.227787,866.0,3,2,1,0,1,13.806321467294262,Creciente,0,0,0.48995289855072466,11,4,2,riesgo_muy_bajo,0.9637802,1
4,14.545954004963368,6,40,Independiente,14.914123179965662,13.815511557963774,308343,95.227787,805.0,4,3,2,0,1,14.001572610373936,Sin_dato,0,1,0.102781,2,1,3,riesgo_bajo,0.965721,1
4,15.25344838965288,36,22,Empleado,15.155761242362829,14.297319850324806,158381,95.227787,767.0,4,3,1,0,2,13.490089234452142,Creciente,0,0,0.04146099476439791,12,4,3,riesgo_bajo,0.9554341,1
4,14.162499443126897,6,41,Empleado,15.610597983397946,14.798338187890101,212954,89.979287,855.0,13,6,12,0,0,13.41354083387756,Creciente,0,0,0.03537441860465116,8,3,12,riesgo_muy_bajo,0.9600186,1
4,14.903760071402393,6,35,Independiente,15.607270193858982,0.0,444659,95.227787,734.0,11,5,4,0,5,15.308883308351826,Creciente,0,0,0.07410983333333333,7,3,9,riesgo_bajo,0.9578971,1
9,14.4454302509398,10,35,Empleado,15.86963441986494,15.319588176962746,159404,95.227787,776.0,8,1,6,0,0,15.52062240221873,Creciente,0,0,0.020436410256410256,3,1,6,riesgo_bajo,0.9683508,1
4,14.372082288884318,24,36,Empleado,15.039286283703994,13.592368256649284,76782,95.227787,834.0,7,0,3,0,1,14.001572610373936,Sin_dato,0,1,0.022582941176470587,6,2,4,riesgo_bajo,0.9638194,1
9,14.674827470724532,11,43,Independiente,15.096444681204078,14.731801689838349,200282,95.227787,848.0,3,3,1,0,0,14.002654634362028,Estable,0,0,0.055633888888888886,4,2,1,riesgo_bajo,0.9642259,1
4,15.096444681204078,36,59,Independiente,14.765623225011467,13.22672519452875,136947,95.227787,816.0,2,3,1,0,0,13.815511557963774,Estable,0,0,0.05295707656612529,12,4,1,riesgo_bajo,0.95263505,1
4,15.055587975442888,12,53,Independiente,15.319588176962746,14.220976332738882,271959,95.227787,789.0,8,5,6,0,1,13.997832948091215,Estable,0,0,0.060435333333333334,1,1,7,riesgo_bajo,0.9632227,1
4,14.510596358186232,6,48,Empleado,14.576316854287645,0.0,300136,90.562453,771.0,2,4,0,0,1,13.790247107476947,Decreciente,0,0,0.14025046728971963,8,3,1,riesgo_bajo,0.95803463,1
4,14.926999913514614,18,39,Empleado,14.88022163978423,13.304686600863562,168175,95.227787,735.0,6,14,1,0,3,14.637795618792444,Creciente,0,0,0.05799137931034483,4,2,4,riesgo_bajo,0.9630295,1
4,14.125346168624995,6,24,Independiente,15.86963441986494,14.731801689838349,202668,89.979287,751.0,4,2,1,0,2,14.001572610373936,Sin_dato,0,1,0.025983076923076925,2,1,3,riesgo_bajo,0.9521381,1
4,15.020283342220921,6,32,Independiente,15.607270193858982,13.122365377402328,495937,95.227787,793.0,6,5,6,0,0,14.655755317898748,Decreciente,0,0,0.08265616666666667,5,2,6,riesgo_bajo,0.9615878,1
4,14.356695944670529,12,45,Empleado,14.603968372873895,13.122365377402328,119308,95.227787,797.0,4,7,3,0,0,13.722605483573794,Creciente,0,0,0.054230909090909094,1,1,3,riesgo_bajo,0.9661958,1
4,15.875769407648328,6,49,Empleado,16.118095750958314,15.319588176962746,1179803,95.227787,834.0,7,3,5,0,1,16.060789216987462,Creciente,0,0,0.1179803,7,3,6,riesgo_bajo,0.9646602,1
4,14.488802419839873,12,25,Empleado,14.731801689838349,13.304686600863562,136158,95.227787,740.0,3,4,0,0,1,13.752589927335745,Creciente,0,0,0.0544632,1,1,1,riesgo_bajo,0.9630026,1
4,14.904275251168421,6,53,Empleado,14.914123179965662,13.78711211224863,444928,95.227787,861.0,3,4,2,0,1,14.914123179965662,Estable,0,0,0.14830933333333332,7,3,3,riesgo_muy_bajo,0.9675444,1
4,13.997832948091215,10,48,Empleado,14.690979711984754,15.687312888712007,110926,95.227787,744.0,10,4,1,3,4,13.719579885694309,Estable,0,0,0.046219166666666665,12,4,8,riesgo_bajo,0.95954365,1
4,14.994165738921287,6,38,Independiente,14.914123179965662,14.220976332738882,481501,89.2295,789.0,4,5,3,0,0,13.719579885694309,Estable,0,0,0.16050033333333333,12,4,3,riesgo_bajo,0.96052283,1
4,15.092001492743668,36,31,Empleado,15.014571619406382,14.339647787856073,138795,95.227787,752.0,11,2,9,0,1,15.060276492393893,Creciente,0,0,0.04184353331323485,2,1,10,riesgo_bajo,0.9488166,1
9,14.573896920391723,10,31,Empleado,16.489659276356317,15.894952224644102,181732,95.227787,737.0,0,2,0,0,0,16.060789216987462,Creciente,0,0,0.012533241379310344,5,2,0,riesgo_bajo,0.9623791,1
9,14.429280600976407,10,43,Empleado,14.914123179965662,13.997832948091215,156933,95.227787,801.0,8,9,6,0,1,14.001572610373936,Sin_dato,0,1,0.052311,3,1,7,riesgo_bajo,0.9634487,1
4,14.212944166417959,6,35,Empleado,14.151983508870947,11.51293546492023,220908,95.227787,777.0,0,2,0,0,0,13.813828143498407,Creciente,0,0,0.15779142857142858,12,4,0,riesgo_bajo,0.9646561,1
4,14.065304608834738,6,43,Independiente,15.424948670398354,14.285514812209815,191321,95.227787,817.0,7,8,3,0,0,14.001572610373936,Sin_dato,0,1,0.0382642,5,2,3,riesgo_bajo,0.9621442,1
4,13.304686600863562,6,33,Empleado,14.731801689838349,12.765691290604371,89858,84.730786,761.0,3,1,0,0,3,14.012867678687257,Creciente,0,0,0.0359432,5,2,3,riesgo_bajo,0.9668267,1
4,14.76218344235448,36,36,Empleado,14.253766134056512,13.592368256649284,82909,95.227787,787.0,5,3,0,3,1,14.053967459144753,Creciente,0,0,0.05348967741935484,1,1,4,riesgo_bajo,0.9577627,1
4,15.915269422892973,12,40,Independiente,15.201805169084134,14.220976332738882,640617,95.227787,798.0,4,1,0,0,1,13.736220566928477,Creciente,0,0,0.16015425,1,1,1,riesgo_bajo,0.9587937,1
4,14.715672314412528,12,29,Empleado,14.220976332738882,12.899222326086994,193588,95.227787,814.0,4,3,1,1,2,13.719579885694309,Estable,0,0,0.12905866666666665,12,4,4,riesgo_bajo,0.9644533,1
4,15.254388118686165,8,43,Empleado,14.085538458535822,13.102162710901053,491065,95.227787,840.0,7,3,5,0,0,14.319014241629787,Decreciente,0,0,0.3748587786259542,10,4,5,riesgo_bajo,0.966725,1
4,14.504650219134586,6,41,Independiente,15.424948670398354,14.508658238524095,295866,95.227787,728.0,13,6,4,0,7,11.011554999974992,Decreciente,0,0,0.0591732,1,1,11,riesgo_bajo,0.95257586,0
9,13.68640478638756,3,30,Independiente,15.424948670398354,14.508658238524095,233419,95.227787,736.0,6,9,2,0,1,13.719579885694309,Creciente,0,0,0.0466838,5,2,3,riesgo_bajo,0.9486899,1
10,14.668325030967134,12,45,Empleado,14.151983508870947,13.122365377402328,184089,95.227787,799.0,4,3,3,0,1,13.053373363056153,Creciente,0,0,0.13149214285714286,2,1,4,riesgo_bajo,0.96584797,1
4,15.221607791478354,36,51,Empleado,15.201805169084134,13.652992804936396,131920,95.227787,811.0,8,3,3,0,4,14.001572610373936,Sin_dato,0,1,0.03298,12,4,7,riesgo_bajo,0.9637977,1
4,14.448908264903867,8,31,Independiente,15.894952224644102,15.607270193858982,213871,95.227787,474.0,4,7,2,0,1,14.341224991268332,Estable,0,0,0.026733875,2,1,3,alto_riesgo,0.85664815,0
4,15.309403154179284,36,32,Empleado,15.520258832020865,13.122365377402328,147943,95.227787,828.0,5,2,2,0,1,14.377979984682511,Creciente,0,0,0.026898727272727272,5,2,3,riesgo_bajo,0.95466727,1
9,15.109455666405461,10,100,Empleado,16.454567959008102,16.454567959008102,336939,95.227787,0.0,0,0,0,0,0,14.001572610373936,Sin_dato,1,1,0.024067071428571427,6,2,0,sin_clasificar,0.9615384,1
9,13.214455658047447,6,66,Independiente,14.731801689838349,13.710151153416941,74783,95.227787,806.0,1,0,0,0,0,14.001572610373936,Sin_dato,0,1,0.0299132,3,1,0,riesgo_bajo,0.9653147,1
4,15.826084354257134,36,33,Independiente,14.731801689838349,13.815511557963774,259292,6.795375,789.0,5,8,2,1,1,14.001572610373936,Sin_dato,0,1,0.1037168,7,3,4,riesgo_bajo,0.786218,0
4,14.767801823775445,12,53,Empleado,14.77102238760702,13.815511557963774,202968,95.227787,779.0,7,4,5,0,1,14.598244296886222,Creciente,0,0,0.07806461538461539,1,1,6,riesgo_bajo,0.9672477,1
4,14.305390953914658,12,30,Independiente,14.508658238524095,12.206077645517674,127901,61.221842,810.0,5,5,3,0,1,14.001572610373936,Sin_dato,0,1,0.0639505,2,1,4,riesgo_bajo,0.7365849,0
4,14.586618742493787,6,37,Empleado,13.997832948091215,12.429220196836383,320583,95.227787,817.0,6,1,3,0,0,13.985440656777243,Estable,0,0,0.2671525,12,4,3,riesgo_bajo,0.9641061,1
4,14.027294634047566,6,59,Independiente,14.731801689838349,13.815511557963774,183436,95.227787,849.0,5,0,3,0,0,13.719579885694309,Estable,0,0,0.0733744,12,4,3,riesgo_bajo,0.9682246,1
9,14.283028224764324,11,40,Empleado,14.946912992035967,14.220976332738882,124672,95.227787,757.0,1,2,1,0,0,13.755537598769623,Creciente,0,0,0.04021677419354839,5,2,1,riesgo_bajo,0.96875083,1
4,13.580113994159298,6,37,Empleado,13.910821646859095,13.122365377402328,117321,95.227787,791.0,4,15,3,0,1,13.805896490568212,Decreciente,0,0,0.10665545454545454,12,4,4,riesgo_bajo,0.96436876,1
4,14.34078390887101,6,49,Independiente,15.153140009570041,14.214958264437461,254515,95.227787,822.0,4,6,2,0,0,14.001572610373936,Sin_dato,0,1,0.06680183727034121,8,3,2,riesgo_bajo,0.9661039,1
9,15.454110417204188,4,40,Independiente,14.630875813726247,13.372345140303285,1040290,95.227787,791.0,7,3,4,0,0,14.001572610373936,Sin_dato,0,1,0.4603053097345133,8,3,4,riesgo_bajo,0.9654018,1
4,13.45654871535072,6,28,Empleado,14.346139397261565,13.527829818844937,103684,95.227787,778.0,5,6,2,1,1,14.294022265645696,Creciente,0,0,0.060990588235294116,12,4,4,riesgo_bajo,0.9631313,1
4,14.319916217791894,6,22,Independiente,15.068273812173887,14.220976332738882,247184,95.227787,719.0,7,8,1,1,1,13.770493317359051,Creciente,0,0,0.070624,5,2,3,riesgo_bajo,0.9577612,1
4,14.505613609862504,18,26,Empleado,14.323292153373421,12.611541086966115,110346,95.227787,794.0,2,6,1,0,1,13.719579885694309,Creciente,0,0,0.06640948483389504,4,2,2,riesgo_bajo,0.96339643,1
4,15.355624329762142,12,56,Independiente,15.607270193858982,14.845130332288226,366031,95.227787,803.0,3,2,1,0,0,13.719579885694309,Estable,0,0,0.061005166666666666,12,4,1,riesgo_bajo,0.95691556,1
4,14.298011395777332,6,56,Empleado,14.285514812209815,13.304686600863562,240621,95.227787,843.0,4,2,3,0,1,14.207878268395161,Creciente,0,0,0.150388125,4,2,4,riesgo_bajo,0.965136,1
4,15.171629434232981,10,47,Empleado,15.068273812173887,13.122365377402328,359117,95.227787,758.0,6,4,2,1,0,14.699773842999669,Creciente,0,0,0.10260485714285714,3,1,3,riesgo_bajo,0.96448594,1
4,14.563146397293025,12,26,Empleado,14.957182655377581,13.85761269275522,175359,95.227787,709.0,8,7,5,0,2,13.72850063551904,Creciente,0,0,0.05598946360153257,12,4,7,riesgo_bajo,0.9632553,1
9,13.68640478638756,9,49,Independiente,15.201805169084134,14.508658238524095,82355,95.227787,789.0,16,5,12,0,2,13.755537598769623,Creciente,0,0,0.02058875,6,2,14,riesgo_bajo,0.96676606,1
9,14.247296480877171,10,22,Empleado,14.220976332738882,13.592368256649284,130616,95.227787,834.0,2,4,2,0,0,13.961430025549687,Creciente,0,0,0.08707733333333334,2,1,2,riesgo_bajo,0.96053535,1
4,14.729238408461812,6,42,Empleado,15.319588176962746,14.508658238524095,369726,95.227787,800.0,8,6,4,0,1,15.60608849612599,Creciente,0,0,0.08216133333333334,1,1,5,riesgo_bajo,0.9655914,1
4,13.869999690217593,6,30,Empleado,14.603968372873895,13.017005083966255,156738,95.227787,734.0,2,2,1,0,0,14.001572610373936,Sin_dato,0,1,0.07124454545454545,12,4,1,riesgo_bajo,0.95347095,1
4,14.039954223763264,12,33,Empleado,14.603968372873895,0.0,98265,95.227787,821.0,2,4,2,0,0,14.639524584394904,Creciente,0,0,0.04466590909090909,12,4,2,riesgo_bajo,0.9633841,1
4,13.045297002720817,6,37,Empleado,14.731801689838349,13.122365377402328,69754,95.227787,734.0,15,5,3,0,9,14.001572610373936,Sin_dato,0,1,0.0279016,7,3,12,riesgo_bajo,0.94100237,1
4,14.645459216088135,12,43,Empleado,15.357461821131848,13.815511557963774,180014,95.227787,854.0,4,4,2,0,0,14.809585325554927,Creciente,0,0,0.038516378886107365,12,4,2,riesgo_muy_bajo,0.96721953,1
4,14.820603429122388,12,40,Independiente,15.319588176962746,14.731801689838349,219413,95.227787,765.0,3,2,1,1,1,13.338807739173426,Decreciente,0,0,0.048758444444444445,5,2,3,riesgo_bajo,0.96329755,1
4,14.562351195216374,12,37,Empleado,15.607270193858982,13.815511557963774,146550,95.227787,827.0,10,3,5,0,1,15.691613320231623,Creciente,0,0,0.024425,1,1,6,riesgo_bajo,0.9669735,1
9,13.749884512352942,5,63,Independiente,15.424948670398354,14.508658238524095,152146,95.227787,821.0,10,5,4,0,2,14.001572610373936,Sin_dato,0,1,0.0304292,6,2,6,riesgo_bajo,0.9639029,1
9,14.046626882091669,9,53,Empleado,15.201805169084134,14.508658238524095,117674,95.227787,800.0,9,1,2,1,2,14.001572610373936,Sin_dato,0,1,0.0294185,2,1,5,riesgo_bajo,0.9677269,1
4,15.406267258081307,6,43,Empleado,15.068273812173887,12.899222326086994,728394,95.227787,791.0,0,1,0,0,0,15.257690328553322,Decreciente,0,0,0.20811257142857142,2,1,0,riesgo_bajo,0.95526695,1
4,15.170760230960761,24,31,Independiente,16.811242881518265,13.815511557963774,170429,95.227787,793.0,11,10,9,0,2,13.755537598769623,Creciente,0,0,0.00852145,5,2,11,riesgo_bajo,0.96031666,1
9,14.487124043794989,10,48,Empleado,14.914123179965662,14.151983508870947,166191,95.227787,773.0,4,2,2,0,2,14.001572610373936,Sin_dato,0,1,0.055397,3,1,4,riesgo_bajo,0.96839136,1
9,15.49633083144659,10,35,Empleado,16.228742260570893,15.463399849228344,465551,95.227787,827.0,6,11,6,0,0,14.871198991973122,Decreciente,0,0,0.041678692927484336,10,4,6,riesgo_bajo,0.96403116,1
9,14.053740534718278,5,38,Independiente,15.424948670398354,5.846438775057725,205990,95.227787,870.0,11,3,6,0,3,14.001572610373936,Sin_dato,0,1,0.041198,5,2,9,riesgo_muy_bajo,0.96382827,1
4,13.922031300298752,6,35,Empleado,14.914123179965662,14.557448378884015,165783,89.2295,756.0,2,8,1,0,0,13.935868054628008,Creciente,0,0,0.055261,5,2,1,riesgo_bajo,0.96658975,1
4,14.145304113188862,12,54,Independiente,13.910821646859095,11.51293546492023,109258,95.227787,711.0,7,2,2,0,5,13.815511557963774,Estable,0,0,0.09932545454545455,2,1,7,riesgo_bajo,0.96530473,1
9,15.227033046797299,10,45,Independiente,15.424948670398354,14.508658238524095,348843,95.227787,695.0,7,8,4,0,0,14.001572610373936,Sin_dato,0,1,0.0697686,5,2,4,riesgo_medio,0.95378494,1
4,14.497941019070316,12,26,Empleado,14.403297778421795,13.017005083966255,156416,95.227787,743.0,4,13,3,0,0,13.889651886704517,Creciente,0,0,0.08689777777777778,5,2,3,riesgo_bajo,0.96552634,1
4,14.375126688756781,12,28,Independiente,15.201805169084134,13.997832948091215,136859,75.691683,795.0,2,6,1,0,1,14.001572610373936,Sin_dato,0,1,0.03421475,1,1,2,riesgo_bajo,0.95699054,1
4,15.943742382861155,6,53,Empleado,14.55267510240978,13.829414449326073,1166667,95.227787,802.0,7,6,5,0,2,14.001572610373936,Sin_dato,0,1,0.5582138755980861,8,3,7,riesgo_bajo,0.962008,1
4,15.185675791219289,6,59,Independiente,14.731801689838349,15.741218145474653,592441,95.227787,858.0,16,3,12,0,2,14.731801689838349,Estable,0,0,0.2369764,8,3,14,riesgo_muy_bajo,0.9573751,1
4,14.459552679780694,6,26,Empleado,15.201805169084134,14.115615891155079,283094,95.227787,789.0,3,2,0,0,2,15.079844890677075,Creciente,0,0,0.0707735,4,2,2,riesgo_bajo,0.9686413,1
4,14.766087154323149,6,30,Empleado,15.068273812173887,14.403297778421795,387469,16.693413,760.0,3,2,2,0,1,12.716900269294165,Creciente,0,0,0.11070542857142857,5,2,3,riesgo_bajo,0.75545394,0
10,13.881299234831427,12,46,Independiente,14.978661680269907,13.592368256649284,83797,95.227787,764.0,8,4,2,1,5,14.001572610373936,Sin_dato,0,1,0.0261865625,12,4,8,riesgo_bajo,0.96606845,1
9,15.016596699886408,9,39,Independiente,15.363073279446223,14.731801689838349,311150,95.227787,689.0,5,4,2,0,2,14.001572610373936,Sin_dato,0,1,0.06620212765957446,5,2,4,riesgo_medio,0.9625773,1
4,13.837664340695696,6,23,Empleado,15.424948670398354,13.815511557963774,151473,95.227787,752.0,3,4,1,0,2,14.001572610373936,Sin_dato,0,1,0.0302946,12,4,3,riesgo_bajo,0.9473992,1
4,14.535436466345264,12,36,Empleado,14.508658238524095,12.899222326086994,142658,95.227787,779.0,1,3,1,0,0,14.301018989130402,Creciente,0,0,0.071329,1,1,1,riesgo_bajo,0.9655839,1
4,13.938082994994668,6,58,Empleado,16.52356082573315,15.607270193858982,168124,95.227787,871.0,12,5,10,0,1,16.060789216987462,Creciente,0,0,0.011208266666666666,5,2,11,riesgo_muy_bajo,0.96479964,1
9,15.430488177845701,10,36,Empleado,16.817523119162388,16.58934856202646,450728,95.227787,802.0,8,9,6,0,0,14.63732795977766,Decreciente,0,0,0.022395309549836033,3,1,6,riesgo_bajo,0.96428406,1
9,13.486709502451061,2,47,Independiente,15.424948670398354,14.508658238524095,283931,95.227787,751.0,9,23,5,0,2,13.755537598769623,Creciente,0,0,0.0567862,5,2,7,riesgo_bajo,0.960867,1
4,14.833117036435578,6,32,Empleado,14.648420115681892,13.878486296092358,418418,95.227787,814.0,7,1,4,0,2,14.784862320858506,Creciente,0,0,0.18192086956521739,10,4,6,riesgo_bajo,0.9650137,1
9,13.735018032471203,10,32,Empleado,14.220976332738882,13.592368256649284,78256,95.227787,812.0,2,1,0,0,1,14.001572610373936,Sin_dato,0,1,0.052170666666666664,1,1,1,riesgo_bajo,0.96282774,1
9,14.503336103710227,10,46,Empleado,15.511126350125648,14.731801689838349,169173,69.456282,699.0,19,7,12,0,4,14.560624755909455,Creciente,0,0,0.03104091743119266,4,2,16,riesgo_medio,0.94967014,1
4,14.225685225334734,12,61,Independiente,14.978661680269907,12.100717685412471,104658,95.227787,820.0,5,6,5,0,0,14.001572610373936,Sin_dato,0,1,0.032705625,1,1,5,riesgo_bajo,0.96657604,1
4,15.145520505547596,6,38,Independiente,15.894952224644102,14.220976332738882,561210,95.227787,787.0,15,10,5,0,3,13.815511557963774,Estable,0,0,0.07015125,2,1,8,riesgo_bajo,0.959618,1
4,14.943876128343447,6,32,Empleado,15.76142084987672,14.508658238524095,459456,95.227787,867.0,3,4,3,0,0,16.054631006342234,Creciente,0,0,0.06563657142857143,5,2,3,riesgo_muy_bajo,0.9622229,1
4,14.469709508244108,6,42,Empleado,15.201805169084134,13.304686600863562,284923,95.227787,805.0,10,4,8,0,0,14.400189621493366,Creciente,0,0,0.07123075,12,4,8,riesgo_bajo,0.964148,1
4,13.904401084911825,8,40,Empleado,14.403297778421795,13.122365377402328,124065,95.227787,765.0,1,4,0,0,0,13.995053257307793,Creciente,0,0,0.068925,3,1,0,riesgo_bajo,0.96673167,1
9,14.340667515820536,9,100,Empleado,17.493166341166564,16.702881205920505,158504,95.227787,0.0,0,0,0,0,0,14.001572610373936,Sin_dato,1,1,4.368528134978294e-05,6,2,0,sin_clasificar,0.9622339,1
4,15.859271526793076,6,52,Independiente,16.300417291085605,0.0,1147292,95.227787,791.0,2,3,0,0,1,13.744438741253175,Creciente,0,0,0.09560766666666666,3,1,1,riesgo_bajo,0.9437222,1
9,14.113633484507382,10,48,Empleado,15.319588176962746,14.508658238524095,114094,89.979287,700.0,7,2,1,0,2,14.001572610373936,Sin_dato,0,1,0.025354222222222222,12,4,3,riesgo_medio,0.9613197,1
4,15.35031134288203,36,57,Empleado,15.227960120107017,13.431319053559353,173494,95.227787,840.0,7,2,4,1,0,14.001572610373936,Sin_dato,0,1,0.0422537749634681,12,4,5,riesgo_bajo,0.9655263,1
4,13.426727035293569,6,32,Independiente,14.220976332738882,13.122365377402328,101190,95.227787,746.0,3,4,1,0,2,14.001572610373936,Sin_dato,0,1,0.06746,6,2,3,riesgo_bajo,0.9574022,1
4,14.984096881065952,6,42,Empleado,15.518438995635059,14.441449523589984,487608,95.227787,844.0,9,6,7,0,2,13.855061985656242,Creciente,0,0,0.08881748633879781,10,4,9,riesgo_bajo,0.9634311,1
4,14.476548200921425,6,38,Empleado,14.661808347018232,0.0,299720,95.227787,775.0,3,1,2,0,0,14.001572610373936,Sin_dato,0,1,0.1285800085800086,2,1,2,riesgo_bajo,0.96707493,1
4,15.943742382861155,36,38,Independiente,14.731801689838349,11.289794413577894,288406,95.227787,818.0,5,3,3,0,0,14.001572610373936,Sin_dato,0,1,0.1153624,6,2,3,riesgo_bajo,0.9370958,1
9,13.591968177128143,11,46,Empleado,14.946912992035967,14.508658238524095,62324,95.227787,741.0,4,6,0,0,3,14.343270581945962,Decreciente,0,0,0.020104516129032256,4,2,3,riesgo_bajo,0.9645256,1
9,14.904021533048564,9,50,Independiente,14.996010313229828,14.279245203127035,278288,95.227787,919.0,4,0,2,0,1,14.001572610373936,Sin_dato,0,1,0.08546928746928747,6,2,3,riesgo_muy_bajo,0.96414953,1
4,14.836334191117935,12,32,Empleado,16.835935492889124,15.424948670398354,192742,95.227787,734.0,9,4,6,0,0,15.987036172064686,Creciente,0,0,0.009402048780487804,1,1,6,riesgo_bajo,0.96663976,1
4,14.165463660863566,12,22,Empleado,14.220976332738882,12.206077645517674,112493,95.227787,708.0,12,12,2,0,10,13.815511557963774,Estable,0,0,0.07499533333333333,4,2,12,riesgo_bajo,0.949222,0
9,13.98417004558592,9,62,Independiente,15.068273812173887,14.508658238524095,110549,95.227787,889.0,3,2,1,0,2,14.001572610373936,Sin_dato,0,1,0.03158542857142857,2,1,3,riesgo_muy_bajo,0.967405,1
4,13.368224519065112,12,50,Empleado,14.220976332738882,13.304686600863562,50103,95.227787,891.0,6,3,3,0,0,14.16653707955833,Creciente,0,0,0.033402,1,1,3,riesgo_muy_bajo,0.96847034,1
4,15.603201930362452,6,35,Independiente,15.894952224644102,14.508658238524095,829950,95.227787,801.0,4,4,3,0,0,14.001572610373936,Sin_dato,0,1,0.10374375,1,1,3,riesgo_bajo,0.9561837,1
4,14.823760771408901,6,63,Empleado,15.201805169084134,14.220976332738882,405968,95.227787,800.0,7,3,4,0,1,15.295121294398822,Creciente,0,0,0.101492,11,4,5,riesgo_bajo,0.96420705,1
9,14.556753280547156,10,39,Independiente,14.220976332738882,13.45883704259595,178269,95.227787,861.0,2,2,1,0,1,14.001572610373936,Sin_dato,0,1,0.118846,4,2,2,riesgo_muy_bajo,0.9678449,1
4,13.073848955214583,6,30,Empleado,14.388748005549362,10.668978650219241,73639,95.227787,772.0,2,4,0,0,1,14.50854573225175,Creciente,0,0,0.04151014656144306,1,1,1,riesgo_bajo,0.962103,1
4,14.690979711984754,6,44,Empleado,16.118095750958314,14.914123179965662,356790,95.227787,847.0,13,1,9,0,2,16.060789216987462,Creciente,0,0,0.035679,4,2,11,riesgo_bajo,0.9620388,1
9,13.528773372299671,2,44,Independiente,15.201805169084134,14.508658238524095,295782,95.227787,864.0,4,1,2,0,1,14.001572610373936,Sin_dato,0,1,0.0739455,11,4,3,riesgo_muy_bajo,0.9643958,1
9,14.621887401071488,11,56,Independiente,14.914123179965662,14.648420115681892,175057,81.231786,797.0,6,7,2,0,2,14.001572610373936,Sin_dato,0,1,0.05835233333333333,7,3,4,riesgo_bajo,0.96489364,1
9,14.771985769189065,10,69,Independiente,15.894952224644102,14.508658238524095,221080,91.410695,791.0,0,1,0,0,0,16.060789216987462,Sin_dato,0,0,0.027635,3,1,0,riesgo_bajo,0.9627916,1
4,14.04847849160641,6,48,Independiente,13.997832948091215,12.206077645517674,187662,95.227787,768.0,5,2,0,0,0,13.815511557963774,Estable,0,0,0.156385,5,2,0,riesgo_bajo,0.96481264,1
9,13.591968177128143,11,27,Empleado,14.946912992035967,14.220976332738882,62217,22.632236,762.0,2,6,0,0,1,13.725233490771913,Creciente,0,0,0.02007,2,1,1,riesgo_bajo,0.75081855,0
9,14.939377967651888,10,36,Empleado,14.690979711984754,14.346139397261565,260543,12.919289,833.0,7,9,5,0,1,14.43126630478248,Decreciente,0,0,0.10855958333333333,12,4,6,riesgo_bajo,0.76820695,0
4,14.423590470529456,12,30,Empleado,14.346139397261565,13.45883704259595,144315,95.227787,755.0,5,10,2,0,1,14.001572610373936,Sin_dato,0,1,0.08489117647058823,3,1,3,riesgo_bajo,0.95590156,1
4,14.996661206803774,10,57,Empleado,14.220976332738882,12.611541086966115,300854,95.227787,810.0,5,0,2,0,1,13.719579885694309,Estable,0,0,0.20056933333333332,1,1,3,riesgo_bajo,0.96177065,1
4,14.30818096870172,6,40,Empleado,15.201805169084134,14.508658238524095,227317,95.227787,822.0,10,7,5,0,1,15.602370711789252,Decreciente,0,0,0.05682925,1,1,6,riesgo_bajo,0.9637175,1
4,14.63440938474679,24,42,Independiente,14.220976332738882,13.122365377402328,99248,95.227787,800.0,2,3,1,0,0,14.001572610373936,Sin_dato,0,1,0.06616533333333334,12,4,1,riesgo_bajo,0.95972675,1
4,14.431042623528413,8,41,Empleado,13.815511557963774,12.899222326086994,209619,95.227787,844.0,1,0,1,0,0,13.719579885694309,Creciente,0,0,0.209619,1,1,1,riesgo_bajo,0.9633313,1
4,15.309403154179284,36,45,Empleado,14.88022163978423,13.815511557963774,143712,95.227787,805.0,9,6,4,1,2,15.071145113789102,Creciente,0,0,0.04955586206896552,12,4,7,riesgo_bajo,0.9638803,1
9,13.591968177128143,11,37,Empleado,14.946912992035967,14.375126917328105,62324,95.227787,798.0,1,17,0,0,0,13.690307814226168,Creciente,0,0,0.020104516129032256,4,2,0,riesgo_bajo,0.9431425,1
4,14.7642998444405,12,52,Empleado,15.153140009570041,8.006700845440367,205981,95.227787,873.0,3,3,2,0,1,14.001572610373936,Sin_dato,0,1,0.054063254593175854,8,3,3,riesgo_muy_bajo,0.96791774,1
4,14.074793927498998,6,63,Empleado,14.508658238524095,13.122365377402328,192666,95.227787,800.0,4,8,2,0,1,14.536936595771946,Creciente,0,0,0.096333,1,1,3,riesgo_bajo,0.9643173,1
4,14.869690523266547,12,48,Independiente,14.914123179965662,13.122365377402328,224739,95.227787,799.0,3,3,0,0,1,13.720101473269022,Creciente,0,0,0.074913,1,1,1,riesgo_bajo,0.9645501,1
9,14.956666430367134,11,41,Empleado,14.508658238524095,13.815511557963774,243552,91.99794,822.0,8,2,6,0,1,14.001572610373936,Sin_dato,0,1,0.121776,1,1,7,riesgo_bajo,0.96752834,1
9,15.20949948980063,5,46,Independiente,17.034386422832473,15.894952224644102,653363,89.2295,697.0,13,5,0,0,12,14.001572610373936,Sin_dato,0,1,0.02613452,1,1,12,riesgo_medio,0.9526039,1
4,13.847242724892212,10,35,Empleado,13.997832948091215,12.611541086966115,95317,95.227787,744.0,6,4,2,0,0,13.943587979691483,Creciente,0,0,0.07943083333333334,1,1,2,riesgo_bajo,0.9626943,1
9,13.380654434537552,11,29,Empleado,14.557448378884015,13.710151153416941,50452,95.227787,791.0,2,8,2,0,0,11.234691947338058,Decreciente,0,0,0.024024761904761906,4,2,2,riesgo_bajo,0.95745,1
4,15.67659137361437,12,42,Empleado,15.894952224644102,15.201805169084134,446575,95.227787,834.0,4,2,2,0,1,16.043082946580874,Creciente,0,0,0.055821875,12,4,3,riesgo_bajo,0.9595928,1
9,15.352636023785005,12,47,Empleado,15.201805169084134,14.45736497045232,323000,95.227787,808.0,0,6,0,0,0,14.001572610373936,Sin_dato,0,1,0.08075,5,2,0,riesgo_bajo,0.9557038,1
9,15.67279309475497,8,63,Empleado,15.137266664613225,15.068273812173887,727513,95.227787,831.0,6,2,6,0,0,15.070414376062063,Estable,0,0,0.19400346666666668,6,2,6,riesgo_bajo,0.96538234,1
9,15.08776949609691,10,36,Empleado,15.201805169084134,14.508658238524095,304607,95.227787,822.0,3,0,2,0,0,14.001572610373936,Sin_dato,0,1,0.07615175,7,3,2,riesgo_bajo,0.96720773,1
4,13.997832948091215,24,26,Empleado,14.279245203127035,12.688501881189456,58404,95.227787,685.0,6,5,3,0,1,13.8950793071834,Creciente,0,0,0.036732075471698114,11,4,4,riesgo_medio,0.93930763,1
4,14.33430494661736,12,26,Empleado,14.285514812209815,13.45883704259595,131879,95.227787,747.0,4,4,2,0,1,14.144092461906935,Creciente,0,0,0.082424375,11,4,3,riesgo_bajo,0.9657519,1
4,14.658869671662824,12,57,Empleado,14.508658238524095,13.122365377402328,182596,95.227787,857.0,2,3,2,0,0,13.719579885694309,Estable,0,0,0.091298,2,1,2,riesgo_muy_bajo,0.9684038,1
4,14.16165090740107,12,52,Independiente,15.150511887854474,13.997832948091215,112764,95.227787,840.0,5,3,1,1,1,13.755537598769623,Creciente,0,0,0.029674736842105264,6,2,3,riesgo_bajo,0.96832854,1
9,14.053740534718278,5,39,Independiente,15.424948670398354,14.508658238524095,205990,95.227787,733.0,2,1,0,0,2,13.606372224139212,Creciente,0,0,0.041198,5,2,2,riesgo_bajo,0.959009,1
4,15.014800715793962,6,63,Empleado,14.77102238760702,13.122365377402328,494421,95.227787,888.0,5,0,2,0,0,13.763237836726377,Decreciente,0,0,0.1901619230769231,5,2,2,riesgo_muy_bajo,0.9619766,1
4,15.81168257681448,12,33,Independiente,16.118095750958314,14.508658238524095,578962,95.227787,757.0,3,3,2,0,1,14.001572610373936,Sin_dato,0,1,0.0578962,3,1,3,riesgo_bajo,0.95190275,1
4,14.484508990512692,24,44,Empleado,15.319588176962746,14.220976332738882,85804,95.227787,837.0,6,3,4,0,1,15.383670955477786,Creciente,0,0,0.019067555555555556,4,2,5,riesgo_bajo,0.9693262,1
4,13.677627998442286,6,62,Independiente,15.607270193858982,14.731801689838349,129603,95.227787,752.0,10,3,2,1,5,13.728690435411622,Creciente,0,0,0.0216005,1,1,8,riesgo_bajo,0.96002364,1
4,14.355997231171571,6,43,Empleado,15.068273812173887,14.508658238524095,255172,95.227787,846.0,4,2,3,0,1,14.714372283274377,Creciente,0,0,0.07290628571428572,3,1,4,riesgo_bajo,0.9688147,1
4,13.881299234831427,12,60,Empleado,13.997832948091215,12.611541086966115,84150,95.227787,762.0,7,2,1,3,2,13.736220566928477,Creciente,0,0,0.070125,2,1,6,riesgo_bajo,0.9663539,1
9,14.302715517398013,11,26,Empleado,15.150511887854474,14.508658238524095,125956,95.227787,701.0,2,5,0,0,1,13.719579885694309,Estable,0,0,0.03314631578947368,1,1,1,riesgo_bajo,0.9556595,1
9,14.386897366240479,10,42,Empleado,15.424948670398354,14.914123179965662,150421,85.538247,809.0,6,8,1,0,2,15.869125700810956,Creciente,0,0,0.0300842,4,2,3,riesgo_bajo,0.96332765,1
9,14.071569291985531,10,62,Empleado,15.319588176962746,15.068273812173887,109854,95.227787,706.0,12,10,9,0,2,14.492744288563904,Creciente,0,0,0.024412,4,2,11,riesgo_bajo,0.9532389,1
4,15.099107797884791,6,43,Independiente,14.508658238524095,14.914123179965662,536976,95.227787,789.0,3,3,0,0,1,13.79348067216831,Decreciente,0,0,0.268488,1,1,1,riesgo_bajo,0.9540436,1
4,14.891673058696076,6,55,Empleado,15.150511887854474,13.864301674514206,437170,95.227787,883.0,5,5,4,0,0,15.147778419206984,Creciente,0,0,0.11504473684210527,5,2,4,riesgo_muy_bajo,0.9644385,1
4,15.071776241925926,10,35,Independiente,16.118095750958314,12.206077645517674,325356,91.410695,789.0,9,3,3,0,3,14.074191122856979,Creciente,0,0,0.0325356,2,1,6,riesgo_bajo,0.96334445,1
4,14.076274311528005,6,41,Empleado,14.914123179965662,14.220976332738882,193735,95.227787,804.0,4,2,3,0,0,15.33552276307555,Creciente,0,0,0.06457833333333333,4,2,3,riesgo_bajo,0.96851707,1
4,13.04434778041959,6,28,Empleado,14.953343880298434,14.187764221045963,70789,95.227787,698.0,3,4,1,0,1,14.85717641032361,Creciente,0,0,0.022688782051282053,11,4,2,riesgo_medio,0.9531516,1
4,14.163262510156258,6,27,Empleado,14.403297778421795,0.0,210440,95.227787,786.0,2,2,0,0,1,14.001572610373936,Sin_dato,0,1,0.1169111111111111,3,1,1,riesgo_bajo,0.9596138,1
9,13.811764951932009,10,29,Empleado,14.385206229888077,11.532737896139919,85700,95.227787,811.0,2,8,0,0,2,14.354235938613899,Creciente,0,0,0.048480309187838855,8,3,2,riesgo_bajo,0.9626461,1
4,16.379497929789043,12,48,Independiente,15.985478240524793,14.888463441849012,1080812,95.227787,803.0,9,6,5,0,2,15.472536579055141,Creciente,0,0,0.12340854076273122,1,1,7,riesgo_bajo,0.95772195,1
4,14.711125409367659,12,63,Empleado,14.077875591662238,12.611541086966115,170058,95.227787,881.0,6,3,1,2,0,14.078064035299112,Creciente,0,0,0.13081384615384614,1,1,3,riesgo_muy_bajo,0.9647818,1
4,13.997832948091215,6,51,Empleado,14.731801689838349,12.611541086966115,177907,95.227787,747.0,13,4,2,0,9,14.001572610373936,Sin_dato,0,1,0.0711628,12,4,11,riesgo_bajo,0.9643394,1
9,13.619239923575398,9,51,Independiente,15.424948670398354,14.914123179965662,77042,95.227787,878.0,7,4,4,0,1,14.75964289037737,Creciente,0,0,0.0154084,6,2,5,riesgo_muy_bajo,0.96716654,1
4,14.212137389990426,12,26,Empleado,13.997832948091215,13.122365377402328,117868,95.227787,767.0,7,8,2,0,2,14.001572610373936,Sin_dato,0,1,0.09822333333333333,3,1,4,riesgo_bajo,0.95949143,1
9,14.68070056638159,10,43,Empleado,15.150511887854474,13.717898831632498,209486,95.227787,870.0,2,3,2,0,0,15.611265534511567,Creciente,0,0,0.055127894736842105,12,4,2,riesgo_muy_bajo,0.96861076,1
4,13.955447267675428,8,37,Independiente,15.894952224644102,14.88022163978423,130342,95.227787,857.0,7,2,4,0,1,13.719579885694309,Estable,0,0,0.01629275,12,4,5,riesgo_muy_bajo,0.9660085,1
4,14.282184274198414,12,45,Independiente,15.607270193858982,13.815511557963774,125129,95.227787,786.0,3,8,1,0,0,13.912683547115968,Decreciente,0,0,0.020854833333333333,12,4,1,riesgo_bajo,0.963984,1
4,14.398486224104099,10,56,Empleado,14.285514812209815,13.45883704259595,165590,95.227787,876.0,2,3,2,0,0,14.029142618121089,Creciente,0,0,0.10349375,1,1,2,riesgo_muy_bajo,0.96837336,1
4,14.354107562242211,6,51,Independiente,15.894952224644102,14.845130332288226,256635,95.227787,816.0,11,7,3,2,2,13.88085156952026,Creciente,0,0,0.032079375,7,3,7,riesgo_bajo,0.96365523,1
4,14.644935793116847,12,30,Empleado,14.731801689838349,13.122365377402328,179501,95.227787,755.0,5,4,3,0,1,13.742721561733093,Creciente,0,0,0.0718004,12,4,4,riesgo_bajo,0.96151537,1
4,14.728757060871832,6,50,Independiente,14.914123179965662,13.815511557963774,370189,95.227787,783.0,5,3,1,1,2,13.74666838940678,Creciente,0,0,0.12339633333333333,4,2,4,riesgo_bajo,0.96664375,1
4,13.710151153416941,8,31,Independiente,14.508658238524095,12.899222326086994,101986,95.227787,802.0,4,7,2,0,2,14.429073259181378,Creciente,0,0,0.050993,12,4,4,riesgo_bajo,0.96066487,1
4,13.913363864914102,6,51,Empleado,14.285514812209815,13.592368256649284,164610,95.227787,806.0,4,3,1,0,1,14.365545164045509,Creciente,0,0,0.10288125,6,2,2,riesgo_bajo,0.9676638,1
4,15.160983184980543,36,38,Empleado,15.426946672661826,14.104442598879876,135593,95.227787,778.0,14,6,8,0,3,14.285514812209815,Creciente,0,0,0.027064471057884232,10,4,11,riesgo_bajo,0.95482564,1
4,13.304686600863562,12,47,Empleado,14.88022163978423,13.815511557963774,41667,95.227787,802.0,2,1,2,0,0,15.063628469151336,Decreciente,0,0,0.014367931034482759,1,1,2,riesgo_bajo,0.966655,1
4,14.30237191882885,6,53,Independiente,14.845130332288226,13.815511557963774,241918,95.227787,777.0,6,7,2,0,1,14.001572610373936,Sin_dato,0,1,0.08639928571428572,4,2,3,riesgo_bajo,0.96640146,1
9,14.514651837962434,10,57,Independiente,14.914123179965662,13.815511557963774,171368,89.979287,775.0,6,3,0,1,3,14.001572610373936,Sin_dato,0,1,0.05712266666666667,7,3,4,riesgo_bajo,0.9655339,1
4,14.04662307257814,6,28,Empleado,14.220976332738882,13.122365377402328,187452,95.227787,736.0,4,4,1,0,2,14.040214491249088,Creciente,0,0,0.124968,2,1,3,riesgo_bajo,0.9652973,1
4,15.607270193858982,18,49,Independiente,14.731801689838349,12.611541086966115,332085,95.227787,879.0,7,3,6,1,0,15.034770516045496,Creciente,0,0,0.132834,1,1,7,riesgo_muy_bajo,0.95835084,1
4,14.171533989715025,12,39,Empleado,15.483217567201578,13.304686600863562,112022,95.227787,826.0,9,3,7,0,2,15.554058578533086,Creciente,0,0,0.02113622641509434,12,4,9,riesgo_bajo,0.9687562,1
4,15.607270193858982,12,51,Independiente,14.900700164138025,11.736077016252437,499273,95.227787,844.0,3,4,1,0,1,13.784545036757393,Creciente,0,0,0.1686733108108108,10,4,2,riesgo_bajo,0.9667701,1
9,14.920041629362231,12,36,Empleado,14.508658238524095,13.815511557963774,236053,90.562453,831.0,5,2,5,0,0,15.237688097706268,Creciente,0,0,0.1180265,1,1,5,riesgo_bajo,0.96803546,1
4,15.353409718048038,18,26,Empleado,14.165765940540801,12.796636007394284,269081,95.227787,747.0,2,2,0,1,1,14.158397178369288,Decreciente,0,0,0.18956989042777062,7,3,2,riesgo_bajo,0.96474075,1
4,14.607598139277572,6,45,Empleado,14.914123179965662,13.815511557963774,327724,95.227787,811.0,6,2,4,0,0,14.660662689349234,Creciente,0,0,0.10924133333333333,12,4,4,riesgo_bajo,0.96813667,1
9,15.089754688205927,10,37,Independiente,15.201805169084134,14.508658238524095,304096,95.227787,738.0,6,9,3,0,2,13.739515729893927,Creciente,0,0,0.076024,5,2,5,riesgo_bajo,0.9620509,1
4,14.455257489223126,6,30,Independiente,15.607270193858982,14.508658238524095,281800,95.227787,761.0,6,6,3,1,0,13.737719812718867,Creciente,0,0,0.046966666666666664,3,1,4,riesgo_bajo,0.96486914,1
9,13.591968177128143,11,51,Empleado,14.946912992035967,14.220976332738882,62324,95.227787,753.0,4,8,0,1,1,13.686104359300888,Decreciente,0,0,0.020104516129032256,4,2,2,riesgo_bajo,0.9635007,1
4,14.291919255892822,12,40,Empleado,14.508658238524095,13.122365377402328,127294,95.227787,784.0,5,12,3,1,1,14.264898129168726,Creciente,0,0,0.063647,5,2,5,riesgo_bajo,0.96728224,1
4,15.01241070994569,12,35,Independiente,15.76142084987672,14.508658238524095,229850,95.227787,887.0,4,0,3,0,0,14.75238831529627,Estable,0,0,0.03283571428571429,1,1,3,riesgo_muy_bajo,0.9648778,1
4,15.26863167957903,12,40,Empleado,15.76142084987672,13.017005083966255,296975,95.227787,839.0,8,2,5,0,0,15.752905555803265,Decreciente,0,0,0.042425,1,1,5,riesgo_bajo,0.96772367,1
4,15.452393078139856,12,32,Empleado,15.319588176962746,13.997832948091215,356884,95.227787,792.0,6,2,3,0,1,14.08392570960353,Creciente,0,0,0.07930755555555556,1,1,4,riesgo_bajo,0.96505654,1
9,14.213713224938301,11,69,Independiente,15.039286283703994,14.077875591662238,115859,95.227787,888.0,5,1,2,0,1,14.001572610373936,Sin_dato,0,1,0.034076176470588235,12,4,3,riesgo_muy_bajo,0.96815854,1
4,13.997832948091215,6,34,Empleado,15.068273812173887,13.815511557963774,178111,95.227787,814.0,5,5,1,0,2,14.669771831701377,Creciente,0,0,0.050888857142857145,12,4,3,riesgo_bajo,0.96452546,1
4,15.302970874862893,24,25,Empleado,14.914123179965662,0.0,153675,95.227787,718.0,9,6,4,0,3,14.402402934220587,Creciente,0,0,0.051225,4,2,7,riesgo_bajo,0.92401445,0
4,14.04662307257814,12,34,Empleado,14.508658238524095,13.592368256649284,99155,95.227787,814.0,3,2,2,0,0,13.965482806005777,Decreciente,0,0,0.0495775,3,1,2,riesgo_bajo,0.96889055,1
4,15.160983184980543,18,38,Empleado,15.319588176962746,13.815511557963774,212322,95.227787,750.0,6,8,2,0,2,15.554821328740392,Creciente,0,0,0.047182666666666664,12,4,4,riesgo_bajo,0.9664883,1
4,13.304686600863562,12,41,Empleado,14.690979711984754,12.899222326086994,47135,91.028987,786.0,5,15,2,0,2,13.72850063551904,Estable,0,0,0.019639583333333332,2,1,4,riesgo_bajo,0.9602906,1
9,14.079130802589138,10,41,Empleado,14.914123179965662,14.220976332738882,110514,95.227787,841.0,3,11,3,0,0,13.719582087057393,Decreciente,0,0,0.036838,3,1,3,riesgo_bajo,0.9608323,1
4,13.641015494117159,12,44,Empleado,14.403297778421795,12.765691290604371,58325,95.227787,722.0,1,6,0,0,0,13.8229905132181,Creciente,0,0,0.03240277777777778,1,1,0,riesgo_bajo,0.96202946,1
9,14.748162157933322,10,53,Independiente,14.914123179965662,13.815511557963774,215536,95.227787,797.0,4,4,2,0,0,14.001572610373936,Sin_dato,0,1,0.07184533333333333,1,1,2,riesgo_bajo,0.96598357,1
4,14.416345610069342,6,43,Independiente,14.914123179965662,12.206077645517674,270860,95.227787,846.0,2,1,1,0,0,13.815511557963774,Estable,0,0,0.09028666666666667,2,1,1,riesgo_bajo,0.96208656,1
9,15.248216208354014,10,39,Empleado,16.118095750958314,15.607270193858982,355378,95.227787,810.0,8,8,6,0,0,15.621579818671135,Creciente,0,0,0.0355378,12,4,6,riesgo_bajo,0.96480685,1
4,14.26319252731363,12,37,Empleado,14.220976332738882,12.765691290604371,108658,95.227787,801.0,12,0,2,0,8,14.001572610373936,Sin_dato,0,1,0.07243866666666667,12,4,10,riesgo_bajo,0.9649061,1
4,14.343477034351157,24,29,Empleado,14.603968372873895,13.592368256649284,74290,95.227787,760.0,6,8,3,0,1,14.629594019694636,Decreciente,0,0,0.033768181818181815,2,1,4,riesgo_bajo,0.9651912,1
4,14.878081420851442,12,31,Empleado,15.424948670398354,14.508658238524095,226632,95.227787,772.0,6,5,3,0,0,15.750429235796402,Decreciente,0,0,0.0453264,1,1,3,riesgo_bajo,0.9667885,1
4,14.54531796488875,6,60,Independiente,14.731801689838349,13.592368256649284,308427,95.227787,812.0,7,3,1,1,2,14.001572610373936,Sin_dato,0,1,0.1233708,4,2,4,riesgo_bajo,0.9669497,1
4,14.09586661054457,12,25,Empleado,14.45736497045232,12.611541086966115,103858,95.227787,710.0,5,7,3,0,1,14.062891593923599,Creciente,0,0,0.054662105263157894,1,1,4,riesgo_bajo,0.9622086,1
9,13.68640478638756,2,40,Independiente,15.424948670398354,14.508658238524095,346790,86.830187,756.0,8,6,5,0,2,14.993232503765,Creciente,0,0,0.069358,5,2,7,riesgo_bajo,0.96384466,1
4,14.988113121383847,12,64,Empleado,14.508658238524095,13.122365377402328,224333,95.227787,900.0,6,2,4,0,0,14.237077991636301,Creciente,0,0,0.1121665,1,1,4,riesgo_muy_bajo,0.96686393,1
4,13.364840426382775,6,46,Independiente,14.557448378884015,13.304686600863562,95112,95.227787,722.0,6,5,3,0,1,14.001572610373936,Sin_dato,0,1,0.04529142857142857,4,2,4,riesgo_bajo,0.9626833,1
4,14.401963556150386,6,44,Independiente,15.326232718209745,14.94594478184841,270572,95.227787,749.0,8,3,6,0,1,14.15791800347797,Creciente,0,0,0.05972891832229581,8,3,7,riesgo_bajo,0.96469504,1
4,15.283726092105645,12,65,Empleado,14.508658238524095,13.122365377402328,301492,95.227787,822.0,1,3,0,0,1,14.457141261338505,Creciente,0,0,0.150746,1,1,1,riesgo_bajo,0.95444655,1
9,15.242122674497246,9,100,Empleado,15.553467622706846,0.6931471805599453,390425,87.593604,0.0,0,0,0,0,0,14.001572610373936,Sin_dato,1,1,0.0686677049412431,7,3,0,sin_clasificar,0.95010334,1
4,14.260197020251155,6,49,Empleado,15.201805169084134,13.815511557963774,216667,95.227787,851.0,6,3,4,0,0,15.102372077777238,Creciente,0,0,0.05416675,1,1,4,riesgo_muy_bajo,0.96694994,1
4,14.745894393880993,12,45,Empleado,14.508658238524095,0.0,176075,95.227787,785.0,7,5,5,0,0,13.727934294183411,Creciente,0,0,0.0880375,1,1,5,riesgo_bajo,0.9636838,1
9,14.135619790710747,10,44,Independiente,14.914123179965662,14.220976332738882,117121,95.227787,795.0,1,4,1,0,0,14.297759531019965,Decreciente,0,0,0.03904033333333334,4,2,1,riesgo_bajo,0.96678126,1
4,14.807517482397907,30,65,Independiente,14.115615891155079,11.51293546492023,98926,95.227787,807.0,0,1,0,0,0,13.719579885694309,Estable,0,0,0.07327851851851852,12,4,0,riesgo_bajo,0.9539426,1
4,15.372054105507525,12,30,Empleado,15.607270193858982,13.122365377402328,370881,95.227787,764.0,5,15,3,0,1,15.36770635893823,Creciente,0,0,0.0618135,12,4,4,riesgo_bajo,0.9563968,1
4,14.06549154204794,12,64,Independiente,13.997832948091215,13.122365377402328,100793,95.227787,800.0,7,5,3,0,1,13.719579885694309,Estable,0,0,0.08399416666666666,11,4,4,riesgo_bajo,0.9626766,1
4,14.99108419641044,6,46,Empleado,14.403297778421795,13.304686600863562,483621,95.227787,849.0,2,6,1,1,0,13.703042622106155,Creciente,0,0,0.26867833333333335,5,2,2,riesgo_bajo,0.96315247,1
4,13.457836543692366,6,23,Empleado,14.508658238524095,12.611541086966115,103723,95.227787,741.0,3,2,1,0,1,14.648551411352976,Creciente,0,0,0.0518615,1,1,2,riesgo_bajo,0.96425295,1
4,15.884901890053227,12,54,Independiente,16.118095750958314,14.508658238524095,623003,95.227787,829.0,8,8,3,0,3,13.719579885694309,Estable,0,0,0.0623003,3,1,6,riesgo_bajo,0.9608341,1
4,15.175594661703302,10,36,Empleado,15.424948670398354,14.914123179965662,359600,95.227787,810.0,9,0,2,0,1,13.719579885694309,Estable,0,0,0.07192,1,1,3,riesgo_bajo,0.959688,1
4,14.212944166417959,12,44,Empleado,14.151983508870947,12.899222326086994,117097,95.227787,801.0,5,4,1,1,1,13.882384786711832,Creciente,0,0,0.08364071428571429,1,1,3,riesgo_bajo,0.96745616,1
4,14.252474979126433,6,61,Independiente,14.151983508870947,13.122365377402328,231064,95.227787,789.0,1,6,0,0,1,14.001572610373936,Sin_dato,0,1,0.1650457142857143,4,2,1,riesgo_bajo,0.96387124,0
4,13.774689605110144,24,28,Empleado,14.812459561859505,14.321726171945155,45226,95.227787,758.0,6,9,2,0,1,15.630964743675973,Creciente,0,0,0.016688560885608855,9,3,3,riesgo_bajo,0.9541554,1
4,14.504650219134586,8,34,Empleado,15.404745967162468,14.508658238524095,227584,95.227787,826.0,10,3,7,0,0,15.173634070688896,Creciente,0,0,0.046445714285714285,6,2,7,riesgo_bajo,0.96775997,1
4,14.297974360820648,12,35,Independiente,15.830413711839864,15.424948670398354,127279,95.227787,727.0,4,4,3,0,0,13.979163943723137,Creciente,0,0,0.016970533333333333,3,1,3,riesgo_bajo,0.96524096,1
4,14.48266329141489,12,28,Independiente,15.607270193858982,14.731801689838349,135325,95.227787,741.0,13,5,6,1,1,13.58921830468682,Creciente,0,0,0.022554166666666667,1,1,8,riesgo_bajo,0.9585703,1
9,14.731957997559133,10,42,Empleado,16.29560472966674,14.685129300751393,215087,95.227787,832.0,6,5,4,0,2,16.060789216987462,Decreciente,0,0,0.01801038452276044,8,3,6,riesgo_bajo,0.964638,1
4,14.786289853910306,12,55,Independiente,15.068273812173887,13.122365377402328,207393,95.227787,852.0,2,2,1,0,0,14.001572610373936,Sin_dato,0,1,0.05925514285714286,4,2,1,riesgo_muy_bajo,0.9647732,1
4,15.620305264790908,12,28,Empleado,14.845130332288226,13.815511557963774,422134,95.227787,783.0,7,4,6,0,0,14.525209499239624,Decreciente,0,0,0.15076214285714284,1,1,6,riesgo_bajo,0.9625721,1
9,14.876246855601568,9,36,Empleado,15.201805169084134,14.731801689838349,270665,95.227787,719.0,5,15,4,0,1,14.792261380473292,Creciente,0,0,0.06766625,6,2,5,riesgo_bajo,0.9605577,1
4,14.952189368321859,12,22,Independiente,14.220976332738882,12.206077645517674,244025,95.227787,707.0,6,4,1,0,3,13.719579885694309,Estable,0,0,0.16268333333333335,12,4,4,riesgo_bajo,0.9559534,1
4,14.91600939930563,12,37,Independiente,15.278766191701747,15.411052568004864,241256,95.227787,775.0,8,5,2,1,5,14.001572610373936,Sin_dato,0,1,0.0558462962962963,9,3,8,riesgo_bajo,0.96438175,1
4,15.016932411379829,12,51,Empleado,15.176487367510099,13.122365377402328,230892,95.227787,908.0,4,2,1,0,2,14.001572610373936,Sin_dato,0,1,0.05920307692307692,12,4,3,riesgo_muy_bajo,0.9658324,1
4,14.50687665333325,10,66,Empleado,13.768695641707609,12.899222326086994,184547,95.227787,828.0,3,2,3,0,0,13.736220566928477,Creciente,0,0,0.20505222222222222,1,1,3,riesgo_bajo,0.9612645,1
4,13.8924725250259,12,46,Empleado,13.910821646859095,12.899222326086994,75000,95.227787,746.0,2,2,0,0,0,13.823099687532867,Creciente,0,0,0.06818181818181818,1,1,0,riesgo_bajo,0.96500945,1
4,13.8924725250259,6,56,Empleado,15.319588176962746,13.217675375388819,160117,95.227787,852.0,4,2,1,1,0,14.754142652601207,Creciente,0,0,0.035581555555555554,7,3,2,riesgo_muy_bajo,0.96756583,1
4,14.794776464586601,12,51,Independiente,15.894952224644102,15.201805169084134,208222,91.99794,795.0,6,3,3,1,1,14.001572610373936,Sin_dato,0,1,0.02602775,12,4,5,riesgo_bajo,0.9666531,1
9,15.003216592874317,9,37,Empleado,15.424948670398354,14.508658238524095,306721,95.227787,820.0,6,4,5,0,1,13.571813472493883,Decreciente,0,0,0.0613442,4,2,6,riesgo_bajo,0.9640648,1
4,15.755690175988754,8,38,Independiente,16.105516970017277,16.397543994103078,807187,95.227787,798.0,12,2,6,0,5,13.790247107476947,Creciente,0,0,0.08174045569620253,9,3,11,riesgo_bajo,0.96395963,1
4,13.911457807523835,6,69,Empleado,14.403297778421795,13.592368256649284,163260,95.227787,859.0,6,0,4,0,2,14.001572610373936,Sin_dato,0,1,0.0907,1,1,6,riesgo_muy_bajo,0.96762353,1
4,14.715623532754746,6,41,Empleado,15.424948670398354,14.508658238524095,341650,95.227787,800.0,0,7,0,0,0,15.194843494497073,Creciente,0,0,0.06833,1,1,0,riesgo_bajo,0.95967704,1
4,14.900348751167066,12,21,Empleado,14.914123179965662,12.899222326086994,232879,95.227787,750.0,5,14,2,0,1,14.580555520004985,Creciente,0,0,0.07762633333333334,4,2,3,riesgo_bajo,0.9531407,1
4,14.679918769259638,12,51,Empleado,15.607270193858982,13.122365377402328,186248,95.227787,833.0,4,1,3,0,0,14.589227076734318,Creciente,0,0,0.031041333333333334,2,1,3,riesgo_bajo,0.96743864,1
4,14.766736293984767,6,32,Empleado,14.617512591866694,12.85840043573314,391018,95.227787,758.0,1,4,1,0,0,13.76421831620775,Estable,0,0,0.17534439461883408,9,3,1,riesgo_bajo,0.96230996,1
4,14.205578400903514,12,52,Empleado,13.815511557963774,11.918397239722838,102575,95.227787,730.0,7,2,0,0,7,13.727934294183411,Creciente,0,0,0.102575,1,1,7,riesgo_bajo,0.96436787,1
9,15.488531272481948,10,25,Empleado,14.837961845378985,13.856653460987888,458343,95.227787,703.0,6,5,5,0,0,14.961203932110879,Creciente,0,0,0.16487158273381294,9,3,5,riesgo_bajo,0.94635606,1
4,15.125971112380515,12,35,Empleado,14.681770776754222,12.160033942617156,306355,95.227787,840.0,4,9,1,0,3,14.393995204035786,Creciente,0,0,0.12882884777123632,12,4,4,riesgo_bajo,0.96498024,1
4,14.370774605081698,6,34,Empleado,14.848695397181752,14.166168133802548,262264,95.227787,808.0,4,4,1,0,1,14.001572610373936,Sin_dato,0,1,0.09333238434163701,8,3,2,riesgo_bajo,0.96392405,1
4,14.993673433234207,18,23,Empleado,14.508658238524095,11.51293546492023,180245,95.227787,730.0,10,13,3,0,3,13.452972746671447,Creciente,0,0,0.0901225,5,2,6,riesgo_bajo,0.9556263,1
9,15.041609699444932,11,38,Empleado,15.424948670398354,14.731801689838349,265599,95.227787,812.0,7,3,5,1,0,13.997832948091215,Estable,0,0,0.0531198,4,2,6,riesgo_bajo,0.96795917,1
9,14.295935323058695,10,30,Independiente,15.319588176962746,14.914123179965662,137342,95.227787,753.0,5,1,2,0,1,14.001572610373936,Sin_dato,0,1,0.030520444444444444,4,2,3,riesgo_bajo,0.96130425,1
9,14.386897366240479,9,39,Empleado,14.914123179965662,13.815511557963774,165924,95.227787,765.0,4,2,2,0,1,14.001572610373936,Sin_dato,0,1,0.055308,6,2,3,riesgo_bajo,0.968306,1
9,15.35877452201172,9,57,Independiente,14.285514812209815,13.815511557963774,438732,95.227787,799.0,0,0,0,0,0,14.001572610373936,Sin_dato,0,1,0.2742075,6,2,0,riesgo_bajo,0.9607937,1
4,14.127895730756308,12,44,Empleado,14.508658238524095,13.815511557963774,107562,95.227787,816.0,4,6,3,1,0,14.096836975965152,Decreciente,0,0,0.053781,4,2,4,riesgo_bajo,0.967555,1
4,15.692199942219988,12,53,Independiente,16.118095750958314,14.914123179965662,453600,95.227787,854.0,4,4,2,0,0,13.719579885694309,Estable,0,0,0.04536,1,1,2,riesgo_muy_bajo,0.96194005,1
9,13.555230140778095,9,58,Independiente,15.607270193858982,15.201805169084134,72231,95.227787,820.0,2,3,0,0,2,14.180154365996387,Estable,0,0,0.0120385,5,2,2,riesgo_bajo,0.9649598,1
4,14.389874765597156,24,29,Empleado,14.285514812209815,12.206077645517674,79138,47.613894,789.0,1,2,0,0,0,13.81490337366519,Decreciente,0,0,0.04946125,5,2,0,riesgo_bajo,0.7420433,0
4,15.038109120877406,24,42,Independiente,16.012735246411598,14.508658238524095,153037,95.227787,806.0,16,14,10,0,1,14.220976332738882,Estable,0,0,0.017004111111111112,6,2,11,riesgo_bajo,0.9656781,1
4,13.710151153416941,6,49,Empleado,13.815511557963774,12.765691290604371,133804,62.667613,738.0,4,1,0,0,4,13.791237332418861,Creciente,0,0,0.133804,5,2,4,riesgo_bajo,0.75932413,0
4,13.614887750244376,6,34,Empleado,15.894952224644102,14.914123179965662,122540,95.227787,769.0,5,5,2,0,3,14.819470350506727,Creciente,0,0,0.0153175,7,3,5,riesgo_bajo,0.9673249,1
4,14.812798987517661,12,46,Empleado,15.2902737959047,14.886066591667763,218238,95.227787,781.0,7,5,6,0,0,14.001572610373936,Sin_dato,0,1,0.04994004576659039,9,3,6,riesgo_bajo,0.96729106,1
4,13.846893908297407,12,40,Independiente,14.508658238524095,12.611541086966115,71658,95.227787,750.0,5,5,2,0,0,13.442947201898663,Decreciente,0,0,0.035829,1,1,2,riesgo_bajo,0.9587281,1
4,14.039837249092463,6,24,Empleado,15.520258832020865,13.122365377402328,185752,95.227787,740.0,2,3,1,0,1,13.843262875124813,Creciente,0,0,0.03377309090909091,12,4,2,riesgo_bajo,0.960938,1
4,14.556876787257321,6,50,Empleado,15.856731016694035,14.495066291846996,318612,95.227787,826.0,9,5,6,1,0,15.377174659566867,Creciente,0,0,0.04137818181818182,9,3,7,riesgo_bajo,0.965453,1
4,14.441235597080412,12,33,Empleado,14.914123179965662,12.206077645517674,146421,95.227787,748.0,4,6,3,0,0,14.451676191395373,Creciente,0,0,0.048807,1,1,3,riesgo_bajo,0.9662534,1
9,14.221216303783528,9,40,Empleado,14.914123179965662,13.815511557963774,140456,95.227787,865.0,2,1,1,0,0,15.030027971970275,Creciente,0,0,0.04681866666666667,5,2,1,riesgo_muy_bajo,0.9667382,1
4,13.487007879880162,6,23,Empleado,14.19394767861579,0.0,109666,95.227787,751.0,0,1,0,0,0,14.001572610373936,Sin_dato,0,1,0.07511369863013699,11,4,0,riesgo_bajo,0.95236164,1
4,14.359694165699784,6,27,Empleado,15.201805169084134,13.45883704259595,255475,95.227787,742.0,5,13,3,0,2,14.001572610373936,Sin_dato,0,1,0.06386875,7,3,5,riesgo_bajo,0.95509577,1
9,14.045306016208448,10,64,Empleado,16.378920346281816,14.914123179965662,106727,95.227787,804.0,14,3,8,0,0,14.523614821580212,Estable,0,0,0.008222419106317411,1,1,8,riesgo_bajo,0.96746206,1
4,13.61217085943569,6,65,Independiente,14.220976332738882,12.971542813248437,121610,95.227787,812.0,5,1,0,3,0,14.001572610373936,Sin_dato,0,1,0.08107333333333333,5,2,3,riesgo_bajo,0.96746093,1
9,14.886666480056617,10,40,Empleado,16.118095750958314,15.363073279446223,247815,95.227787,755.0,5,7,3,0,0,14.391818257580049,Creciente,0,0,0.0247815,2,1,3,riesgo_bajo,0.95920515,1
9,14.220304107293979,5,46,Independiente,15.201805169084134,14.508658238524095,243323,95.227787,841.0,13,2,2,0,8,14.322953868151211,Creciente,0,0,0.06083075,5,2,10,riesgo_bajo,0.9657538,1
9,13.620144855002243,9,66,Empleado,14.731801689838349,14.508658238524095,76524,95.227787,658.0,5,2,0,2,3,14.89926805856658,Creciente,0,0,0.0306096,1,1,5,riesgo_medio,0.9605796,1
4,14.33430494661736,12,56,Independiente,14.508658238524095,13.592368256649284,132805,95.227787,833.0,2,3,2,0,0,14.005447212825711,Creciente,0,0,0.0664025,3,1,2,riesgo_bajo,0.96844065,1
4,13.83531416565213,8,65,Empleado,14.914123179965662,13.710151153416941,116534,95.227787,901.0,6,2,3,1,0,14.99461622197076,Creciente,0,0,0.038844666666666666,4,2,4,riesgo_muy_bajo,0.96794355,1
4,15.607270193858982,24,57,Empleado,15.201805169084134,13.815511557963774,263504,95.227787,838.0,1,5,1,0,0,15.20305988128958,Creciente,0,0,0.065876,3,1,1,riesgo_bajo,0.96203905,1
4,14.374851679610936,18,48,Empleado,14.526006868259204,13.815511557963774,97691,95.227787,881.0,2,2,1,1,0,14.58187613655275,Creciente,0,0,0.048005405405405405,3,1,2,riesgo_muy_bajo,0.96740013,1
4,14.437956801981482,12,33,Empleado,14.557448378884015,11.918397239722838,129408,90.562453,746.0,5,6,2,1,2,14.635204042117426,Creciente,0,0,0.061622857142857146,1,1,5,riesgo_bajo,0.96759516,1
4,14.541003043208821,12,40,Empleado,14.648420115681892,13.815511557963774,163280,95.227787,748.0,6,9,2,3,1,14.234386010768688,Creciente,0,0,0.07099130434782609,3,1,6,riesgo_bajo,0.96621376,1
4,13.720127875531697,8,65,Empleado,15.46416937585933,14.648420115681892,102952,95.227787,739.0,16,2,12,0,0,12.333291027973042,Creciente,0,0,0.01979846153846154,12,4,12,riesgo_bajo,0.9566329,1
4,15.389860214868124,6,64,Empleado,14.914123179965662,13.815511557963774,716998,95.227787,883.0,2,2,1,0,0,13.955273369904273,Creciente,0,0,0.23899933333333334,2,1,1,riesgo_muy_bajo,0.9606584,1
4,13.21476205015514,6,26,Empleado,14.648420115681892,13.815511557963774,82634,95.227787,718.0,4,2,2,0,0,13.73406186235276,Decreciente,0,0,0.03592782608695652,7,3,2,riesgo_bajo,0.9640955,1
4,13.078809738672238,6,32,Empleado,14.731801689838349,13.592368256649284,72130,95.227787,686.0,8,9,2,1,5,14.660475842868417,Creciente,0,0,0.028852,7,3,8,riesgo_medio,0.9558481,1
9,13.591968177128143,11,57,Independiente,15.009433329466965,14.151983508870947,62217,91.99794,812.0,2,0,1,0,1,14.001572610373936,Sin_dato,0,1,0.018853636363636364,1,1,2,riesgo_bajo,0.9680829,1
4,14.739769856312924,6,40,Empleado,14.845130332288226,13.217675375388819,377405,95.227787,835.0,4,2,4,0,0,14.001572610373936,Sin_dato,0,1,0.1347875,5,2,4,riesgo_bajo,0.96839863,1
4,15.569989843326939,6,29,Empleado,14.99693126466224,14.299787462639484,887654,95.227787,706.0,10,3,5,0,4,14.69437726567241,Creciente,0,0,0.2723700521632403,2,1,9,riesgo_bajo,0.93970823,1
4,14.260197020251155,6,31,Empleado,14.508658238524095,13.122365377402328,232071,95.227787,748.0,2,2,1,0,0,14.798721721972365,Creciente,0,0,0.1160355,2,1,1,riesgo_bajo,0.9633934,1
9,14.780149680249727,10,31,Empleado,15.068273812173887,13.997832948091215,223946,95.227787,740.0,6,8,3,0,1,14.001572610373936,Sin_dato,0,1,0.06398457142857143,7,3,4,riesgo_bajo,0.9591542,1
4,14.89799380345583,6,42,Independiente,15.424948670398354,14.220976332738882,438153,89.979287,749.0,7,4,2,0,2,10.387373130123768,Creciente,0,0,0.0876306,12,4,4,riesgo_bajo,0.95376354,1
4,13.238546912318935,6,54,Independiente,15.150511887854474,14.508658238524095,84115,95.227787,812.0,4,4,1,1,0,13.760675208425667,Creciente,0,0,0.022135526315789474,5,2,2,riesgo_bajo,0.96649945,1
4,14.469709508244108,12,39,Empleado,14.648420115681892,13.122365377402328,151114,95.227787,790.0,0,1,0,0,0,13.736220566928477,Creciente,0,0,0.06570173913043478,3,1,0,riesgo_bajo,0.96449417,1
4,15.26082849520479,6,42,Independiente,14.910784279814974,15.213733736984981,640883,95.227787,769.0,10,2,6,0,1,13.79237702937058,Sin_dato,0,0,0.21434214046822742,8,3,7,riesgo_bajo,0.96606666,1
9,14.288261036163805,2,51,Independiente,15.201805169084134,14.508658238524095,633160,95.227787,828.0,13,3,7,2,2,13.997832948091215,Estable,0,0,0.15829,6,2,11,riesgo_bajo,0.96421623,1
9,15.198804472242175,10,57,Empleado,15.184150238298338,14.202812374331163,343055,95.227787,902.0,6,2,4,0,0,14.219235486170621,Decreciente,0,0,0.08729134860050891,9,3,4,riesgo_muy_bajo,0.9667584,1
4,14.904153652267967,36,57,Empleado,14.220976332738882,12.429220196836383,101980,95.227787,752.0,4,5,3,1,0,13.819877011117475,Creciente,0,0,0.06798666666666667,6,2,4,riesgo_bajo,0.9201433,1
9,14.410050920775321,10,53,Independiente,15.319588176962746,14.508658238524095,154106,95.227787,868.0,7,3,4,0,1,14.001572610373936,Sin_dato,0,1,0.03424577777777778,5,2,5,riesgo_muy_bajo,0.96614045,1
4,13.723396365547096,10,58,Empleado,13.815511557963774,13.45883704259595,84299,95.227787,757.0,6,4,1,0,5,13.719579885694309,Creciente,0,0,0.084299,12,4,6,riesgo_bajo,0.96182483,1
4,14.373525636876881,12,53,Empleado,14.220976332738882,13.45883704259595,137438,95.227787,831.0,8,2,3,0,3,14.050439586902456,Creciente,0,0,0.09162533333333334,3,1,6,riesgo_bajo,0.9691519,1
4,15.702580358511794,24,43,Empleado,15.068273812173887,12.899222326086994,229167,89.629386,743.0,8,15,5,0,1,14.070541073033958,Decreciente,0,0,0.06547628571428571,2,1,6,riesgo_bajo,0.94781274,1
4,15.200714875202138,24,64,Independiente,14.508658238524095,13.592368256649284,175611,95.227787,806.0,4,4,1,0,0,13.752589927335745,Creciente,0,0,0.0878055,4,2,1,riesgo_bajo,0.9424955,1
9,15.155852232963635,10,25,Empleado,14.648420115681892,14.077875591662238,324024,95.227787,725.0,5,4,4,0,0,14.98591096333438,Creciente,0,0,0.14088,2,1,4,riesgo_bajo,0.9573027,1
4,14.360668620560741,24,55,Independiente,13.997832948091215,12.371591321286905,76847,95.227787,806.0,3,4,1,0,1,14.001572610373936,Sin_dato,0,1,0.06403916666666666,4,2,2,riesgo_bajo,0.91006273,1
4,13.847242724892212,18,61,Independiente,14.868079257171056,13.976779556623864,56924,95.227787,756.0,10,2,2,0,3,14.001572610373936,Sin_dato,0,1,0.019868760907504363,1,1,5,riesgo_bajo,0.9647513,1
9,14.749830973850056,10,31,Empleado,14.45472992420301,13.527829818844937,216123,95.227787,833.0,2,2,1,0,1,15.332889758837409,Decreciente,0,0,0.11404907651715039,2,1,2,riesgo_bajo,0.9671997,1
4,14.578762458345336,12,64,Empleado,14.914123179965662,13.122365377402328,148975,95.227787,849.0,6,5,6,0,0,13.980273866957086,Creciente,0,0,0.04965833333333333,1,1,6,riesgo_bajo,0.9674118,1
4,14.984395210331066,12,50,Empleado,14.731801689838349,12.429220196836383,253584,95.227787,791.0,4,5,3,0,0,13.804641705399165,Estable,0,0,0.1014336,2,1,3,riesgo_bajo,0.96490175,1
9,15.060060059527547,11,30,Empleado,15.856731016694035,15.176487367510099,270082,95.227787,808.0,12,12,8,0,3,15.4769439681834,Creciente,0,0,0.035075584415584414,2,1,11,riesgo_bajo,0.9547582,1
4,13.130333531178522,6,22,Independiente,15.201805169084134,11.51293546492023,75945,95.227787,736.0,5,11,1,2,2,14.001572610373936,Sin_dato,0,1,0.01898625,7,3,5,riesgo_bajo,0.9254861,1
4,13.157566415112854,6,33,Empleado,14.0225255403564,13.161586013632684,77565,95.227787,781.0,2,7,0,1,1,13.755537598769623,Creciente,0,0,0.0630609756097561,5,2,2,riesgo_bajo,0.95941275,1
4,14.03705362919324,12,49,Empleado,15.29711532616119,12.945628585536271,102321,95.227787,862.0,12,3,8,0,1,14.001572610373936,Sin_dato,0,1,0.023254772727272728,9,3,9,riesgo_muy_bajo,0.9684341,1
4,14.78894586802711,6,42,Empleado,14.978661680269907,13.122365377402328,393403,95.227787,838.0,4,2,3,0,0,14.936101862046804,Creciente,0,0,0.1229384375,3,1,3,riesgo_bajo,0.9678946,1
4,14.436087583323648,6,56,Empleado,14.731801689838349,14.403297778421795,275757,95.227787,792.0,1,3,0,0,0,14.001572610373936,Sin_dato,0,1,0.1103028,12,4,0,riesgo_bajo,0.9618673,1
4,14.885723715046154,24,27,Empleado,14.731801689838349,12.899222326086994,127460,55.973342,714.0,5,4,1,0,4,14.48760466975186,Creciente,0,0,0.050984,1,1,5,riesgo_bajo,0.7622212,0
9,14.962184682142814,10,42,Empleado,15.068273812173887,14.508658238524095,267254,95.227787,822.0,8,4,5,0,1,15.774296457626967,Decreciente,0,0,0.07635828571428571,3,1,6,riesgo_bajo,0.9627251,1
4,14.585619242623203,6,48,Empleado,13.910821646859095,12.899222326086994,323490,81.231786,740.0,14,3,7,0,4,13.755537598769623,Creciente,0,0,0.29408181818181817,5,2,11,riesgo_bajo,0.9626425,1
4,14.324615301865522,6,44,Empleado,14.790070575320824,14.358997544689737,250038,95.227787,797.0,8,4,2,0,3,15.532435842692292,Creciente,0,0,0.09435396226415094,9,3,5,riesgo_bajo,0.96701235,1
4,14.037918638886428,12,47,Empleado,13.815511557963774,12.899222326086994,98255,95.227787,781.0,5,4,1,2,2,14.009729393961328,Decreciente,0,0,0.098255,2,1,5,riesgo_bajo,0.9662824,1
4,13.677627998442286,6,38,Empleado,14.508658238524095,13.592368256649284,129566,95.227787,801.0,2,2,0,0,1,14.001572610373936,Sin_dato,0,1,0.064783,6,2,1,riesgo_bajo,0.96711874,1
4,15.896513455094055,12,28,Independiente,17.034386422832473,15.894952224644102,630539,95.227787,730.0,14,7,10,0,1,14.001572610373936,Sin_dato,0,1,0.02522156,4,2,11,riesgo_bajo,0.92673737,1
9,13.788368111981097,10,48,Empleado,14.260197020251155,13.370786295963992,85385,47.613894,834.0,4,3,1,0,2,13.592368256649284,Decreciente,0,0,0.05473397435897436,11,4,3,riesgo_bajo,0.7491074,0
4,14.690979711984754,6,62,Empleado,15.068273812173887,12.765691290604371,333333,95.227787,844.0,3,2,3,0,0,13.727934294183411,Creciente,0,0,0.095238,1,1,3,riesgo_bajo,0.9645162,1
4,15.944313648161458,36,41,Empleado,15.201805169084134,13.304686600863562,272644,95.227787,722.0,9,6,1,4,3,14.080257366533516,Creciente,0,0,0.068161,3,1,8,riesgo_bajo,0.9550017,1
4,14.986056022296324,12,28,Independiente,15.201805169084134,14.508658238524095,252114,65.923631,728.0,5,6,1,0,1,14.20805589746628,Decreciente,0,0,0.0630285,12,4,2,riesgo_bajo,0.9574012,1
4,15.109769177450987,30,26,Empleado,14.639686439527019,12.211065162153215,148176,95.227787,705.0,4,13,2,0,1,13.950176931254495,Creciente,0,0,0.06498947368421053,11,4,3,riesgo_bajo,0.9340461,1
9,15.27775901823915,3,64,Independiente,16.07518825433117,15.595872150817154,1154006,95.227787,791.0,10,3,8,0,1,13.79237702937058,Creciente,0,0,0.12045991649269311,10,4,9,riesgo_bajo,0.9589702,1
4,13.199326270390594,6,32,Empleado,14.910784279814974,13.267330877756825,81838,95.227787,729.0,8,8,6,0,1,14.13682492084418,Creciente,0,0,0.02737056856187291,8,3,7,riesgo_bajo,0.95833004,1
4,14.33280382138529,12,31,Independiente,14.731801689838349,13.592368256649284,131954,95.227787,765.0,3,4,2,1,0,12.830689347683009,Creciente,0,0,0.0527816,3,1,3,riesgo_bajo,0.96182317,1
4,14.639686439527019,24,29,Empleado,15.664648287234701,14.190517145872716,105646,95.227787,817.0,7,3,2,0,1,15.664648287234701,Decreciente,0,0,0.016625810056973687,8,3,3,riesgo_bajo,0.96046793,1
4,13.799260233761819,10,24,Empleado,14.077875591662238,13.304686600863562,90948,95.227787,775.0,6,12,4,0,0,14.001572610373936,Sin_dato,0,1,0.06996,12,4,4,riesgo_bajo,0.95698345,1
4,13.720761320802204,6,63,Independiente,15.068273812173887,13.710151153416941,135772,95.227787,869.0,4,6,3,0,1,14.001572610373936,Sin_dato,0,1,0.038792,5,2,4,riesgo_muy_bajo,0.96228117,1
4,14.767940722256697,6,35,Independiente,14.914123179965662,0.0,386897,95.227787,829.0,7,14,4,0,0,14.001572610373936,Sin_dato,0,1,0.12896566666666667,5,2,4,riesgo_bajo,0.9518434,1
9,13.305566212425195,9,37,Independiente,15.363073279446223,15.201805169084134,56165,91.728786,793.0,8,3,4,2,1,15.37899646484378,Creciente,0,0,0.01195,4,2,7,riesgo_bajo,0.96656525,1
4,14.670317724235376,8,68,Empleado,14.731801689838349,13.017005083966255,266285,95.227787,871.0,9,4,5,0,2,14.713545665316166,Creciente,0,0,0.106514,8,3,7,riesgo_muy_bajo,0.9618376,1
4,13.420387288218626,6,22,Empleado,14.45736497045232,13.017005083966255,99874,95.227787,687.0,4,1,1,0,2,14.001572610373936,Sin_dato,0,1,0.05256526315789474,8,3,3,riesgo_medio,0.95677316,1
4,14.352530690300267,6,33,Empleado,15.38412668421143,13.815511557963774,254462,95.227787,761.0,5,2,5,0,0,15.409932492794033,Creciente,0,0,0.053012916666666667,6,2,5,riesgo_bajo,0.9685661,1
4,15.191754835755884,36,39,Independiente,14.671626991611104,12.807655372286902,151185,95.227787,752.0,5,6,1,0,4,13.815511557963774,Estable,0,0,0.06422472387425658,12,4,5,riesgo_bajo,0.92624253,1
4,15.971913256520972,6,64,Empleado,15.417722626757058,13.989464705423494,1318169,95.227787,877.0,6,3,5,0,0,14.85722122334833,Estable,0,0,0.2655457292506044,12,4,5,riesgo_muy_bajo,0.9610747,1
4,13.199326270390594,8,45,Empleado,14.278616074845276,12.487488878546145,64786,95.227787,752.0,3,2,1,0,2,13.812171991146863,Decreciente,0,0,0.04077155443675268,2,1,3,riesgo_bajo,0.96567166,1
4,14.670777013170632,6,60,Empleado,14.508658238524095,13.304686600863562,349911,95.227787,856.0,6,3,4,0,1,14.550027582947308,Creciente,0,0,0.1749555,2,1,5,riesgo_muy_bajo,0.9651359,1
9,16.235945866580302,10,53,Independiente,14.452087916136215,0.0,1002428,95.227787,866.0,2,3,1,0,0,14.001572610373936,Sin_dato,0,1,0.5303851851851852,1,1,1,riesgo_muy_bajo,0.94822115,1
4,15.022080287359454,6,25,Empleado,14.285514812209815,11.51293546492023,495699,95.227787,759.0,2,3,0,0,0,14.265827928142786,Creciente,0,0,0.309811875,1,1,0,riesgo_bajo,0.95239216,1
4,13.682985515941937,6,39,Empleado,14.731801689838349,13.815511557963774,121650,95.227787,784.0,5,3,1,0,3,14.724366520306113,Creciente,0,0,0.04866,1,1,4,riesgo_bajo,0.9676472,1
9,15.43291683846023,12,35,Empleado,16.454567959008102,15.894952224644102,350000,95.227787,756.0,16,7,10,0,2,16.060193301643455,Creciente,0,0,0.025,5,2,12,riesgo_bajo,0.9601807,1
4,14.313300181090934,12,43,Empleado,14.45736497045232,11.918397239722838,114242,95.227787,758.0,1,6,0,0,0,13.43189744634821,Decreciente,0,0,0.06012736842105263,1,1,0,riesgo_bajo,0.95915174,1
9,13.728729481726118,10,42,Empleado,14.220976332738882,13.592368256649284,77765,82.308401,726.0,7,1,3,0,3,14.001572610373936,Sin_dato,0,1,0.05184333333333333,1,1,6,riesgo_bajo,0.9645922,1
4,14.713523667131424,18,31,Empleado,13.889381644920055,11.91170829631447,140644,95.227787,793.0,2,6,1,0,0,10.414363175052161,Creciente,0,0,0.1306290617247487,8,3,1,riesgo_bajo,0.9623747,1
4,14.679918769259638,10,30,Empleado,14.603968372873895,11.51293546492023,219411,95.227787,821.0,4,2,2,0,1,14.557448378884015,Decreciente,0,0,0.09973227272727272,2,1,3,riesgo_bajo,0.9668386,1
4,14.351934335414027,12,42,Empleado,15.201805169084134,13.122365377402328,118742,95.227787,801.0,2,7,0,0,0,13.719579885694309,Creciente,0,0,0.0296855,1,1,0,riesgo_bajo,0.958812,1
4,14.523152677479597,24,22,Empleado,14.731801689838349,11.51293546492023,90421,16.693413,704.0,1,4,0,0,0,13.692327719578872,Creciente,0,0,0.0361684,5,2,0,riesgo_bajo,0.7086844,0
4,14.983611906108823,6,43,Empleado,15.068273812173887,13.910821646859095,478080,95.227787,796.0,8,4,4,0,0,14.001572610373936,Sin_dato,0,1,0.13659428571428572,4,2,4,riesgo_bajo,0.9628177,1
4,14.679918769259638,18,37,Independiente,13.997832948091215,13.122365377402328,131126,95.227787,821.0,5,2,1,0,4,14.001572610373936,Sin_dato,0,1,0.10927166666666667,2,1,5,riesgo_bajo,0.9676865,1
4,15.09987512288384,8,35,Independiente,15.894952224644102,14.508658238524095,408814,95.227787,800.0,3,1,1,2,0,14.001572610373936,Sin_dato,0,1,0.05110175,2,1,3,riesgo_bajo,0.9539034,1
4,14.914123179965662,36,37,Empleado,15.362647657057508,13.597355791941425,114534,95.227787,876.0,1,1,1,0,0,15.034451971584131,Decreciente,0,0,0.024379310344827588,1,1,1,riesgo_muy_bajo,0.9602827,1
6,15.000268187609949,36,23,Empleado,14.220976332738882,0.0,107223,95.227787,773.0,1,5,1,0,0,13.632568008394212,Creciente,0,0,0.071482,1,1,1,riesgo_bajo,0.90556246,0
9,14.053740534718278,2,51,Independiente,15.424948670398354,14.508658238524095,500578,95.227787,726.0,10,2,1,1,5,14.001572610373936,Sin_dato,0,1,0.1001156,4,2,7,riesgo_bajo,0.9606083,1
4,14.34120962169512,12,26,Empleado,14.285514812209815,13.45883704259595,132892,95.227787,762.0,5,2,4,0,0,14.13578227191378,Creciente,0,0,0.0830575,2,1,4,riesgo_bajo,0.96854633,1
4,14.681414111119844,6,66,Empleado,14.914123179965662,14.220976332738882,352460,95.227787,838.0,6,3,4,0,1,14.152552632197192,Estable,0,0,0.11748666666666667,1,1,5,riesgo_bajo,0.9605732,1
4,14.260197020251155,6,43,Empleado,14.346139397261565,12.611541086966115,232475,95.227787,710.0,4,8,0,0,4,13.727934294183411,Creciente,0,0,0.13675,4,2,4,riesgo_bajo,0.95814484,1
4,14.51662640420502,12,35,Empleado,15.201805169084134,12.206077645517674,161882,95.227787,710.0,10,10,6,0,2,14.868270861783484,Creciente,0,0,0.0404705,5,2,8,riesgo_bajo,0.9657937,1
9,14.491144981472866,10,57,Empleado,14.603968372873895,13.815511557963774,167123,95.227787,832.0,0,0,0,0,0,14.508658238524095,Estable,0,0,0.075965,4,2,0,riesgo_bajo,0.96635956,1
9,13.94331556107178,10,24,Empleado,14.765623225011467,13.504902345124338,100727,95.227787,724.0,4,19,1,0,3,13.815511557963774,Estable,0,0,0.03895088940448569,12,4,4,riesgo_bajo,0.95333445,1
4,15.022295703947544,6,55,Empleado,15.607270193858982,15.068273812173887,464267,95.227787,865.0,3,3,2,0,0,14.584847185762028,Sin_dato,0,0,0.07737783333333334,1,1,2,riesgo_muy_bajo,0.962172,1
4,15.399163065928398,12,27,Empleado,15.424948670398354,14.220976332738882,382320,95.227787,709.0,11,18,5,0,2,14.11396935238727,Creciente,0,0,0.076464,12,4,7,riesgo_bajo,0.9367804,1
4,13.903412454989876,6,55,Empleado,14.463217806056113,12.923914877701906,164348,95.227787,695.0,7,5,5,0,0,14.556197120792,Creciente,0,0,0.08599416163959663,8,3,5,riesgo_medio,0.96439093,1
4,14.56915105760318,24,25,Empleado,14.774861162440565,12.380030154325457,99547,95.227787,791.0,4,2,2,0,0,13.741310581578293,Creciente,0,0,0.038140613026819925,10,4,2,riesgo_bajo,0.9662752,1
4,13.858571005278668,12,40,Empleado,14.187074804051692,13.122365377402328,81919,95.227787,737.0,5,5,0,0,5,13.719579885694309,Estable,0,0,0.056495862068965515,11,4,5,riesgo_bajo,0.96232176,1
4,13.774689605110144,6,45,Empleado,15.404745967162468,14.220976332738882,143071,95.227787,723.0,7,11,4,0,1,14.001572610373936,Sin_dato,0,1,0.029198163265306123,5,2,5,riesgo_bajo,0.93886095,1
4,14.527548675847559,6,55,Independiente,14.707509007105367,9.105090961257085,305240,95.227787,825.0,3,3,2,0,0,14.001572610373936,Sin_dato,0,1,0.1250983606557377,8,3,2,riesgo_bajo,0.9672241,1
9,14.424518342537075,10,56,Independiente,16.164979332277014,15.05966544010744,159399,95.227787,843.0,11,4,8,0,1,14.453142385884338,Creciente,0,0,0.015209828244274809,10,4,9,riesgo_bajo,0.9668755,1
4,14.935323646356588,6,68,Independiente,13.815511557963774,16.702881205920505,461231,95.227787,814.0,11,8,6,3,0,13.784545036757393,Creciente,0,0,0.461231,8,3,9,riesgo_bajo,0.9572139,1
4,14.720538502090381,12,26,Independiente,14.21547724408419,13.043322334563697,200216,95.227787,765.0,5,6,3,0,1,13.011507791464522,Creciente,0,0,0.13421335939626244,8,3,4,riesgo_bajo,0.96195626,1
4,15.029521115064545,12,58,Empleado,15.607270193858982,14.508658238524095,233817,95.227787,853.0,8,2,3,0,0,15.60658746096366,Creciente,0,0,0.0389695,1,1,3,riesgo_muy_bajo,0.96390027,1
4,14.202404959650043,12,44,Empleado,14.403297778421795,12.206077645517674,115678,95.227787,790.0,0,2,0,0,0,14.43565899710041,Creciente,0,0,0.06426555555555556,3,1,0,riesgo_bajo,0.9665483,1
4,13.997832948091215,24,42,Empleado,13.910821646859095,13.122365377402328,52500,95.227787,772.0,2,2,2,0,0,13.600195037512005,Creciente,0,0,0.04772727272727273,11,4,2,riesgo_bajo,0.9647949,1
4,15.34374730864261,12,46,Empleado,15.607270193858982,13.997832948091215,365468,95.227787,806.0,3,10,1,0,1,13.815511557963774,Creciente,0,0,0.06091133333333333,6,2,2,riesgo_bajo,0.95783347,1
4,14.93821462835353,24,34,Empleado,15.46416937585933,12.952762962683588,133830,95.227787,779.0,5,4,3,0,1,14.310102526071383,Decreciente,0,0,0.02573653846153846,11,4,4,riesgo_bajo,0.955394,1
4,13.977630257780485,18,55,Independiente,14.220976332738882,12.611541086966115,65024,95.227787,740.0,2,0,0,0,2,14.001572610373936,Sin_dato,0,1,0.04334933333333333,12,4,2,riesgo_bajo,0.96469116,1
4,14.396608793999556,12,27,Empleado,14.914123179965662,13.815511557963774,140706,95.227787,779.0,12,17,9,0,1,13.6688997153242,Creciente,0,0,0.046902,4,2,10,riesgo_bajo,0.955076,1
4,15.028879381125012,6,45,Empleado,15.607270193858982,14.508658238524095,499765,95.227787,771.0,8,4,3,1,0,15.433861035235843,Creciente,0,0,0.08329416666666667,3,1,4,riesgo_bajo,0.96157366,1
4,14.343102557216667,6,49,Independiente,16.118095750958314,15.424948670398354,253849,95.227787,856.0,9,1,5,3,0,13.842803688713332,Creciente,0,0,0.0253849,7,3,8,riesgo_muy_bajo,0.9658513,1
4,13.869999690217593,10,22,Empleado,13.997832948091215,12.611541086966115,98472,91.410695,704.0,2,5,0,0,1,13.155155780869151,Creciente,0,0,0.08206,4,2,1,riesgo_bajo,0.9468096,1
4,15.623537163633625,36,37,Empleado,15.607270193858982,14.914123179965662,205841,95.227787,744.0,7,9,3,0,2,14.403297778421795,Creciente,0,0,0.034306833333333335,5,2,5,riesgo_bajo,0.95339197,1
4,15.776168704419899,8,43,Independiente,16.300417291085605,15.319588176962746,803964,84.730786,815.0,4,4,1,0,1,13.719579885694309,Estable,0,0,0.066997,1,1,2,riesgo_bajo,0.9558785,1
9,14.73981223635044,10,41,Empleado,14.731801689838349,13.997832948091215,213968,95.227787,754.0,3,6,1,0,2,14.686126707200517,Creciente,0,0,0.0855872,3,1,3,riesgo_bajo,0.9641452,1
4,14.98722490826581,12,45,Empleado,14.731801689838349,13.304686600863562,224133,95.227787,854.0,3,9,3,0,0,13.719579885694309,Estable,0,0,0.0896532,12,4,3,riesgo_muy_bajo,0.9619998,1
4,14.32828687788478,6,62,Empleado,14.648420115681892,13.122365377402328,248353,95.227787,879.0,5,2,3,0,1,14.689367580536729,Decreciente,0,0,0.1079795652173913,6,2,4,riesgo_muy_bajo,0.96771526,1
4,14.386490669521603,12,29,Empleado,13.815511557963774,11.51293546492023,138962,95.227787,747.0,5,2,2,1,1,14.066606184532054,Creciente,0,0,0.138962,12,4,4,riesgo_bajo,0.9676481,1
4,14.33430494661736,6,44,Independiente,15.039286283703994,14.220976332738882,250767,95.227787,834.0,4,2,1,0,1,14.220976332738882,Estable,0,0,0.073755,4,2,2,riesgo_bajo,0.9678917,1
4,14.580550866864067,6,56,Empleado,13.910821646859095,12.206077645517674,318979,95.227787,778.0,9,1,2,0,3,13.059223344592613,Estable,0,0,0.28998090909090907,12,4,5,riesgo_bajo,0.95800185,1
4,14.423590470529456,18,47,Empleado,14.648420115681892,13.122365377402328,102030,95.227787,791.0,2,4,1,1,0,14.145507589909275,Creciente,0,0,0.04436086956521739,5,2,2,riesgo_bajo,0.96793336,1
4,14.403297778421795,24,48,Empleado,14.60850352598252,0.0,87606,81.231786,877.0,1,1,1,0,0,13.807160795517825,Creciente,0,0,0.03964072398190045,11,4,1,riesgo_muy_bajo,0.95018107,1
4,16.21703568939293,6,52,Independiente,16.52356082573315,15.424948670398354,1635622,95.227787,833.0,9,6,6,0,0,14.603968372873895,Estable,0,0,0.10904146666666667,12,4,6,riesgo_bajo,0.96268445,1
4,15.070870437280222,6,39,Empleado,14.78059183496017,13.592368256649284,520294,95.227787,842.0,3,3,3,0,0,14.649506481422037,Creciente,0,0,0.1982072380952381,1,1,3,riesgo_bajo,0.96590924,1
4,14.464643675603462,12,50,Empleado,14.778685257416596,14.015181572093326,157388,95.227787,823.0,7,5,3,0,3,14.001572610373936,Sin_dato,0,1,0.06007175572519084,10,4,6,riesgo_bajo,0.96674746,1
4,14.585063532946824,24,45,Empleado,15.219123827247111,14.02089820202114,100030,95.227787,741.0,2,5,2,0,0,15.304181662718314,Decreciente,0,0,0.024578132317479788,7,3,2,riesgo_bajo,0.9635878,1
4,15.851627105440398,6,46,Independiente,16.454567959008102,15.76142084987672,1138555,95.227787,787.0,5,6,3,0,2,13.416029509603252,Creciente,0,0,0.08132535714285714,3,1,5,riesgo_bajo,0.95420057,1
9,15.228023634879117,2,52,Independiente,15.317363482435562,14.176676104039727,1644056,95.227787,892.0,9,1,7,0,0,14.001572610373936,Sin_dato,0,1,0.3661594654788419,3,1,7,riesgo_muy_bajo,0.9586937,1
4,15.603262173130787,6,52,Independiente,16.906553056777135,16.118095750958314,890615,95.227787,887.0,9,9,7,0,1,13.755537598769623,Creciente,0,0,0.0404825,4,2,8,riesgo_muy_bajo,0.9549566,1
9,14.053740534718278,8,25,Independiente,15.424948670398354,14.508658238524095,132239,65.923631,717.0,8,7,4,0,2,13.737719812718867,Creciente,0,0,0.0264478,3,1,6,riesgo_bajo,0.95978814,1
4,14.746749723202974,36,29,Empleado,15.341567078850604,13.815511557963774,82169,95.227787,789.0,5,9,4,0,0,15.116087704305249,Creciente,0,0,0.01786282608695652,12,4,4,riesgo_bajo,0.9696769,1
9,14.59251540612936,11,41,Empleado,15.763276270111366,14.337870010663572,177530,95.227787,839.0,6,1,2,1,0,14.23422155071698,Estable,0,0,0.02531441608441466,1,1,3,riesgo_bajo,0.9670058,1
4,13.625028998722408,6,23,Empleado,14.220976332738882,10.518700218288165,124413,95.227787,752.0,2,5,0,0,0,12.857358228870192,Creciente,0,0,0.082942,7,3,0,riesgo_bajo,0.95170265,1
9,14.007882275611715,5,41,Empleado,15.76142084987672,15.424948670398354,196585,95.227787,844.0,10,3,5,0,3,11.416998094743072,Creciente,0,0,0.02808357142857143,3,1,8,riesgo_bajo,0.96422386,1
4,15.955388586117142,36,31,Empleado,14.731801689838349,12.206077645517674,280166,95.227787,755.0,6,6,2,1,2,14.300466837062192,Creciente,0,0,0.1120664,5,2,5,riesgo_bajo,0.92905307,1
4,14.446293385502667,12,57,Empleado,14.731801689838349,13.45883704259595,147435,95.227787,829.0,6,2,5,0,0,14.001572610373936,Sin_dato,0,1,0.058974,12,4,5,riesgo_bajo,0.96888006,1
4,16.050886922655245,10,57,Independiente,16.323808241949553,16.278427275046788,915753,95.227787,874.0,14,4,9,0,2,14.914123179965662,Estable,0,0,0.07454843699120807,3,1,11,riesgo_muy_bajo,0.95782125,1
4,14.90120003901084,24,35,Independiente,15.068273812173887,13.815511557963774,131248,95.227787,797.0,9,7,4,0,2,14.221449553769924,Decreciente,0,0,0.03749942857142857,5,2,6,riesgo_bajo,0.96020013,1
4,14.392573821048632,12,52,Independiente,14.914123179965662,13.997832948091215,139294,95.227787,844.0,5,2,3,1,1,13.719579885694309,Estable,0,0,0.04643133333333333,1,1,5,riesgo_bajo,0.9683791,1
4,14.22089632959205,12,62,Empleado,14.508658238524095,13.304686600863562,104158,95.227787,836.0,2,0,2,0,0,13.727934294183411,Creciente,0,0,0.052079,1,1,2,riesgo_bajo,0.9672684,1
4,14.44622952245907,10,33,Empleado,14.285514812209815,12.899222326086994,174788,95.227787,776.0,2,0,0,0,0,14.235453028168687,Decreciente,0,0,0.1092425,5,2,0,riesgo_bajo,0.96266854,1
9,15.328659439675766,9,42,Empleado,15.424948670398354,14.508658238524095,424091,95.227787,823.0,3,2,1,1,0,10.387373130123768,Decreciente,0,0,0.0848182,1,1,2,riesgo_bajo,0.9555644,1
9,14.79350106053394,9,46,Empleado,14.914123179965662,13.997832948091215,249170,95.227787,844.0,7,3,2,0,0,14.001572610373936,Sin_dato,0,1,0.08305666666666667,5,2,2,riesgo_bajo,0.9683994,1
4,13.103456564746377,6,43,Independiente,14.220976332738882,13.304686600863562,73479,89.979287,743.0,6,6,0,1,5,14.001572610373936,Sin_dato,0,1,0.048986,4,2,6,riesgo_bajo,0.95768934,1
4,14.575568911446094,12,54,Empleado,15.319588176962746,13.997832948091215,167793,95.227787,857.0,11,2,7,0,3,13.043073386368532,Creciente,0,0,0.03728733333333333,2,1,10,riesgo_muy_bajo,0.9670523,1
4,14.881029588888785,6,42,Independiente,13.815511557963774,13.706812255867513,434705,95.227787,705.0,7,4,3,0,3,13.787684992799166,Creciente,0,0,0.434705,8,3,6,riesgo_bajo,0.9632789,1
9,14.157961600140121,9,57,Empleado,14.573977673028827,13.081543466215237,133237,95.227787,772.0,9,2,2,2,3,14.136852477883627,Creciente,0,0,0.062406088992974236,9,3,7,riesgo_bajo,0.9677701,1
4,14.920065885076308,12,42,Empleado,15.64006001130563,14.508658238524095,236803,95.227787,718.0,7,8,3,0,0,15.649335408386893,Creciente,0,0,0.03819403225806452,12,4,3,riesgo_bajo,0.9650662,1
4,13.388843774348222,6,57,Empleado,14.508658238524095,0.0,90650,95.227787,841.0,5,0,3,0,1,13.727934294183411,Creciente,0,0,0.045325,1,1,4,riesgo_bajo,0.96775156,1
4,14.78624439834898,12,54,Empleado,15.607270193858982,0.0,207744,95.227787,759.0,8,0,2,0,0,13.931515124192133,Estable,0,0,0.034624,4,2,2,riesgo_bajo,0.96721977,1
4,13.997832948091215,6,27,Empleado,14.699278511355924,13.398480330934175,180640,95.227787,755.0,4,5,1,2,0,14.299619241570722,Creciente,0,0,0.07464462809917355,8,3,3,riesgo_bajo,0.9633969,1
4,15.224224951318858,24,29,Empleado,14.45736497045232,12.765691290604371,179214,95.227787,726.0,3,5,2,0,0,13.854571642993049,Creciente,0,0,0.09432315789473684,4,2,2,riesgo_bajo,0.9310162,1
4,14.560814135331693,12,25,Empleado,14.508658238524095,13.45883704259595,146325,95.227787,793.0,5,2,3,0,0,12.02375908870422,Creciente,0,0,0.0731625,1,1,3,riesgo_bajo,0.9676009,1
9,14.689023801251997,10,37,Empleado,14.731801689838349,13.815511557963774,203906,95.227787,737.0,20,9,5,0,10,14.371447014023449,Creciente,0,0,0.0815624,5,2,15,riesgo_bajo,0.95758957,1
4,14.24312912277387,12,64,Empleado,14.508658238524095,13.122365377402328,120386,95.227787,800.0,8,9,3,0,4,13.719579885694309,Estable,0,0,0.060193,12,4,7,riesgo_bajo,0.9598442,1
4,14.788560001585916,24,38,Empleado,14.108180918195472,13.188152990599754,91875,95.227787,774.0,7,7,4,0,2,14.001572610373936,Sin_dato,0,1,0.06856343283582089,8,3,6,riesgo_bajo,0.96301377,1
9,14.549982294739188,9,55,Empleado,14.914123179965662,14.508658238524095,197911,95.227787,879.0,2,2,1,0,0,13.87378040948403,Estable,0,0,0.06597033333333334,7,3,1,riesgo_muy_bajo,0.9672659,1
4,15.027451829558391,8,39,Empleado,14.557448378884015,13.017005083966255,381426,95.227787,846.0,8,5,5,0,0,14.58304092280361,Creciente,0,0,0.18163142857142858,1,1,5,riesgo_bajo,0.96659476,1
4,14.66591829196359,6,58,Empleado,14.731801689838349,13.815511557963774,347040,95.227787,801.0,3,6,2,0,0,14.858660875372614,Creciente,0,0,0.138816,8,3,2,riesgo_bajo,0.9644813,1
9,14.813981944320277,4,29,Empleado,15.201805169084134,14.508658238524095,544885,95.227787,841.0,0,3,0,0,0,15.181884569859031,Creciente,0,0,0.13622125,1,1,0,riesgo_bajo,0.96118516,1
4,15.309403154179284,36,31,Empleado,14.735793709514262,13.144126826131089,153871,95.227787,783.0,6,5,3,0,2,14.680681033110579,Creciente,0,0,0.06130318725099602,8,3,5,riesgo_bajo,0.9549966,1
4,14.236770928190515,12,43,Empleado,14.375126917328105,13.384729180332174,120808,95.227787,777.0,10,5,5,0,4,14.256730122281995,Creciente,0,0,0.06903314285714286,6,2,9,riesgo_bajo,0.9652668,1
4,15.20974357440891,6,40,Empleado,16.185754392890075,15.193520951576092,606873,95.227787,887.0,7,5,5,0,0,15.827770221247377,Creciente,0,0,0.05671710280373832,8,3,5,riesgo_muy_bajo,0.961277,1
9,14.053740534718278,3,61,Independiente,15.424948670398354,14.508658238524095,336766,95.227787,708.0,11,15,5,2,3,14.001572610373936,Sin_dato,0,1,0.0673532,3,1,10,riesgo_bajo,0.9322109,1
4,14.552579404096724,24,33,Independiente,14.508658238524095,12.206077645517674,94174,95.227787,801.0,8,8,5,1,2,15.004528595108287,Decreciente,0,0,0.047087,7,3,8,riesgo_bajo,0.9633473,1
9,14.567617068629437,10,51,Empleado,14.914123179965662,14.220976332738882,179933,95.227787,822.0,1,2,1,0,0,14.100690252077353,Creciente,0,0,0.059977666666666665,2,1,1,riesgo_bajo,0.9664964,1
4,14.402430736464343,12,52,Empleado,14.403297778421795,11.51293546492023,140941,95.227787,795.0,4,2,3,0,1,14.383887285124244,Creciente,0,0,0.07830055555555555,1,1,4,riesgo_bajo,0.96747845,1
4,14.33423351553731,6,61,Empleado,14.914123179965662,13.304686600863562,249394,95.227787,760.0,9,5,4,1,4,13.782583359038952,Estable,0,0,0.08313133333333333,12,4,9,riesgo_bajo,0.96716577,1
9,15.146580592514573,11,29,Empleado,15.201805169084134,14.731801689838349,294826,95.227787,897.0,4,7,4,0,0,14.913337204763282,Creciente,0,0,0.0737065,2,1,4,riesgo_muy_bajo,0.9635509,1
4,14.30101849682289,6,38,Independiente,14.64406281221155,13.499430382731967,244593,58.597591,754.0,6,3,1,0,1,14.001572610373936,Sin_dato,0,1,0.10680917030567685,7,3,2,riesgo_bajo,0.75764745,0
6,13.875404371629001,6,44,Empleado,15.068273812173887,0.0,159601,95.227787,797.0,5,5,3,0,0,13.713412492501506,Creciente,0,0,0.04560028571428571,6,2,3,riesgo_bajo,0.9578168,0
4,15.040227017269157,6,55,Independiente,16.118095750958314,14.914123179965662,507154,95.227787,777.0,6,5,2,0,2,12.883334316859896,Decreciente,0,0,0.0507154,5,2,4,riesgo_bajo,0.95189434,1
9,13.0003335870366,2,32,Independiente,15.424948670398354,14.508658238524095,174626,95.227787,733.0,4,3,2,1,1,14.213734847839076,Creciente,0,0,0.0349252,5,2,4,riesgo_bajo,0.9554937,1
4,14.884797360503851,12,61,Empleado,13.997832948091215,13.122365377402328,228882,95.227787,880.0,2,1,1,0,0,13.755537598769623,Creciente,0,0,0.190735,4,2,1,riesgo_muy_bajo,0.9601906,1
4,13.987782620655215,12,30,Empleado,14.959733676355723,14.594835893480763,98386,46.387527,732.0,11,11,10,0,1,14.485051285848545,Decreciente,0,0,0.03133312101910828,11,4,11,riesgo_bajo,0.75608903,0
4,15.065028323623213,6,45,Independiente,14.297937324492327,0.0,525160,95.227787,789.0,2,2,2,0,0,14.001572610373936,Sin_dato,0,1,0.3241728395061728,8,3,2,riesgo_bajo,0.9647796,1
4,14.752074786650313,36,32,Empleado,14.0225255403564,12.899222326086994,82219,95.227787,722.0,5,6,1,2,2,14.02937357805945,Creciente,0,0,0.06684471544715447,11,4,5,riesgo_bajo,0.94383687,1
9,14.730830979239322,10,51,Independiente,15.068273812173887,14.508658238524095,211833,95.227787,721.0,7,4,4,0,1,13.662421148124087,Decreciente,0,0,0.060523714285714285,1,1,5,riesgo_bajo,0.9601131,1
4,14.98815398250094,6,58,Empleado,14.959733676355723,14.431777234144919,478945,95.227787,807.0,7,4,3,0,2,14.001572610373936,Sin_dato,0,1,0.15253025477707005,7,3,5,riesgo_bajo,0.96330583,1
4,13.811383051517035,6,57,Empleado,13.815511557963774,12.765691290604371,148050,84.730786,809.0,4,2,2,0,0,13.74666838940678,Creciente,0,0,0.14805,3,1,2,riesgo_bajo,0.96620363,1
10,13.997832948091215,6,48,Empleado,13.815511557963774,12.765691290604371,178838,95.227787,791.0,1,2,0,1,0,13.770815447604951,Creciente,0,0,0.178838,5,2,1,riesgo_bajo,0.96573734,1
9,14.798456444326327,10,61,Independiente,14.914123179965662,14.220976332738882,226297,95.227787,909.0,5,2,0,1,3,14.001572610373936,Sin_dato,0,1,0.07543233333333334,12,4,4,riesgo_muy_bajo,0.96702105,1
4,14.088495910759697,12,33,Empleado,14.648420115681892,12.100717685412471,91242,95.227787,760.0,8,4,3,0,3,14.619562058860486,Estable,0,0,0.0396704347826087,1,1,6,riesgo_bajo,0.9678218,1
4,14.670777013170632,12,43,Independiente,15.150511887854474,14.346139397261565,184768,95.227787,797.0,4,5,4,0,0,14.285514812209815,Estable,0,0,0.04862315789473684,3,1,4,riesgo_bajo,0.9670252,1
4,15.409575103430157,6,33,Independiente,16.300417291085605,15.424948670398354,737395,95.227787,765.0,11,3,7,0,2,13.79237702937058,Creciente,0,0,0.061449583333333335,6,2,9,riesgo_bajo,0.9628157,1
4,15.201044580099726,12,54,Empleado,14.151983508870947,13.304686600863562,313607,95.227787,818.0,2,5,1,0,1,14.319037208918928,Creciente,0,0,0.224005,12,4,2,riesgo_bajo,0.963952,1
4,14.42825050608627,6,29,Empleado,14.077875591662238,12.899222326086994,275035,95.227787,772.0,8,6,2,0,4,13.776642902478798,Creciente,0,0,0.21156538461538463,5,2,6,riesgo_bajo,0.96218437,1
9,14.139590179496917,7,62,Empleado,15.319588176962746,14.914123179965662,163360,95.227787,797.0,6,5,3,1,0,14.001572610373936,Sin_dato,0,1,0.03630222222222222,4,2,4,riesgo_bajo,0.9639478,1
4,14.639581170874742,8,24,Empleado,13.768695641707609,13.184400648021263,261582,95.227787,704.0,6,7,2,0,1,13.719579885694309,Creciente,0,0,0.2879191129367789,7,3,3,riesgo_bajo,0.9558302,1
4,13.998733541684205,6,25,Independiente,14.731801689838349,13.217675375388819,166817,95.227787,786.0,2,5,0,0,2,13.719579885694309,Estable,0,0,0.0667268,1,1,2,riesgo_bajo,0.9452591,1
4,15.09176709295534,6,51,Independiente,16.012735246411598,13.579789490265188,532566,95.227787,799.0,3,2,1,0,1,14.001572610373936,Sin_dato,0,1,0.059174,3,1,2,riesgo_bajo,0.94996256,1
4,14.953343880298434,12,33,Empleado,14.80876270134486,11.51293546492023,245527,95.227787,802.0,0,2,0,0,0,15.540048621447312,Creciente,0,0,0.09093592592592592,1,1,0,riesgo_bajo,0.9636378,1
